t_mono,wall_ts,model,phase,gpu_w,gpu_temp_c,cpu_temp_c,cpu_pct,reasoning_mode
10477.939,,gemma3:1b,idle,18.75,49.0,,,n/a
10478.465,,gemma3:1b,idle,14.54,49.0,,,n/a
10478.987,,gemma3:1b,idle,14.16,49.0,,,n/a
10479.513,,gemma3:1b,idle,13.48,49.0,,,n/a
10480.039,,gemma3:1b,idle,13.40,49.0,,,n/a
10480.563,,gemma3:1b,idle,12.87,49.0,,,n/a
10481.087,,gemma3:1b,idle,12.52,49.0,,,n/a
10481.612,,gemma3:1b,idle,12.50,49.0,,,n/a
10482.151,,gemma3:1b,idle,12.40,49.0,,,n/a
10482.673,,gemma3:1b,idle,12.57,49.0,,,n/a
10483.196,,gemma3:1b,idle,12.23,49.0,,,n/a
10483.720,,gemma3:1b,idle,12.41,49.0,,,n/a
10484.245,,gemma3:1b,idle,12.54,49.0,,,n/a
10484.769,,gemma3:1b,idle,12.19,49.0,,,n/a
10485.293,,gemma3:1b,idle,12.42,49.0,,,n/a
10485.816,,gemma3:1b,idle,12.43,49.0,,,n/a
10486.342,,gemma3:1b,idle,12.24,49.0,,,n/a
10486.867,,gemma3:1b,idle,12.21,49.0,,,n/a
10487.391,,gemma3:1b,idle,12.10,49.0,,,n/a
10487.918,,gemma3:1b,idle,11.92,49.0,,,n/a
10488.460,,gemma3:1b,run1_p0,11.85,49.0,,,n/a
10488.992,,gemma3:1b,run1_p0,13.89,49.0,,,n/a
10489.524,,gemma3:1b,run1_p1,33.57,55.0,,,n/a
10490.048,,gemma3:1b,run1_p2,61.05,52.0,,,n/a
10490.581,,gemma3:1b,run1_p3,67.94,54.0,,,n/a
10491.117,,gemma3:1b,run1_p4,60.63,53.0,,,n/a
10491.642,,gemma3:1b,run1_p4,65.89,53.0,,,n/a
10492.170,,gemma3:1b,run1_p5,59.59,59.0,,,n/a
10492.757,,gemma3:1b,run1_p6,57.74,56.0,,,n/a
10493.283,,gemma3:1b,run1_p6,75.65,61.0,,,n/a
10493.805,,gemma3:1b,run1_p6,90.06,62.0,,,n/a
10494.337,,gemma3:1b,run1_p6,105.89,63.0,,,n/a
10494.880,,gemma3:1b,run1_p6,106.57,63.0,,,n/a
10495.403,,gemma3:1b,run1_p6,107.20,63.0,,,n/a
10495.930,,gemma3:1b,run1_p6,106.96,63.0,,,n/a
10496.453,,gemma3:1b,run1_p6,107.03,64.0,,,n/a
10496.977,,gemma3:1b,run1_p6,106.93,64.0,,,n/a
10497.522,,gemma3:1b,run1_p7,76.31,57.0,,,n/a
10498.045,,gemma3:1b,run1_p7,66.64,55.0,,,n/a
10498.568,,gemma3:1b,run1_p7,90.70,63.0,,,n/a
10499.092,,gemma3:1b,run1_p7,105.61,63.0,,,n/a
10499.614,,gemma3:1b,run1_p7,106.10,64.0,,,n/a
10500.138,,gemma3:1b,run1_p7,107.54,64.0,,,n/a
10500.662,,gemma3:1b,run1_p7,107.60,64.0,,,n/a
10501.187,,gemma3:1b,run1_p7,108.23,64.0,,,n/a
10501.711,,gemma3:1b,run1_p7,107.86,65.0,,,n/a
10502.233,,gemma3:1b,run1_p7,107.61,65.0,,,n/a
10502.758,,gemma3:1b,run1_p8,90.84,57.0,,,n/a
10503.285,,gemma3:1b,run1_p8,75.88,63.0,,,n/a
10503.810,,gemma3:1b,run1_p8,93.07,64.0,,,n/a
10504.334,,gemma3:1b,run1_p8,108.00,64.0,,,n/a
10504.856,,gemma3:1b,run1_p8,108.51,64.0,,,n/a
10505.381,,gemma3:1b,run1_p8,108.32,65.0,,,n/a
10505.911,,gemma3:1b,run1_p8,108.11,64.0,,,n/a
10506.434,,gemma3:1b,run1_p8,107.74,64.0,,,n/a
10506.959,,gemma3:1b,run1_p8,108.31,64.0,,,n/a
10507.487,,gemma3:1b,run1_p8,108.60,64.0,,,n/a
10508.010,,gemma3:1b,run1_p8,107.14,64.0,,,n/a
10508.542,,gemma3:1b,run1_p9,92.51,63.0,,,n/a
10509.073,,gemma3:1b,run1_p9,82.69,56.0,,,n/a
10509.602,,gemma3:1b,run1_p10,83.06,63.0,,,n/a
10510.130,,gemma3:1b,run1_p10,84.81,56.0,,,n/a
10510.661,,gemma3:1b,run1_p10,92.24,63.0,,,n/a
10511.184,,gemma3:1b,run1_p10,107.44,63.0,,,n/a
10511.709,,gemma3:1b,run1_p10,108.27,63.0,,,n/a
10512.234,,gemma3:1b,run1_p10,107.76,63.0,,,n/a
10512.792,,gemma3:1b,run1_p10,107.45,63.0,,,n/a
10513.314,,gemma3:1b,run1_p10,108.53,63.0,,,n/a
10513.842,,gemma3:1b,run1_p10,108.43,63.0,,,n/a
10514.369,,gemma3:1b,run1_p11,91.66,63.0,,,n/a
10514.893,,gemma3:1b,run1_p11,80.49,54.0,,,n/a
10515.416,,gemma3:1b,run1_p11,90.76,62.0,,,n/a
10515.939,,gemma3:1b,run1_p11,107.18,63.0,,,n/a
10516.463,,gemma3:1b,run1_p11,107.24,63.0,,,n/a
10516.985,,gemma3:1b,run1_p11,106.48,61.0,,,n/a
10517.509,,gemma3:1b,run1_p11,105.87,62.0,,,n/a
10518.035,,gemma3:1b,run1_p11,105.10,62.0,,,n/a
10518.563,,gemma3:1b,run1_p11,104.50,62.0,,,n/a
10519.090,,gemma3:1b,run1_p11,105.14,62.0,,,n/a
10519.615,,gemma3:1b,run1_p11,105.50,62.0,,,n/a
10520.144,,gemma3:1b,run1_p11,103.89,62.0,,,n/a
10520.673,,gemma3:1b,run1_p11,104.78,62.0,,,n/a
10521.203,,gemma3:1b,run1_p11,105.90,61.0,,,n/a
10521.728,,gemma3:1b,run1_p11,105.29,62.0,,,n/a
10522.257,,gemma3:1b,run1_p12,86.37,55.0,,,n/a
10522.797,,gemma3:1b,run1_p12,72.22,59.0,,,n/a
10523.324,,gemma3:1b,run1_p12,91.59,61.0,,,n/a
10523.913,,gemma3:1b,run1_p13,96.78,61.0,,,n/a
10524.438,,gemma3:1b,run1_p13,88.06,55.0,,,n/a
10524.963,,gemma3:1b,run1_p13,91.53,61.0,,,n/a
10525.488,,gemma3:1b,run1_p13,105.05,61.0,,,n/a
10526.016,,gemma3:1b,run1_p13,105.54,62.0,,,n/a
10526.543,,gemma3:1b,run1_p13,105.47,62.0,,,n/a
10527.080,,gemma3:1b,run1_p13,104.67,62.0,,,n/a
10527.607,,gemma3:1b,run1_p14,85.12,61.0,,,n/a
10528.132,,gemma3:1b,run1_p14,73.91,53.0,,,n/a
10528.661,,gemma3:1b,run1_p14,87.76,61.0,,,n/a
10529.184,,gemma3:1b,run1_p14,105.31,61.0,,,n/a
10529.708,,gemma3:1b,run1_p14,105.05,61.0,,,n/a
10530.237,,gemma3:1b,run1_p14,103.82,60.0,,,n/a
10530.763,,gemma3:1b,run1_p14,103.93,61.0,,,n/a
10531.287,,gemma3:1b,run1_p14,105.73,61.0,,,n/a
10531.811,,gemma3:1b,run1_p14,105.39,60.0,,,n/a
10532.341,,gemma3:1b,run1_p14,104.89,61.0,,,n/a
10532.869,,gemma3:1b,run1_p14,106.48,61.0,,,n/a
10533.403,,gemma3:1b,run1_p14,106.86,61.0,,,n/a
10533.939,,gemma3:1b,run2_p0,105.40,61.0,,,n/a
10534.465,,gemma3:1b,run2_p1,80.10,54.0,,,n/a
10534.990,,gemma3:1b,run2_p1,69.80,52.0,,,n/a
10535.531,,gemma3:1b,run2_p2,71.63,60.0,,,n/a
10536.056,,gemma3:1b,run2_p3,63.70,52.0,,,n/a
10536.583,,gemma3:1b,run2_p4,59.25,52.0,,,n/a
10537.116,,gemma3:1b,run2_p5,58.65,53.0,,,n/a
10537.649,,gemma3:1b,run2_p6,65.17,55.0,,,n/a
10538.175,,gemma3:1b,run2_p6,70.96,57.0,,,n/a
10538.701,,gemma3:1b,run2_p6,89.82,59.0,,,n/a
10539.231,,gemma3:1b,run2_p6,102.39,59.0,,,n/a
10539.758,,gemma3:1b,run2_p6,103.14,60.0,,,n/a
10540.283,,gemma3:1b,run2_p6,103.48,60.0,,,n/a
10540.813,,gemma3:1b,run2_p6,103.57,59.0,,,n/a
10541.339,,gemma3:1b,run2_p6,104.56,60.0,,,n/a
10541.867,,gemma3:1b,run2_p6,104.57,59.0,,,n/a
10542.399,,gemma3:1b,run2_p7,79.54,55.0,,,n/a
10542.922,,gemma3:1b,run2_p7,67.69,51.0,,,n/a
10543.452,,gemma3:1b,run2_p7,92.25,59.0,,,n/a
10543.976,,gemma3:1b,run2_p7,104.42,60.0,,,n/a
10544.502,,gemma3:1b,run2_p7,104.93,60.0,,,n/a
10545.026,,gemma3:1b,run2_p7,105.46,60.0,,,n/a
10545.553,,gemma3:1b,run2_p7,103.79,59.0,,,n/a
10546.086,,gemma3:1b,run2_p7,103.88,60.0,,,n/a
10546.610,,gemma3:1b,run2_p7,104.64,60.0,,,n/a
10547.136,,gemma3:1b,run2_p7,105.20,60.0,,,n/a
10547.663,,gemma3:1b,run2_p8,98.01,60.0,,,n/a
10548.192,,gemma3:1b,run2_p8,82.68,57.0,,,n/a
10548.720,,gemma3:1b,run2_p8,90.10,59.0,,,n/a
10549.243,,gemma3:1b,run2_p8,105.38,60.0,,,n/a
10549.770,,gemma3:1b,run2_p8,105.16,60.0,,,n/a
10550.295,,gemma3:1b,run2_p8,105.20,60.0,,,n/a
10550.818,,gemma3:1b,run2_p8,105.75,60.0,,,n/a
10551.344,,gemma3:1b,run2_p8,106.21,60.0,,,n/a
10551.871,,gemma3:1b,run2_p8,106.18,60.0,,,n/a
10552.395,,gemma3:1b,run2_p8,106.43,60.0,,,n/a
10552.920,,gemma3:1b,run2_p9,88.25,60.0,,,n/a
10553.444,,gemma3:1b,run2_p9,71.07,52.0,,,n/a
10554.020,,gemma3:1b,run2_p10,83.72,53.0,,,n/a
10554.547,,gemma3:1b,run2_p10,86.88,59.0,,,n/a
10555.072,,gemma3:1b,run2_p10,94.26,59.0,,,n/a
10555.599,,gemma3:1b,run2_p10,104.36,60.0,,,n/a
10556.124,,gemma3:1b,run2_p10,105.22,60.0,,,n/a
10556.647,,gemma3:1b,run2_p10,105.58,60.0,,,n/a
10557.173,,gemma3:1b,run2_p10,104.85,60.0,,,n/a
10557.697,,gemma3:1b,run2_p10,105.63,60.0,,,n/a
10558.223,,gemma3:1b,run2_p10,106.51,60.0,,,n/a
10558.747,,gemma3:1b,run2_p10,106.45,60.0,,,n/a
10559.273,,gemma3:1b,run2_p11,83.40,54.0,,,n/a
10559.796,,gemma3:1b,run2_p11,72.02,56.0,,,n/a
10560.322,,gemma3:1b,run2_p11,88.69,60.0,,,n/a
10560.847,,gemma3:1b,run2_p11,106.32,60.0,,,n/a
10561.373,,gemma3:1b,run2_p11,106.33,60.0,,,n/a
10561.898,,gemma3:1b,run2_p11,106.13,60.0,,,n/a
10562.423,,gemma3:1b,run2_p11,105.98,60.0,,,n/a
10562.953,,gemma3:1b,run2_p11,106.65,60.0,,,n/a
10563.475,,gemma3:1b,run2_p11,107.25,60.0,,,n/a
10564.002,,gemma3:1b,run2_p11,106.36,60.0,,,n/a
10564.533,,gemma3:1b,run2_p11,105.13,60.0,,,n/a
10565.059,,gemma3:1b,run2_p11,104.92,60.0,,,n/a
10565.583,,gemma3:1b,run2_p11,105.03,60.0,,,n/a
10566.107,,gemma3:1b,run2_p11,105.29,60.0,,,n/a
10566.631,,gemma3:1b,run2_p11,105.74,59.0,,,n/a
10567.160,,gemma3:1b,run2_p11,106.03,60.0,,,n/a
10567.727,,gemma3:1b,run2_p12,99.14,60.0,,,n/a
10568.286,,gemma3:1b,run2_p12,87.38,57.0,,,n/a
10568.813,,gemma3:1b,run2_p12,93.99,59.0,,,n/a
10569.397,,gemma3:1b,run2_p13,94.59,60.0,,,n/a
10569.919,,gemma3:1b,run2_p13,87.36,59.0,,,n/a
10570.446,,gemma3:1b,run2_p13,91.24,60.0,,,n/a
10570.969,,gemma3:1b,run2_p13,105.78,60.0,,,n/a
10571.500,,gemma3:1b,run2_p13,105.94,60.0,,,n/a
10572.023,,gemma3:1b,run2_p13,106.50,60.0,,,n/a
10572.553,,gemma3:1b,run2_p13,106.47,60.0,,,n/a
10573.081,,gemma3:1b,run2_p14,87.01,55.0,,,n/a
10573.609,,gemma3:1b,run2_p14,69.16,57.0,,,n/a
10574.134,,gemma3:1b,run2_p14,90.81,59.0,,,n/a
10574.657,,gemma3:1b,run2_p14,105.36,60.0,,,n/a
10575.184,,gemma3:1b,run2_p14,105.22,60.0,,,n/a
10575.710,,gemma3:1b,run2_p14,106.32,60.0,,,n/a
10576.231,,gemma3:1b,run2_p14,106.65,60.0,,,n/a
10576.757,,gemma3:1b,run2_p14,106.30,60.0,,,n/a
10577.285,,gemma3:1b,run2_p14,106.23,60.0,,,n/a
10577.810,,gemma3:1b,run2_p14,105.00,60.0,,,n/a
10578.341,,gemma3:1b,run2_p14,104.52,60.0,,,n/a
10578.866,,gemma3:1b,run2_p14,105.44,60.0,,,n/a
10579.403,,gemma3:1b,run3_p0,84.54,52.0,,,n/a
10579.935,,gemma3:1b,run3_p1,67.12,54.0,,,n/a
10580.467,,gemma3:1b,run3_p2,68.27,58.0,,,n/a
10581.007,,gemma3:1b,run3_p3,66.99,55.0,,,n/a
10581.545,,gemma3:1b,run3_p4,60.24,54.0,,,n/a
10582.073,,gemma3:1b,run3_p5,64.00,57.0,,,n/a
10582.603,,gemma3:1b,run3_p6,71.17,57.0,,,n/a
10583.132,,gemma3:1b,run3_p6,76.43,57.0,,,n/a
10583.662,,gemma3:1b,run3_p6,92.75,58.0,,,n/a
10584.190,,gemma3:1b,run3_p6,104.72,59.0,,,n/a
10584.720,,gemma3:1b,run3_p6,104.50,58.0,,,n/a
10585.247,,gemma3:1b,run3_p6,104.46,59.0,,,n/a
10585.779,,gemma3:1b,run3_p6,104.91,59.0,,,n/a
10586.305,,gemma3:1b,run3_p6,103.97,59.0,,,n/a
10586.832,,gemma3:1b,run3_p6,101.71,58.0,,,n/a
10587.362,,gemma3:1b,run3_p7,101.35,59.0,,,n/a
10587.891,,gemma3:1b,run3_p7,91.03,55.0,,,n/a
10588.435,,gemma3:1b,run3_p7,91.22,59.0,,,n/a
10588.964,,gemma3:1b,run3_p7,99.09,58.0,,,n/a
10589.497,,gemma3:1b,run3_p7,98.36,59.0,,,n/a
10590.022,,gemma3:1b,run3_p7,102.93,59.0,,,n/a
10590.551,,gemma3:1b,run3_p7,105.42,60.0,,,n/a
10591.075,,gemma3:1b,run3_p7,105.55,60.0,,,n/a
10591.597,,gemma3:1b,run3_p7,104.62,60.0,,,n/a
10592.139,,gemma3:1b,run3_p7,104.12,60.0,,,n/a
10592.719,,gemma3:1b,run3_p8,91.40,59.0,,,n/a
10593.247,,gemma3:1b,run3_p8,84.17,55.0,,,n/a
10593.772,,gemma3:1b,run3_p8,89.54,59.0,,,n/a
10594.303,,gemma3:1b,run3_p8,101.31,59.0,,,n/a
10594.827,,gemma3:1b,run3_p8,102.22,60.0,,,n/a
10595.351,,gemma3:1b,run3_p8,102.25,59.0,,,n/a
10595.873,,gemma3:1b,run3_p8,102.80,59.0,,,n/a
10596.399,,gemma3:1b,run3_p8,104.22,60.0,,,n/a
10596.927,,gemma3:1b,run3_p8,90.07,54.0,,,n/a
10597.493,,gemma3:1b,run3_p8,65.39,53.0,,,n/a
10598.020,,gemma3:1b,run3_p8,62.76,53.0,,,n/a
10598.603,,gemma3:1b,run3_p8,73.79,55.0,,,n/a
10599.128,,gemma3:1b,run3_p8,91.77,58.0,,,n/a
10599.663,,gemma3:1b,run3_p9,73.66,52.0,,,n/a
10600.195,,gemma3:1b,run3_p9,53.92,50.0,,,n/a
10600.725,,gemma3:1b,run3_p9,61.17,53.0,,,n/a
10601.283,,gemma3:1b,run3_p10,60.17,50.0,,,n/a
10601.807,,gemma3:1b,run3_p10,51.56,51.0,,,n/a
10602.351,,gemma3:1b,run3_p10,53.58,52.0,,,n/a
10602.874,,gemma3:1b,run3_p10,62.06,52.0,,,n/a
10603.398,,gemma3:1b,run3_p10,62.51,52.0,,,n/a
10603.926,,gemma3:1b,run3_p10,62.81,52.0,,,n/a
10604.451,,gemma3:1b,run3_p10,62.69,52.0,,,n/a
10604.974,,gemma3:1b,run3_p10,61.53,52.0,,,n/a
10605.498,,gemma3:1b,run3_p10,61.60,52.0,,,n/a
10606.022,,gemma3:1b,run3_p10,62.22,52.0,,,n/a
10606.591,,gemma3:1b,run3_p11,52.25,52.0,,,n/a
10607.114,,gemma3:1b,run3_p11,44.91,48.0,,,n/a
10607.641,,gemma3:1b,run3_p11,55.63,51.0,,,n/a
10608.170,,gemma3:1b,run3_p11,63.37,51.0,,,n/a
10608.696,,gemma3:1b,run3_p11,62.87,51.0,,,n/a
10609.225,,gemma3:1b,run3_p11,70.35,56.0,,,n/a
10609.749,,gemma3:1b,run3_p11,87.97,57.0,,,n/a
10610.277,,gemma3:1b,run3_p11,102.07,58.0,,,n/a
10610.812,,gemma3:1b,run3_p11,102.72,57.0,,,n/a
10611.340,,gemma3:1b,run3_p11,102.48,58.0,,,n/a
10611.864,,gemma3:1b,run3_p11,95.49,54.0,,,n/a
10612.389,,gemma3:1b,run3_p11,79.17,52.0,,,n/a
10612.922,,gemma3:1b,run3_p11,63.73,52.0,,,n/a
10613.445,,gemma3:1b,run3_p11,62.03,51.0,,,n/a
10613.972,,gemma3:1b,run3_p11,61.57,51.0,,,n/a
10614.501,,gemma3:1b,run3_p11,62.87,51.0,,,n/a
10615.031,,gemma3:1b,run3_p11,84.23,56.0,,,n/a
10615.557,,gemma3:1b,run3_p11,100.41,57.0,,,n/a
10616.085,,gemma3:1b,run3_p12,74.71,51.0,,,n/a
10616.614,,gemma3:1b,run3_p12,62.01,51.0,,,n/a
10617.138,,gemma3:1b,run3_p12,87.84,57.0,,,n/a
10617.663,,gemma3:1b,run3_p13,100.86,58.0,,,n/a
10618.192,,gemma3:1b,run3_p13,88.65,51.0,,,n/a
10618.718,,gemma3:1b,run3_p13,89.50,57.0,,,n/a
10619.246,,gemma3:1b,run3_p13,101.48,57.0,,,n/a
10619.772,,gemma3:1b,run3_p13,101.89,58.0,,,n/a
10620.295,,gemma3:1b,run3_p13,103.05,58.0,,,n/a
10620.820,,gemma3:1b,run3_p13,103.20,58.0,,,n/a
10621.344,,gemma3:1b,run3_p13,103.45,58.0,,,n/a
10621.923,,gemma3:1b,run3_p14,91.49,55.0,,,n/a
10622.450,,gemma3:1b,run3_p14,84.57,57.0,,,n/a
10622.976,,gemma3:1b,run3_p14,88.80,58.0,,,n/a
10623.502,,gemma3:1b,run3_p14,102.75,58.0,,,n/a
10624.028,,gemma3:1b,run3_p14,103.13,59.0,,,n/a
10624.553,,gemma3:1b,run3_p14,103.97,59.0,,,n/a
10625.086,,gemma3:1b,run3_p14,103.72,58.0,,,n/a
10625.612,,gemma3:1b,run3_p14,103.56,59.0,,,n/a
10626.135,,gemma3:1b,run3_p14,104.14,59.0,,,n/a
10626.660,,gemma3:1b,run3_p14,104.85,59.0,,,n/a
10627.186,,gemma3:1b,run3_p14,104.79,59.0,,,n/a
10627.709,,gemma3:1b,run3_p14,104.75,59.0,,,n/a
10628.241,,gemma3:1b,run3_p14,104.79,59.0,,,n/a
10671.535,,gemma3:4b,idle,15.79,42.0,,,n/a
10672.064,,gemma3:4b,idle,15.68,42.0,,,n/a
10672.595,,gemma3:4b,idle,15.71,42.0,,,n/a
10673.124,,gemma3:4b,idle,15.76,42.0,,,n/a
10673.655,,gemma3:4b,idle,15.75,42.0,,,n/a
10674.183,,gemma3:4b,idle,15.85,42.0,,,n/a
10674.710,,gemma3:4b,idle,16.01,42.0,,,n/a
10675.235,,gemma3:4b,idle,15.92,42.0,,,n/a
10675.765,,gemma3:4b,idle,15.71,42.0,,,n/a
10676.291,,gemma3:4b,idle,15.52,42.0,,,n/a
10676.814,,gemma3:4b,idle,15.52,42.0,,,n/a
10677.340,,gemma3:4b,idle,15.55,42.0,,,n/a
10677.870,,gemma3:4b,idle,15.53,42.0,,,n/a
10678.399,,gemma3:4b,idle,15.54,42.0,,,n/a
10678.924,,gemma3:4b,idle,15.61,42.0,,,n/a
10679.454,,gemma3:4b,idle,15.65,42.0,,,n/a
10679.980,,gemma3:4b,idle,15.58,42.0,,,n/a
10680.506,,gemma3:4b,idle,15.67,41.0,,,n/a
10681.031,,gemma3:4b,idle,15.64,41.0,,,n/a
10681.604,,gemma3:4b,run1_p0,15.64,41.0,,,n/a
10682.133,,gemma3:4b,run1_p0,21.66,42.0,,,n/a
10682.661,,gemma3:4b,run1_p1,43.58,48.0,,,n/a
10683.185,,gemma3:4b,run1_p1,57.81,46.0,,,n/a
10683.710,,gemma3:4b,run1_p1,64.58,48.0,,,n/a
10684.241,,gemma3:4b,run1_p1,75.97,49.0,,,n/a
10684.764,,gemma3:4b,run1_p1,76.13,49.0,,,n/a
10685.300,,gemma3:4b,run1_p2,75.46,49.0,,,n/a
10685.824,,gemma3:4b,run1_p2,65.08,45.0,,,n/a
10686.356,,gemma3:4b,run1_p3,62.56,49.0,,,n/a
10686.880,,gemma3:4b,run1_p3,60.25,44.0,,,n/a
10687.403,,gemma3:4b,run1_p3,63.07,49.0,,,n/a
10687.928,,gemma3:4b,run1_p3,76.65,49.0,,,n/a
10688.457,,gemma3:4b,run1_p4,72.94,50.0,,,n/a
10688.982,,gemma3:4b,run1_p4,62.50,48.0,,,n/a
10689.516,,gemma3:4b,run1_p5,57.00,46.0,,,n/a
10690.040,,gemma3:4b,run1_p5,56.81,47.0,,,n/a
10690.566,,gemma3:4b,run1_p5,61.83,50.0,,,n/a
10691.096,,gemma3:4b,run1_p6,81.48,55.0,,,n/a
10691.622,,gemma3:4b,run1_p6,70.13,47.0,,,n/a
10692.149,,gemma3:4b,run1_p6,63.65,50.0,,,n/a
10692.675,,gemma3:4b,run1_p6,75.62,50.0,,,n/a
10693.241,,gemma3:4b,run1_p6,75.29,50.0,,,n/a
10693.765,,gemma3:4b,run1_p6,79.94,49.0,,,n/a
10694.290,,gemma3:4b,run1_p6,104.47,56.0,,,n/a
10694.825,,gemma3:4b,run1_p6,119.67,57.0,,,n/a
10695.349,,gemma3:4b,run1_p6,119.13,57.0,,,n/a
10695.877,,gemma3:4b,run1_p6,119.71,58.0,,,n/a
10696.404,,gemma3:4b,run1_p6,120.66,59.0,,,n/a
10696.933,,gemma3:4b,run1_p6,121.08,59.0,,,n/a
10697.456,,gemma3:4b,run1_p6,121.85,59.0,,,n/a
10697.989,,gemma3:4b,run1_p6,122.76,59.0,,,n/a
10698.525,,gemma3:4b,run1_p6,123.14,59.0,,,n/a
10699.062,,gemma3:4b,run1_p6,123.54,59.0,,,n/a
10699.596,,gemma3:4b,run1_p6,123.80,60.0,,,n/a
10700.123,,gemma3:4b,run1_p6,123.92,60.0,,,n/a
10700.657,,gemma3:4b,run1_p6,123.76,61.0,,,n/a
10701.190,,gemma3:4b,run1_p6,124.11,60.0,,,n/a
10701.714,,gemma3:4b,run1_p6,124.37,60.0,,,n/a
10702.317,,gemma3:4b,run1_p6,124.44,60.0,,,n/a
10702.846,,gemma3:4b,run1_p6,124.72,60.0,,,n/a
10703.375,,gemma3:4b,run1_p6,124.70,60.0,,,n/a
10703.902,,gemma3:4b,run1_p6,124.86,59.0,,,n/a
10704.428,,gemma3:4b,run1_p6,124.95,61.0,,,n/a
10704.951,,gemma3:4b,run1_p6,124.93,61.0,,,n/a
10705.484,,gemma3:4b,run1_p7,93.02,51.0,,,n/a
10706.008,,gemma3:4b,run1_p7,75.65,59.0,,,n/a
10706.531,,gemma3:4b,run1_p7,107.83,62.0,,,n/a
10707.054,,gemma3:4b,run1_p7,125.83,61.0,,,n/a
10707.578,,gemma3:4b,run1_p7,126.14,62.0,,,n/a
10708.105,,gemma3:4b,run1_p7,126.18,62.0,,,n/a
10708.630,,gemma3:4b,run1_p7,125.97,62.0,,,n/a
10709.155,,gemma3:4b,run1_p7,125.92,62.0,,,n/a
10709.679,,gemma3:4b,run1_p7,126.10,62.0,,,n/a
10710.206,,gemma3:4b,run1_p7,126.10,62.0,,,n/a
10710.729,,gemma3:4b,run1_p7,126.17,62.0,,,n/a
10711.250,,gemma3:4b,run1_p7,126.43,62.0,,,n/a
10711.773,,gemma3:4b,run1_p7,126.41,62.0,,,n/a
10712.299,,gemma3:4b,run1_p7,126.53,63.0,,,n/a
10712.821,,gemma3:4b,run1_p7,126.25,63.0,,,n/a
10713.344,,gemma3:4b,run1_p7,126.27,63.0,,,n/a
10713.871,,gemma3:4b,run1_p7,126.70,63.0,,,n/a
10714.396,,gemma3:4b,run1_p7,126.66,63.0,,,n/a
10714.920,,gemma3:4b,run1_p7,126.30,63.0,,,n/a
10715.447,,gemma3:4b,run1_p7,126.15,63.0,,,n/a
10715.974,,gemma3:4b,run1_p7,126.21,63.0,,,n/a
10716.504,,gemma3:4b,run1_p7,125.93,62.0,,,n/a
10717.033,,gemma3:4b,run1_p7,124.86,63.0,,,n/a
10717.558,,gemma3:4b,run1_p7,125.08,63.0,,,n/a
10718.120,,gemma3:4b,run1_p8,118.40,63.0,,,n/a
10718.642,,gemma3:4b,run1_p8,107.56,56.0,,,n/a
10719.166,,gemma3:4b,run1_p8,108.12,63.0,,,n/a
10719.691,,gemma3:4b,run1_p8,126.82,64.0,,,n/a
10720.216,,gemma3:4b,run1_p8,127.01,63.0,,,n/a
10720.741,,gemma3:4b,run1_p8,127.21,64.0,,,n/a
10721.263,,gemma3:4b,run1_p8,127.18,64.0,,,n/a
10721.786,,gemma3:4b,run1_p8,127.02,64.0,,,n/a
10722.310,,gemma3:4b,run1_p8,126.73,63.0,,,n/a
10722.833,,gemma3:4b,run1_p8,126.63,64.0,,,n/a
10723.356,,gemma3:4b,run1_p8,126.59,64.0,,,n/a
10723.879,,gemma3:4b,run1_p8,126.91,63.0,,,n/a
10724.403,,gemma3:4b,run1_p8,126.99,62.0,,,n/a
10724.927,,gemma3:4b,run1_p8,126.67,64.0,,,n/a
10725.450,,gemma3:4b,run1_p8,126.85,64.0,,,n/a
10725.973,,gemma3:4b,run1_p8,126.74,64.0,,,n/a
10726.496,,gemma3:4b,run1_p8,127.07,64.0,,,n/a
10727.020,,gemma3:4b,run1_p8,124.75,64.0,,,n/a
10727.546,,gemma3:4b,run1_p8,123.73,63.0,,,n/a
10728.071,,gemma3:4b,run1_p8,125.03,64.0,,,n/a
10728.598,,gemma3:4b,run1_p8,122.88,63.0,,,n/a
10729.124,,gemma3:4b,run1_p8,122.03,63.0,,,n/a
10729.659,,gemma3:4b,run1_p8,117.29,63.0,,,n/a
10730.189,,gemma3:4b,run1_p8,102.93,60.0,,,n/a
10730.715,,gemma3:4b,run1_p8,87.48,58.0,,,n/a
10731.254,,gemma3:4b,run1_p8,81.90,57.0,,,n/a
10731.790,,gemma3:4b,run1_p8,80.09,56.0,,,n/a
10732.317,,gemma3:4b,run1_p8,78.69,56.0,,,n/a
10732.846,,gemma3:4b,run1_p9,69.45,53.0,,,n/a
10733.370,,gemma3:4b,run1_p9,58.70,54.0,,,n/a
10733.896,,gemma3:4b,run1_p9,63.02,55.0,,,n/a
10734.424,,gemma3:4b,run1_p9,77.62,56.0,,,n/a
10734.949,,gemma3:4b,run1_p9,77.98,56.0,,,n/a
10735.475,,gemma3:4b,run1_p9,77.96,55.0,,,n/a
10736.001,,gemma3:4b,run1_p10,57.84,50.0,,,n/a
10736.526,,gemma3:4b,run1_p10,46.18,51.0,,,n/a
10737.051,,gemma3:4b,run1_p10,62.21,55.0,,,n/a
10737.581,,gemma3:4b,run1_p10,78.31,55.0,,,n/a
10738.106,,gemma3:4b,run1_p10,78.20,55.0,,,n/a
10738.632,,gemma3:4b,run1_p10,78.10,55.0,,,n/a
10739.158,,gemma3:4b,run1_p10,78.35,55.0,,,n/a
10739.685,,gemma3:4b,run1_p10,78.31,55.0,,,n/a
10740.208,,gemma3:4b,run1_p10,78.78,55.0,,,n/a
10740.735,,gemma3:4b,run1_p10,79.66,55.0,,,n/a
10741.260,,gemma3:4b,run1_p10,79.82,55.0,,,n/a
10741.783,,gemma3:4b,run1_p10,79.70,55.0,,,n/a
10742.306,,gemma3:4b,run1_p10,79.89,54.0,,,n/a
10742.829,,gemma3:4b,run1_p10,79.66,55.0,,,n/a
10743.354,,gemma3:4b,run1_p10,79.55,55.0,,,n/a
10743.876,,gemma3:4b,run1_p10,79.61,55.0,,,n/a
10744.399,,gemma3:4b,run1_p10,79.86,55.0,,,n/a
10744.923,,gemma3:4b,run1_p10,79.72,55.0,,,n/a
10745.453,,gemma3:4b,run1_p10,79.82,55.0,,,n/a
10745.976,,gemma3:4b,run1_p10,80.08,54.0,,,n/a
10746.505,,gemma3:4b,run1_p10,93.99,55.0,,,n/a
10747.036,,gemma3:4b,run1_p11,105.25,61.0,,,n/a
10747.558,,gemma3:4b,run1_p11,99.53,51.0,,,n/a
10748.082,,gemma3:4b,run1_p11,109.00,62.0,,,n/a
10748.606,,gemma3:4b,run1_p11,126.62,62.0,,,n/a
10749.130,,gemma3:4b,run1_p11,128.34,62.0,,,n/a
10749.652,,gemma3:4b,run1_p11,128.51,63.0,,,n/a
10750.182,,gemma3:4b,run1_p11,128.00,62.0,,,n/a
10750.705,,gemma3:4b,run1_p11,128.03,62.0,,,n/a
10751.233,,gemma3:4b,run1_p11,126.94,62.0,,,n/a
10751.756,,gemma3:4b,run1_p11,124.47,63.0,,,n/a
10752.300,,gemma3:4b,run1_p11,115.46,59.0,,,n/a
10752.822,,gemma3:4b,run1_p11,109.15,61.0,,,n/a
10753.345,,gemma3:4b,run1_p11,119.03,63.0,,,n/a
10753.868,,gemma3:4b,run1_p11,127.30,63.0,,,n/a
10754.390,,gemma3:4b,run1_p11,127.02,63.0,,,n/a
10754.914,,gemma3:4b,run1_p11,126.81,63.0,,,n/a
10755.437,,gemma3:4b,run1_p11,127.03,63.0,,,n/a
10755.960,,gemma3:4b,run1_p11,126.58,64.0,,,n/a
10756.483,,gemma3:4b,run1_p11,126.38,63.0,,,n/a
10757.005,,gemma3:4b,run1_p11,126.43,63.0,,,n/a
10757.529,,gemma3:4b,run1_p11,126.35,63.0,,,n/a
10758.053,,gemma3:4b,run1_p11,126.39,64.0,,,n/a
10758.583,,gemma3:4b,run1_p11,126.44,64.0,,,n/a
10759.115,,gemma3:4b,run1_p11,126.69,63.0,,,n/a
10759.654,,gemma3:4b,run1_p11,126.32,63.0,,,n/a
10760.181,,gemma3:4b,run1_p11,125.76,63.0,,,n/a
10760.751,,gemma3:4b,run1_p11,126.34,63.0,,,n/a
10761.275,,gemma3:4b,run1_p11,127.32,64.0,,,n/a
10761.804,,gemma3:4b,run1_p11,126.69,64.0,,,n/a
10762.333,,gemma3:4b,run1_p11,124.63,63.0,,,n/a
10762.855,,gemma3:4b,run1_p11,124.83,63.0,,,n/a
10763.381,,gemma3:4b,run1_p11,124.69,63.0,,,n/a
10763.916,,gemma3:4b,run1_p11,123.91,63.0,,,n/a
10764.459,,gemma3:4b,run1_p12,103.94,63.0,,,n/a
10764.983,,gemma3:4b,run1_p12,73.22,52.0,,,n/a
10765.507,,gemma3:4b,run1_p12,64.46,56.0,,,n/a
10766.032,,gemma3:4b,run1_p12,79.88,57.0,,,n/a
10766.555,,gemma3:4b,run1_p12,79.65,56.0,,,n/a
10767.077,,gemma3:4b,run1_p12,79.38,56.0,,,n/a
10767.600,,gemma3:4b,run1_p12,79.33,56.0,,,n/a
10768.125,,gemma3:4b,run1_p12,79.64,56.0,,,n/a
10768.651,,gemma3:4b,run1_p13,58.74,56.0,,,n/a
10769.177,,gemma3:4b,run1_p13,47.42,54.0,,,n/a
10769.728,,gemma3:4b,run1_p13,78.65,60.0,,,n/a
10770.254,,gemma3:4b,run1_p13,111.76,63.0,,,n/a
10770.782,,gemma3:4b,run1_p13,128.19,63.0,,,n/a
10771.307,,gemma3:4b,run1_p13,128.05,63.0,,,n/a
10771.835,,gemma3:4b,run1_p13,126.75,64.0,,,n/a
10772.361,,gemma3:4b,run1_p13,126.66,63.0,,,n/a
10772.884,,gemma3:4b,run1_p13,127.01,63.0,,,n/a
10773.408,,gemma3:4b,run1_p13,127.24,64.0,,,n/a
10773.933,,gemma3:4b,run1_p13,127.26,64.0,,,n/a
10774.457,,gemma3:4b,run1_p13,127.43,64.0,,,n/a
10774.980,,gemma3:4b,run1_p13,126.73,64.0,,,n/a
10775.507,,gemma3:4b,run1_p13,126.11,63.0,,,n/a
10776.032,,gemma3:4b,run1_p13,126.45,64.0,,,n/a
10776.556,,gemma3:4b,run1_p13,126.42,64.0,,,n/a
10777.080,,gemma3:4b,run1_p13,126.30,64.0,,,n/a
10777.604,,gemma3:4b,run1_p13,125.26,64.0,,,n/a
10778.129,,gemma3:4b,run1_p13,126.04,64.0,,,n/a
10778.656,,gemma3:4b,run1_p14,97.54,54.0,,,n/a
10779.178,,gemma3:4b,run1_p14,82.48,61.0,,,n/a
10779.705,,gemma3:4b,run1_p14,104.41,64.0,,,n/a
10780.232,,gemma3:4b,run1_p14,127.61,64.0,,,n/a
10780.755,,gemma3:4b,run1_p14,127.66,64.0,,,n/a
10781.289,,gemma3:4b,run1_p14,127.50,64.0,,,n/a
10781.813,,gemma3:4b,run1_p14,127.30,64.0,,,n/a
10782.336,,gemma3:4b,run1_p14,124.53,62.0,,,n/a
10782.859,,gemma3:4b,run1_p14,124.75,64.0,,,n/a
10783.381,,gemma3:4b,run1_p14,126.93,64.0,,,n/a
10783.908,,gemma3:4b,run1_p14,127.46,63.0,,,n/a
10784.431,,gemma3:4b,run1_p14,127.94,64.0,,,n/a
10784.954,,gemma3:4b,run1_p14,124.84,64.0,,,n/a
10785.480,,gemma3:4b,run1_p14,122.35,64.0,,,n/a
10786.013,,gemma3:4b,run1_p14,123.09,63.0,,,n/a
10786.538,,gemma3:4b,run1_p14,123.09,64.0,,,n/a
10787.060,,gemma3:4b,run1_p14,123.56,64.0,,,n/a
10787.587,,gemma3:4b,run1_p14,125.39,65.0,,,n/a
10788.111,,gemma3:4b,run1_p14,126.42,64.0,,,n/a
10788.637,,gemma3:4b,run1_p14,125.12,64.0,,,n/a
10789.162,,gemma3:4b,run1_p14,125.01,64.0,,,n/a
10789.686,,gemma3:4b,run1_p14,123.67,63.0,,,n/a
10790.212,,gemma3:4b,run1_p14,124.75,64.0,,,n/a
10790.748,,gemma3:4b,run1_p14,126.35,64.0,,,n/a
10791.272,,gemma3:4b,run1_p14,127.34,65.0,,,n/a
10791.798,,gemma3:4b,run1_p14,126.06,63.0,,,n/a
10792.325,,gemma3:4b,run1_p14,124.32,64.0,,,n/a
10792.853,,gemma3:4b,run1_p14,124.31,65.0,,,n/a
10793.376,,gemma3:4b,run1_p14,116.53,63.0,,,n/a
10793.902,,gemma3:4b,run1_p14,103.32,61.0,,,n/a
10794.432,,gemma3:4b,run2_p0,68.55,58.0,,,n/a
10794.960,,gemma3:4b,run2_p0,50.52,51.0,,,n/a
10795.484,,gemma3:4b,run2_p1,51.17,56.0,,,n/a
10796.009,,gemma3:4b,run2_p1,53.27,51.0,,,n/a
10796.560,,gemma3:4b,run2_p1,66.16,56.0,,,n/a
10797.086,,gemma3:4b,run2_p1,89.66,62.0,,,n/a
10797.611,,gemma3:4b,run2_p1,116.58,64.0,,,n/a
10798.135,,gemma3:4b,run2_p1,129.02,63.0,,,n/a
10798.689,,gemma3:4b,run2_p2,114.25,59.0,,,n/a
10799.213,,gemma3:4b,run2_p2,95.21,62.0,,,n/a
10799.739,,gemma3:4b,run2_p3,94.10,59.0,,,n/a
10800.266,,gemma3:4b,run2_p3,95.62,61.0,,,n/a
10800.790,,gemma3:4b,run2_p3,103.13,63.0,,,n/a
10801.314,,gemma3:4b,run2_p3,127.06,64.0,,,n/a
10801.849,,gemma3:4b,run2_p4,97.84,55.0,,,n/a
10802.374,,gemma3:4b,run2_p4,79.20,55.0,,,n/a
10802.906,,gemma3:4b,run2_p5,82.76,63.0,,,n/a
10803.430,,gemma3:4b,run2_p5,86.56,52.0,,,n/a
10803.954,,gemma3:4b,run2_p5,105.16,63.0,,,n/a
10804.479,,gemma3:4b,run2_p6,95.82,64.0,,,n/a
10805.002,,gemma3:4b,run2_p6,79.64,62.0,,,n/a
10805.530,,gemma3:4b,run2_p6,104.33,63.0,,,n/a
10806.055,,gemma3:4b,run2_p6,128.29,64.0,,,n/a
10806.577,,gemma3:4b,run2_p6,128.27,63.0,,,n/a
10807.105,,gemma3:4b,run2_p6,128.17,64.0,,,n/a
10807.632,,gemma3:4b,run2_p6,127.79,65.0,,,n/a
10808.155,,gemma3:4b,run2_p6,127.25,64.0,,,n/a
10808.680,,gemma3:4b,run2_p6,126.90,64.0,,,n/a
10809.204,,gemma3:4b,run2_p6,126.90,64.0,,,n/a
10809.729,,gemma3:4b,run2_p6,126.33,64.0,,,n/a
10810.257,,gemma3:4b,run2_p6,125.99,64.0,,,n/a
10810.782,,gemma3:4b,run2_p6,127.32,64.0,,,n/a
10811.306,,gemma3:4b,run2_p6,128.19,64.0,,,n/a
10811.829,,gemma3:4b,run2_p6,127.84,64.0,,,n/a
10812.352,,gemma3:4b,run2_p6,127.68,65.0,,,n/a
10812.877,,gemma3:4b,run2_p6,128.08,64.0,,,n/a
10813.403,,gemma3:4b,run2_p6,128.11,65.0,,,n/a
10813.929,,gemma3:4b,run2_p6,126.42,64.0,,,n/a
10814.456,,gemma3:4b,run2_p6,125.63,65.0,,,n/a
10814.979,,gemma3:4b,run2_p6,126.05,64.0,,,n/a
10815.502,,gemma3:4b,run2_p6,127.04,64.0,,,n/a
10816.066,,gemma3:4b,run2_p7,127.31,64.0,,,n/a
10816.591,,gemma3:4b,run2_p7,110.49,62.0,,,n/a
10817.114,,gemma3:4b,run2_p7,110.93,65.0,,,n/a
10817.640,,gemma3:4b,run2_p7,128.61,65.0,,,n/a
10818.163,,gemma3:4b,run2_p7,129.04,65.0,,,n/a
10818.694,,gemma3:4b,run2_p7,127.88,65.0,,,n/a
10819.217,,gemma3:4b,run2_p7,126.57,65.0,,,n/a
10819.743,,gemma3:4b,run2_p7,127.66,65.0,,,n/a
10820.271,,gemma3:4b,run2_p7,128.63,65.0,,,n/a
10820.797,,gemma3:4b,run2_p7,128.68,65.0,,,n/a
10821.321,,gemma3:4b,run2_p7,127.89,65.0,,,n/a
10821.852,,gemma3:4b,run2_p7,127.65,65.0,,,n/a
10822.378,,gemma3:4b,run2_p7,127.77,65.0,,,n/a
10822.905,,gemma3:4b,run2_p7,127.90,65.0,,,n/a
10823.433,,gemma3:4b,run2_p7,127.16,65.0,,,n/a
10823.961,,gemma3:4b,run2_p7,126.51,65.0,,,n/a
10824.491,,gemma3:4b,run2_p7,127.05,66.0,,,n/a
10825.016,,gemma3:4b,run2_p7,128.02,65.0,,,n/a
10825.538,,gemma3:4b,run2_p7,128.51,65.0,,,n/a
10826.065,,gemma3:4b,run2_p7,128.42,65.0,,,n/a
10826.587,,gemma3:4b,run2_p7,127.21,65.0,,,n/a
10827.113,,gemma3:4b,run2_p7,126.44,65.0,,,n/a
10827.644,,gemma3:4b,run2_p7,126.23,64.0,,,n/a
10828.168,,gemma3:4b,run2_p7,126.67,64.0,,,n/a
10828.692,,gemma3:4b,run2_p7,128.36,64.0,,,n/a
10829.215,,gemma3:4b,run2_p7,128.64,64.0,,,n/a
10829.753,,gemma3:4b,run2_p8,118.13,65.0,,,n/a
10830.277,,gemma3:4b,run2_p8,98.95,54.0,,,n/a
10830.800,,gemma3:4b,run2_p8,109.31,65.0,,,n/a
10831.323,,gemma3:4b,run2_p8,128.24,65.0,,,n/a
10831.845,,gemma3:4b,run2_p8,127.84,65.0,,,n/a
10832.369,,gemma3:4b,run2_p8,127.97,64.0,,,n/a
10832.898,,gemma3:4b,run2_p8,127.88,65.0,,,n/a
10833.422,,gemma3:4b,run2_p8,128.24,63.0,,,n/a
10833.944,,gemma3:4b,run2_p8,127.74,64.0,,,n/a
10834.465,,gemma3:4b,run2_p8,127.88,65.0,,,n/a
10834.989,,gemma3:4b,run2_p8,129.05,65.0,,,n/a
10835.514,,gemma3:4b,run2_p8,128.43,64.0,,,n/a
10836.040,,gemma3:4b,run2_p8,127.43,65.0,,,n/a
10836.565,,gemma3:4b,run2_p8,127.33,65.0,,,n/a
10837.088,,gemma3:4b,run2_p8,127.31,66.0,,,n/a
10837.619,,gemma3:4b,run2_p8,128.10,65.0,,,n/a
10838.144,,gemma3:4b,run2_p8,128.18,65.0,,,n/a
10838.667,,gemma3:4b,run2_p8,128.27,65.0,,,n/a
10839.198,,gemma3:4b,run2_p8,128.37,66.0,,,n/a
10839.728,,gemma3:4b,run2_p8,128.01,66.0,,,n/a
10840.254,,gemma3:4b,run2_p8,127.97,65.0,,,n/a
10840.778,,gemma3:4b,run2_p8,127.64,65.0,,,n/a
10841.302,,gemma3:4b,run2_p8,126.83,65.0,,,n/a
10841.828,,gemma3:4b,run2_p8,126.53,65.0,,,n/a
10842.352,,gemma3:4b,run2_p8,126.70,66.0,,,n/a
10842.877,,gemma3:4b,run2_p9,127.64,65.0,,,n/a
10843.403,,gemma3:4b,run2_p9,110.78,64.0,,,n/a
10843.926,,gemma3:4b,run2_p9,111.22,65.0,,,n/a
10844.455,,gemma3:4b,run2_p9,129.44,66.0,,,n/a
10844.980,,gemma3:4b,run2_p9,129.44,65.0,,,n/a
10845.505,,gemma3:4b,run2_p10,119.63,65.0,,,n/a
10846.028,,gemma3:4b,run2_p10,103.28,60.0,,,n/a
10846.554,,gemma3:4b,run2_p10,112.33,65.0,,,n/a
10847.079,,gemma3:4b,run2_p10,126.92,64.0,,,n/a
10847.601,,gemma3:4b,run2_p10,125.88,65.0,,,n/a
10848.128,,gemma3:4b,run2_p10,127.45,66.0,,,n/a
10848.656,,gemma3:4b,run2_p10,128.85,65.0,,,n/a
10849.192,,gemma3:4b,run2_p10,128.38,65.0,,,n/a
10849.728,,gemma3:4b,run2_p10,127.63,65.0,,,n/a
10850.261,,gemma3:4b,run2_p10,126.79,65.0,,,n/a
10850.786,,gemma3:4b,run2_p10,127.01,65.0,,,n/a
10851.313,,gemma3:4b,run2_p10,127.63,65.0,,,n/a
10851.842,,gemma3:4b,run2_p10,127.36,65.0,,,n/a
10852.370,,gemma3:4b,run2_p10,127.13,64.0,,,n/a
10852.896,,gemma3:4b,run2_p10,126.60,66.0,,,n/a
10853.421,,gemma3:4b,run2_p10,126.99,65.0,,,n/a
10853.948,,gemma3:4b,run2_p10,127.24,65.0,,,n/a
10854.494,,gemma3:4b,run2_p10,127.52,65.0,,,n/a
10855.018,,gemma3:4b,run2_p10,127.96,65.0,,,n/a
10855.541,,gemma3:4b,run2_p10,127.27,65.0,,,n/a
10856.070,,gemma3:4b,run2_p10,127.08,65.0,,,n/a
10856.595,,gemma3:4b,run2_p10,128.00,66.0,,,n/a
10857.169,,gemma3:4b,run2_p11,123.39,66.0,,,n/a
10857.727,,gemma3:4b,run2_p11,109.94,56.0,,,n/a
10858.251,,gemma3:4b,run2_p11,115.35,65.0,,,n/a
10858.777,,gemma3:4b,run2_p11,129.22,66.0,,,n/a
10859.302,,gemma3:4b,run2_p11,128.67,66.0,,,n/a
10859.829,,gemma3:4b,run2_p11,128.35,66.0,,,n/a
10860.354,,gemma3:4b,run2_p11,128.11,65.0,,,n/a
10860.878,,gemma3:4b,run2_p11,127.81,65.0,,,n/a
10861.404,,gemma3:4b,run2_p11,127.52,65.0,,,n/a
10861.928,,gemma3:4b,run2_p11,126.56,65.0,,,n/a
10862.452,,gemma3:4b,run2_p11,127.77,66.0,,,n/a
10862.977,,gemma3:4b,run2_p11,129.15,65.0,,,n/a
10863.501,,gemma3:4b,run2_p11,129.36,66.0,,,n/a
10864.025,,gemma3:4b,run2_p11,128.73,66.0,,,n/a
10864.547,,gemma3:4b,run2_p11,128.21,66.0,,,n/a
10865.072,,gemma3:4b,run2_p11,128.26,66.0,,,n/a
10865.593,,gemma3:4b,run2_p11,127.29,65.0,,,n/a
10866.115,,gemma3:4b,run2_p11,127.51,65.0,,,n/a
10866.641,,gemma3:4b,run2_p11,128.23,66.0,,,n/a
10867.165,,gemma3:4b,run2_p11,129.41,66.0,,,n/a
10867.688,,gemma3:4b,run2_p11,129.55,66.0,,,n/a
10868.210,,gemma3:4b,run2_p11,129.27,66.0,,,n/a
10868.738,,gemma3:4b,run2_p11,128.71,65.0,,,n/a
10869.264,,gemma3:4b,run2_p11,127.67,65.0,,,n/a
10869.786,,gemma3:4b,run2_p11,127.48,66.0,,,n/a
10870.310,,gemma3:4b,run2_p11,127.43,65.0,,,n/a
10870.836,,gemma3:4b,run2_p11,127.53,65.0,,,n/a
10871.358,,gemma3:4b,run2_p11,127.36,65.0,,,n/a
10871.880,,gemma3:4b,run2_p11,127.27,65.0,,,n/a
10872.408,,gemma3:4b,run2_p11,127.47,65.0,,,n/a
10872.942,,gemma3:4b,run2_p11,127.32,65.0,,,n/a
10873.464,,gemma3:4b,run2_p11,126.80,65.0,,,n/a
10873.988,,gemma3:4b,run2_p11,127.76,66.0,,,n/a
10874.563,,gemma3:4b,run2_p12,128.89,66.0,,,n/a
10875.085,,gemma3:4b,run2_p12,111.82,57.0,,,n/a
10875.611,,gemma3:4b,run2_p12,110.77,65.0,,,n/a
10876.137,,gemma3:4b,run2_p12,126.60,65.0,,,n/a
10876.670,,gemma3:4b,run2_p12,126.97,65.0,,,n/a
10877.194,,gemma3:4b,run2_p12,127.84,66.0,,,n/a
10877.717,,gemma3:4b,run2_p12,128.67,65.0,,,n/a
10878.251,,gemma3:4b,run2_p13,113.38,60.0,,,n/a
10878.776,,gemma3:4b,run2_p13,96.39,63.0,,,n/a
10879.300,,gemma3:4b,run2_p13,104.21,66.0,,,n/a
10879.833,,gemma3:4b,run2_p13,128.82,65.0,,,n/a
10880.365,,gemma3:4b,run2_p13,128.51,66.0,,,n/a
10880.898,,gemma3:4b,run2_p13,129.51,66.0,,,n/a
10881.423,,gemma3:4b,run2_p13,129.65,65.0,,,n/a
10881.950,,gemma3:4b,run2_p13,128.90,66.0,,,n/a
10882.476,,gemma3:4b,run2_p13,128.74,66.0,,,n/a
10882.999,,gemma3:4b,run2_p13,129.00,65.0,,,n/a
10883.525,,gemma3:4b,run2_p13,128.99,66.0,,,n/a
10884.050,,gemma3:4b,run2_p13,128.30,65.0,,,n/a
10884.577,,gemma3:4b,run2_p13,129.04,66.0,,,n/a
10885.101,,gemma3:4b,run2_p13,127.80,66.0,,,n/a
10885.626,,gemma3:4b,run2_p13,125.02,65.0,,,n/a
10886.150,,gemma3:4b,run2_p13,124.39,65.0,,,n/a
10886.685,,gemma3:4b,run2_p13,125.03,65.0,,,n/a
10887.208,,gemma3:4b,run2_p13,126.22,65.0,,,n/a
10887.732,,gemma3:4b,run2_p13,127.14,65.0,,,n/a
10888.258,,gemma3:4b,run2_p13,127.49,65.0,,,n/a
10888.787,,gemma3:4b,run2_p13,127.60,65.0,,,n/a
10889.311,,gemma3:4b,run2_p13,128.21,66.0,,,n/a
10889.837,,gemma3:4b,run2_p14,102.88,56.0,,,n/a
10890.377,,gemma3:4b,run2_p14,84.87,62.0,,,n/a
10890.901,,gemma3:4b,run2_p14,110.24,65.0,,,n/a
10891.429,,gemma3:4b,run2_p14,128.72,65.0,,,n/a
10891.958,,gemma3:4b,run2_p14,129.08,66.0,,,n/a
10892.488,,gemma3:4b,run2_p14,128.63,65.0,,,n/a
10893.011,,gemma3:4b,run2_p14,127.99,65.0,,,n/a
10893.536,,gemma3:4b,run2_p14,128.01,65.0,,,n/a
10894.059,,gemma3:4b,run2_p14,128.56,66.0,,,n/a
10894.588,,gemma3:4b,run2_p14,128.75,66.0,,,n/a
10895.112,,gemma3:4b,run2_p14,128.71,66.0,,,n/a
10895.641,,gemma3:4b,run2_p14,128.45,65.0,,,n/a
10896.164,,gemma3:4b,run2_p14,128.21,65.0,,,n/a
10896.691,,gemma3:4b,run2_p14,127.22,65.0,,,n/a
10897.215,,gemma3:4b,run2_p14,126.91,65.0,,,n/a
10897.738,,gemma3:4b,run2_p14,127.28,65.0,,,n/a
10898.260,,gemma3:4b,run2_p14,128.75,66.0,,,n/a
10898.785,,gemma3:4b,run2_p14,129.78,66.0,,,n/a
10899.318,,gemma3:4b,run2_p14,129.26,66.0,,,n/a
10899.843,,gemma3:4b,run2_p14,126.70,66.0,,,n/a
10900.366,,gemma3:4b,run2_p14,125.57,65.0,,,n/a
10900.892,,gemma3:4b,run2_p14,125.41,65.0,,,n/a
10901.418,,gemma3:4b,run2_p14,125.92,65.0,,,n/a
10901.941,,gemma3:4b,run2_p14,126.72,65.0,,,n/a
10902.486,,gemma3:4b,run2_p14,126.10,65.0,,,n/a
10903.012,,gemma3:4b,run2_p14,125.92,65.0,,,n/a
10903.539,,gemma3:4b,run2_p14,126.14,65.0,,,n/a
10904.063,,gemma3:4b,run2_p14,126.13,65.0,,,n/a
10904.589,,gemma3:4b,run2_p14,126.66,65.0,,,n/a
10905.115,,gemma3:4b,run3_p0,103.97,56.0,,,n/a
10905.660,,gemma3:4b,run3_p0,91.00,63.0,,,n/a
10906.200,,gemma3:4b,run3_p1,82.55,56.0,,,n/a
10906.723,,gemma3:4b,run3_p1,82.81,61.0,,,n/a
10907.291,,gemma3:4b,run3_p1,108.17,65.0,,,n/a
10907.814,,gemma3:4b,run3_p1,129.47,65.0,,,n/a
10908.340,,gemma3:4b,run3_p1,127.71,65.0,,,n/a
10908.870,,gemma3:4b,run3_p2,128.18,66.0,,,n/a
10909.398,,gemma3:4b,run3_p2,114.05,57.0,,,n/a
10909.936,,gemma3:4b,run3_p3,100.06,65.0,,,n/a
10910.462,,gemma3:4b,run3_p3,100.02,55.0,,,n/a
10911.024,,gemma3:4b,run3_p3,106.88,65.0,,,n/a
10911.551,,gemma3:4b,run3_p3,129.28,65.0,,,n/a
10912.084,,gemma3:4b,run3_p4,103.03,55.0,,,n/a
10912.609,,gemma3:4b,run3_p4,86.69,63.0,,,n/a
10913.137,,gemma3:4b,run3_p5,81.44,54.0,,,n/a
10913.661,,gemma3:4b,run3_p5,84.72,63.0,,,n/a
10914.185,,gemma3:4b,run3_p5,108.73,64.0,,,n/a
10914.725,,gemma3:4b,run3_p6,91.56,54.0,,,n/a
10915.250,,gemma3:4b,run3_p6,73.17,61.0,,,n/a
10915.776,,gemma3:4b,run3_p6,110.22,64.0,,,n/a
10916.306,,gemma3:4b,run3_p6,128.55,64.0,,,n/a
10916.829,,gemma3:4b,run3_p6,128.79,65.0,,,n/a
10917.356,,gemma3:4b,run3_p6,129.23,65.0,,,n/a
10917.880,,gemma3:4b,run3_p6,127.73,64.0,,,n/a
10918.408,,gemma3:4b,run3_p6,126.17,64.0,,,n/a
10918.933,,gemma3:4b,run3_p6,126.50,64.0,,,n/a
10919.457,,gemma3:4b,run3_p6,127.31,64.0,,,n/a
10919.980,,gemma3:4b,run3_p6,128.07,65.0,,,n/a
10920.504,,gemma3:4b,run3_p6,128.86,65.0,,,n/a
10921.026,,gemma3:4b,run3_p6,128.96,65.0,,,n/a
10921.553,,gemma3:4b,run3_p6,128.12,65.0,,,n/a
10922.075,,gemma3:4b,run3_p6,127.54,65.0,,,n/a
10922.598,,gemma3:4b,run3_p6,127.92,65.0,,,n/a
10923.120,,gemma3:4b,run3_p6,128.01,65.0,,,n/a
10923.645,,gemma3:4b,run3_p6,127.99,65.0,,,n/a
10924.169,,gemma3:4b,run3_p6,128.40,65.0,,,n/a
10924.691,,gemma3:4b,run3_p6,128.00,65.0,,,n/a
10925.215,,gemma3:4b,run3_p6,127.24,65.0,,,n/a
10925.756,,gemma3:4b,run3_p6,126.71,65.0,,,n/a
10926.282,,gemma3:4b,run3_p7,108.44,63.0,,,n/a
10926.807,,gemma3:4b,run3_p7,87.03,54.0,,,n/a
10927.346,,gemma3:4b,run3_p7,103.98,64.0,,,n/a
10927.871,,gemma3:4b,run3_p7,125.03,64.0,,,n/a
10928.396,,gemma3:4b,run3_p7,127.67,64.0,,,n/a
10928.920,,gemma3:4b,run3_p7,129.20,65.0,,,n/a
10929.445,,gemma3:4b,run3_p7,129.46,66.0,,,n/a
10929.974,,gemma3:4b,run3_p7,129.87,65.0,,,n/a
10930.498,,gemma3:4b,run3_p7,128.08,64.0,,,n/a
10931.026,,gemma3:4b,run3_p7,126.90,65.0,,,n/a
10931.554,,gemma3:4b,run3_p7,125.85,64.0,,,n/a
10932.087,,gemma3:4b,run3_p7,125.36,65.0,,,n/a
10932.618,,gemma3:4b,run3_p7,126.36,65.0,,,n/a
10933.142,,gemma3:4b,run3_p7,127.70,65.0,,,n/a
10933.674,,gemma3:4b,run3_p7,128.03,66.0,,,n/a
10934.201,,gemma3:4b,run3_p7,126.86,65.0,,,n/a
10934.725,,gemma3:4b,run3_p7,126.96,65.0,,,n/a
10935.250,,gemma3:4b,run3_p7,127.95,65.0,,,n/a
10935.774,,gemma3:4b,run3_p7,128.10,65.0,,,n/a
10936.297,,gemma3:4b,run3_p7,127.67,65.0,,,n/a
10936.820,,gemma3:4b,run3_p7,127.84,65.0,,,n/a
10937.344,,gemma3:4b,run3_p7,128.05,66.0,,,n/a
10937.877,,gemma3:4b,run3_p7,128.26,66.0,,,n/a
10938.405,,gemma3:4b,run3_p7,128.17,65.0,,,n/a
10938.932,,gemma3:4b,run3_p7,127.70,65.0,,,n/a
10939.458,,gemma3:4b,run3_p7,127.39,65.0,,,n/a
10939.998,,gemma3:4b,run3_p8,96.83,55.0,,,n/a
10940.525,,gemma3:4b,run3_p8,83.65,63.0,,,n/a
10941.073,,gemma3:4b,run3_p8,107.00,65.0,,,n/a
10941.602,,gemma3:4b,run3_p8,127.97,65.0,,,n/a
10942.131,,gemma3:4b,run3_p8,127.30,65.0,,,n/a
10942.662,,gemma3:4b,run3_p8,128.20,65.0,,,n/a
10943.186,,gemma3:4b,run3_p8,128.18,65.0,,,n/a
10943.711,,gemma3:4b,run3_p8,128.36,65.0,,,n/a
10944.236,,gemma3:4b,run3_p8,128.91,65.0,,,n/a
10944.761,,gemma3:4b,run3_p8,128.44,65.0,,,n/a
10945.287,,gemma3:4b,run3_p8,128.03,65.0,,,n/a
10945.810,,gemma3:4b,run3_p8,128.38,65.0,,,n/a
10946.333,,gemma3:4b,run3_p8,128.66,65.0,,,n/a
10946.861,,gemma3:4b,run3_p8,128.62,65.0,,,n/a
10947.386,,gemma3:4b,run3_p8,128.07,65.0,,,n/a
10947.912,,gemma3:4b,run3_p8,128.32,66.0,,,n/a
10948.437,,gemma3:4b,run3_p8,128.50,65.0,,,n/a
10948.961,,gemma3:4b,run3_p8,128.39,65.0,,,n/a
10949.489,,gemma3:4b,run3_p8,128.64,65.0,,,n/a
10950.014,,gemma3:4b,run3_p8,128.04,65.0,,,n/a
10950.539,,gemma3:4b,run3_p8,127.94,66.0,,,n/a
10951.062,,gemma3:4b,run3_p8,127.84,66.0,,,n/a
10951.589,,gemma3:4b,run3_p8,128.02,66.0,,,n/a
10952.114,,gemma3:4b,run3_p8,127.90,65.0,,,n/a
10952.639,,gemma3:4b,run3_p8,127.47,65.0,,,n/a
10953.165,,gemma3:4b,run3_p9,102.99,59.0,,,n/a
10953.690,,gemma3:4b,run3_p9,83.49,54.0,,,n/a
10954.214,,gemma3:4b,run3_p9,107.96,64.0,,,n/a
10954.739,,gemma3:4b,run3_p9,126.56,64.0,,,n/a
10955.265,,gemma3:4b,run3_p9,126.37,65.0,,,n/a
10955.799,,gemma3:4b,run3_p10,100.62,66.0,,,n/a
10956.323,,gemma3:4b,run3_p10,84.21,54.0,,,n/a
10956.847,,gemma3:4b,run3_p10,112.05,65.0,,,n/a
10957.372,,gemma3:4b,run3_p10,129.52,65.0,,,n/a
10957.895,,gemma3:4b,run3_p10,129.27,65.0,,,n/a
10958.420,,gemma3:4b,run3_p10,128.75,65.0,,,n/a
10958.947,,gemma3:4b,run3_p10,128.70,65.0,,,n/a
10959.470,,gemma3:4b,run3_p10,128.25,66.0,,,n/a
10959.995,,gemma3:4b,run3_p10,127.88,64.0,,,n/a
10960.520,,gemma3:4b,run3_p10,125.99,65.0,,,n/a
10961.043,,gemma3:4b,run3_p10,125.11,65.0,,,n/a
10961.568,,gemma3:4b,run3_p10,127.06,65.0,,,n/a
10962.091,,gemma3:4b,run3_p10,127.86,65.0,,,n/a
10962.618,,gemma3:4b,run3_p10,127.62,65.0,,,n/a
10963.142,,gemma3:4b,run3_p10,128.51,65.0,,,n/a
10963.666,,gemma3:4b,run3_p10,128.21,65.0,,,n/a
10964.190,,gemma3:4b,run3_p10,127.75,65.0,,,n/a
10964.716,,gemma3:4b,run3_p10,127.99,65.0,,,n/a
10965.238,,gemma3:4b,run3_p10,127.81,65.0,,,n/a
10965.767,,gemma3:4b,run3_p11,108.49,56.0,,,n/a
10966.292,,gemma3:4b,run3_p11,92.06,63.0,,,n/a
10966.825,,gemma3:4b,run3_p11,112.78,65.0,,,n/a
10967.347,,gemma3:4b,run3_p11,130.52,65.0,,,n/a
10967.869,,gemma3:4b,run3_p11,129.85,65.0,,,n/a
10968.392,,gemma3:4b,run3_p11,129.62,66.0,,,n/a
10968.916,,gemma3:4b,run3_p11,128.70,66.0,,,n/a
10969.439,,gemma3:4b,run3_p11,128.54,65.0,,,n/a
10969.966,,gemma3:4b,run3_p11,129.05,66.0,,,n/a
10970.493,,gemma3:4b,run3_p11,129.12,66.0,,,n/a
10971.016,,gemma3:4b,run3_p11,129.46,65.0,,,n/a
10971.540,,gemma3:4b,run3_p11,128.35,66.0,,,n/a
10972.069,,gemma3:4b,run3_p11,126.60,64.0,,,n/a
10972.592,,gemma3:4b,run3_p11,126.24,65.0,,,n/a
10973.116,,gemma3:4b,run3_p11,127.66,66.0,,,n/a
10973.639,,gemma3:4b,run3_p11,128.97,66.0,,,n/a
10974.166,,gemma3:4b,run3_p11,129.48,66.0,,,n/a
10974.690,,gemma3:4b,run3_p11,129.21,66.0,,,n/a
10975.213,,gemma3:4b,run3_p11,127.75,65.0,,,n/a
10975.736,,gemma3:4b,run3_p11,127.07,65.0,,,n/a
10976.265,,gemma3:4b,run3_p11,128.27,66.0,,,n/a
10976.791,,gemma3:4b,run3_p11,127.85,66.0,,,n/a
10977.315,,gemma3:4b,run3_p11,127.01,66.0,,,n/a
10977.837,,gemma3:4b,run3_p11,127.76,65.0,,,n/a
10978.366,,gemma3:4b,run3_p11,128.16,65.0,,,n/a
10978.896,,gemma3:4b,run3_p11,128.60,65.0,,,n/a
10979.417,,gemma3:4b,run3_p11,128.15,65.0,,,n/a
10979.944,,gemma3:4b,run3_p11,127.03,65.0,,,n/a
10980.467,,gemma3:4b,run3_p11,127.41,65.0,,,n/a
10980.990,,gemma3:4b,run3_p11,128.06,65.0,,,n/a
10981.513,,gemma3:4b,run3_p11,127.61,65.0,,,n/a
10982.036,,gemma3:4b,run3_p11,126.70,66.0,,,n/a
10982.587,,gemma3:4b,run3_p12,123.79,65.0,,,n/a
10983.143,,gemma3:4b,run3_p12,109.58,56.0,,,n/a
10983.665,,gemma3:4b,run3_p12,113.68,65.0,,,n/a
10984.193,,gemma3:4b,run3_p12,129.29,66.0,,,n/a
10984.714,,gemma3:4b,run3_p12,129.57,66.0,,,n/a
10985.238,,gemma3:4b,run3_p12,129.92,65.0,,,n/a
10985.761,,gemma3:4b,run3_p12,129.52,66.0,,,n/a
10986.325,,gemma3:4b,run3_p13,128.93,65.0,,,n/a
10986.848,,gemma3:4b,run3_p13,113.18,65.0,,,n/a
10987.370,,gemma3:4b,run3_p13,113.46,65.0,,,n/a
10987.893,,gemma3:4b,run3_p13,129.33,66.0,,,n/a
10988.416,,gemma3:4b,run3_p13,129.58,66.0,,,n/a
10988.940,,gemma3:4b,run3_p13,130.07,66.0,,,n/a
10989.464,,gemma3:4b,run3_p13,130.04,66.0,,,n/a
10989.990,,gemma3:4b,run3_p13,129.54,65.0,,,n/a
10990.511,,gemma3:4b,run3_p13,129.22,66.0,,,n/a
10991.033,,gemma3:4b,run3_p13,130.10,66.0,,,n/a
10991.555,,gemma3:4b,run3_p13,130.22,66.0,,,n/a
10992.079,,gemma3:4b,run3_p13,130.14,66.0,,,n/a
10992.606,,gemma3:4b,run3_p13,129.85,66.0,,,n/a
10993.133,,gemma3:4b,run3_p13,129.74,66.0,,,n/a
10993.660,,gemma3:4b,run3_p13,128.36,66.0,,,n/a
10994.181,,gemma3:4b,run3_p13,127.96,66.0,,,n/a
10994.702,,gemma3:4b,run3_p13,128.92,66.0,,,n/a
10995.225,,gemma3:4b,run3_p13,128.62,66.0,,,n/a
10995.748,,gemma3:4b,run3_p13,128.47,66.0,,,n/a
10996.272,,gemma3:4b,run3_p13,128.18,66.0,,,n/a
10996.797,,gemma3:4b,run3_p14,101.75,58.0,,,n/a
10997.321,,gemma3:4b,run3_p14,84.83,60.0,,,n/a
10997.848,,gemma3:4b,run3_p14,103.08,65.0,,,n/a
10998.372,,gemma3:4b,run3_p14,128.00,65.0,,,n/a
10998.896,,gemma3:4b,run3_p14,128.69,64.0,,,n/a
10999.421,,gemma3:4b,run3_p14,129.48,65.0,,,n/a
10999.946,,gemma3:4b,run3_p14,129.47,66.0,,,n/a
11000.469,,gemma3:4b,run3_p14,129.24,66.0,,,n/a
11000.997,,gemma3:4b,run3_p14,128.82,65.0,,,n/a
11001.526,,gemma3:4b,run3_p14,128.75,65.0,,,n/a
11002.053,,gemma3:4b,run3_p14,129.04,66.0,,,n/a
11002.577,,gemma3:4b,run3_p14,128.74,65.0,,,n/a
11003.101,,gemma3:4b,run3_p14,127.75,64.0,,,n/a
11003.625,,gemma3:4b,run3_p14,127.78,65.0,,,n/a
11004.154,,gemma3:4b,run3_p14,128.68,66.0,,,n/a
11004.677,,gemma3:4b,run3_p14,128.49,65.0,,,n/a
11005.205,,gemma3:4b,run3_p14,128.29,66.0,,,n/a
11005.729,,gemma3:4b,run3_p14,127.12,65.0,,,n/a
11006.256,,gemma3:4b,run3_p14,127.48,64.0,,,n/a
11006.784,,gemma3:4b,run3_p14,129.12,66.0,,,n/a
11007.306,,gemma3:4b,run3_p14,128.80,65.0,,,n/a
11007.831,,gemma3:4b,run3_p14,128.17,65.0,,,n/a
11008.356,,gemma3:4b,run3_p14,128.09,66.0,,,n/a
11008.879,,gemma3:4b,run3_p14,128.80,66.0,,,n/a
11009.403,,gemma3:4b,run3_p14,128.95,66.0,,,n/a
11009.927,,gemma3:4b,run3_p14,128.64,66.0,,,n/a
11010.451,,gemma3:4b,run3_p14,128.55,66.0,,,n/a
11010.974,,gemma3:4b,run3_p14,128.20,66.0,,,n/a
11034.281,,llama3.2:1b,idle,34.16,47.0,,,n/a
11034.804,,llama3.2:1b,idle,34.49,47.0,,,n/a
11035.328,,llama3.2:1b,idle,32.01,47.0,,,n/a
11035.850,,llama3.2:1b,idle,24.67,46.0,,,n/a
11036.376,,llama3.2:1b,idle,18.31,45.0,,,n/a
11036.904,,llama3.2:1b,idle,17.52,45.0,,,n/a
11037.435,,llama3.2:1b,idle,17.57,45.0,,,n/a
11037.958,,llama3.2:1b,idle,17.56,45.0,,,n/a
11038.486,,llama3.2:1b,idle,23.06,45.0,,,n/a
11039.010,,llama3.2:1b,idle,32.32,46.0,,,n/a
11039.533,,llama3.2:1b,idle,34.15,47.0,,,n/a
11040.057,,llama3.2:1b,idle,34.26,47.0,,,n/a
11040.581,,llama3.2:1b,idle,34.29,47.0,,,n/a
11041.105,,llama3.2:1b,idle,33.88,47.0,,,n/a
11041.627,,llama3.2:1b,idle,26.58,45.0,,,n/a
11042.150,,llama3.2:1b,idle,19.25,45.0,,,n/a
11042.677,,llama3.2:1b,idle,17.86,45.0,,,n/a
11043.202,,llama3.2:1b,idle,17.68,45.0,,,n/a
11043.726,,llama3.2:1b,idle,17.60,45.0,,,n/a
11044.250,,llama3.2:1b,idle,17.40,45.0,,,n/a
11044.789,,llama3.2:1b,run1_p0,17.29,44.0,,,n/a
11045.322,,llama3.2:1b,run1_p1,21.43,45.0,,,n/a
11045.851,,llama3.2:1b,run1_p2,37.71,47.0,,,n/a
11046.377,,llama3.2:1b,run1_p3,51.36,47.0,,,n/a
11046.908,,llama3.2:1b,run1_p4,69.41,47.0,,,n/a
11047.431,,llama3.2:1b,run1_p4,87.60,51.0,,,n/a
11047.955,,llama3.2:1b,run1_p5,65.39,55.0,,,n/a
11048.481,,llama3.2:1b,run1_p5,67.22,55.0,,,n/a
11049.009,,llama3.2:1b,run1_p6,65.79,48.0,,,n/a
11049.537,,llama3.2:1b,run1_p6,68.23,55.0,,,n/a
11050.060,,llama3.2:1b,run1_p6,93.73,56.0,,,n/a
11050.583,,llama3.2:1b,run1_p6,103.61,56.0,,,n/a
11051.107,,llama3.2:1b,run1_p6,102.95,56.0,,,n/a
11051.631,,llama3.2:1b,run1_p7,74.75,50.0,,,n/a
11052.161,,llama3.2:1b,run1_p7,66.58,54.0,,,n/a
11052.688,,llama3.2:1b,run1_p7,94.41,56.0,,,n/a
11053.215,,llama3.2:1b,run1_p7,102.45,56.0,,,n/a
11053.740,,llama3.2:1b,run1_p7,102.58,57.0,,,n/a
11054.264,,llama3.2:1b,run1_p7,103.16,57.0,,,n/a
11054.793,,llama3.2:1b,run1_p8,83.71,57.0,,,n/a
11055.323,,llama3.2:1b,run1_p8,75.67,50.0,,,n/a
11055.849,,llama3.2:1b,run1_p8,94.98,56.0,,,n/a
11056.372,,llama3.2:1b,run1_p8,103.00,57.0,,,n/a
11056.898,,llama3.2:1b,run1_p8,103.50,58.0,,,n/a
11057.427,,llama3.2:1b,run1_p8,103.98,58.0,,,n/a
11057.953,,llama3.2:1b,run1_p8,104.08,57.0,,,n/a
11058.491,,llama3.2:1b,run1_p9,89.28,53.0,,,n/a
11059.026,,llama3.2:1b,run1_p9,79.42,56.0,,,n/a
11059.555,,llama3.2:1b,run1_p9,94.24,58.0,,,n/a
11060.083,,llama3.2:1b,run1_p10,102.36,58.0,,,n/a
11060.613,,llama3.2:1b,run1_p10,95.43,57.0,,,n/a
11061.135,,llama3.2:1b,run1_p10,95.81,58.0,,,n/a
11061.660,,llama3.2:1b,run1_p10,105.16,58.0,,,n/a
11062.193,,llama3.2:1b,run1_p11,92.70,59.0,,,n/a
11062.718,,llama3.2:1b,run1_p11,86.59,55.0,,,n/a
11063.243,,llama3.2:1b,run1_p11,93.24,59.0,,,n/a
11063.773,,llama3.2:1b,run1_p11,105.70,59.0,,,n/a
11064.300,,llama3.2:1b,run1_p11,106.03,59.0,,,n/a
11064.825,,llama3.2:1b,run1_p11,105.61,59.0,,,n/a
11065.349,,llama3.2:1b,run1_p11,105.78,59.0,,,n/a
11065.874,,llama3.2:1b,run1_p11,107.12,60.0,,,n/a
11066.396,,llama3.2:1b,run1_p11,105.90,59.0,,,n/a
11066.923,,llama3.2:1b,run1_p11,105.56,59.0,,,n/a
11067.446,,llama3.2:1b,run1_p11,106.83,60.0,,,n/a
11067.968,,llama3.2:1b,run1_p11,107.34,60.0,,,n/a
11068.493,,llama3.2:1b,run1_p12,90.76,53.0,,,n/a
11069.020,,llama3.2:1b,run1_p12,84.08,59.0,,,n/a
11069.544,,llama3.2:1b,run1_p12,93.08,60.0,,,n/a
11070.070,,llama3.2:1b,run1_p12,104.87,60.0,,,n/a
11070.598,,llama3.2:1b,run1_p13,87.53,54.0,,,n/a
11071.194,,llama3.2:1b,run1_p13,81.04,59.0,,,n/a
11071.718,,llama3.2:1b,run1_p13,99.17,59.0,,,n/a
11072.245,,llama3.2:1b,run1_p13,105.86,60.0,,,n/a
11072.770,,llama3.2:1b,run1_p13,106.31,60.0,,,n/a
11073.295,,llama3.2:1b,run1_p13,107.21,60.0,,,n/a
11073.818,,llama3.2:1b,run1_p13,107.77,60.0,,,n/a
11074.352,,llama3.2:1b,run1_p14,88.01,60.0,,,n/a
11074.875,,llama3.2:1b,run1_p14,81.39,59.0,,,n/a
11075.399,,llama3.2:1b,run1_p14,93.98,60.0,,,n/a
11075.921,,llama3.2:1b,run1_p14,105.85,60.0,,,n/a
11076.446,,llama3.2:1b,run1_p14,106.35,60.0,,,n/a
11076.971,,llama3.2:1b,run1_p14,106.45,60.0,,,n/a
11077.494,,llama3.2:1b,run1_p14,106.30,60.0,,,n/a
11078.017,,llama3.2:1b,run1_p14,106.68,60.0,,,n/a
11078.548,,llama3.2:1b,run2_p0,90.18,55.0,,,n/a
11079.075,,llama3.2:1b,run2_p1,56.45,53.0,,,n/a
11079.602,,llama3.2:1b,run2_p2,49.83,55.0,,,n/a
11080.136,,llama3.2:1b,run2_p3,54.78,57.0,,,n/a
11080.711,,llama3.2:1b,run2_p4,71.21,57.0,,,n/a
11081.239,,llama3.2:1b,run2_p5,75.91,57.0,,,n/a
11081.762,,llama3.2:1b,run2_p5,75.77,59.0,,,n/a
11082.296,,llama3.2:1b,run2_p6,81.79,53.0,,,n/a
11082.823,,llama3.2:1b,run2_p6,83.70,59.0,,,n/a
11083.348,,llama3.2:1b,run2_p6,95.18,60.0,,,n/a
11083.872,,llama3.2:1b,run2_p6,106.38,60.0,,,n/a
11084.394,,llama3.2:1b,run2_p6,105.91,60.0,,,n/a
11084.917,,llama3.2:1b,run2_p6,106.59,61.0,,,n/a
11085.449,,llama3.2:1b,run2_p7,81.30,53.0,,,n/a
11085.973,,llama3.2:1b,run2_p7,70.45,58.0,,,n/a
11086.496,,llama3.2:1b,run2_p7,96.58,60.0,,,n/a
11087.019,,llama3.2:1b,run2_p7,106.30,60.0,,,n/a
11087.542,,llama3.2:1b,run2_p7,106.60,60.0,,,n/a
11088.070,,llama3.2:1b,run2_p7,106.85,60.0,,,n/a
11088.597,,llama3.2:1b,run2_p8,86.60,60.0,,,n/a
11089.126,,llama3.2:1b,run2_p8,77.71,55.0,,,n/a
11089.648,,llama3.2:1b,run2_p8,91.66,60.0,,,n/a
11090.172,,llama3.2:1b,run2_p8,105.90,60.0,,,n/a
11090.696,,llama3.2:1b,run2_p8,105.21,60.0,,,n/a
11091.221,,llama3.2:1b,run2_p8,105.02,60.0,,,n/a
11091.748,,llama3.2:1b,run2_p8,106.33,60.0,,,n/a
11092.272,,llama3.2:1b,run2_p8,107.95,61.0,,,n/a
11092.800,,llama3.2:1b,run2_p9,95.41,54.0,,,n/a
11093.322,,llama3.2:1b,run2_p9,84.22,60.0,,,n/a
11093.864,,llama3.2:1b,run2_p9,96.64,61.0,,,n/a
11094.390,,llama3.2:1b,run2_p9,106.75,60.0,,,n/a
11094.916,,llama3.2:1b,run2_p10,80.64,54.0,,,n/a
11095.441,,llama3.2:1b,run2_p10,75.84,59.0,,,n/a
11095.966,,llama3.2:1b,run2_p10,95.78,61.0,,,n/a
11096.489,,llama3.2:1b,run2_p10,106.69,61.0,,,n/a
11097.018,,llama3.2:1b,run2_p11,103.10,60.0,,,n/a
11097.543,,llama3.2:1b,run2_p11,98.18,60.0,,,n/a
11098.069,,llama3.2:1b,run2_p11,98.53,61.0,,,n/a
11098.593,,llama3.2:1b,run2_p11,105.86,61.0,,,n/a
11099.115,,llama3.2:1b,run2_p11,106.22,61.0,,,n/a
11099.637,,llama3.2:1b,run2_p11,106.77,61.0,,,n/a
11100.160,,llama3.2:1b,run2_p11,106.85,61.0,,,n/a
11100.681,,llama3.2:1b,run2_p11,107.25,61.0,,,n/a
11101.205,,llama3.2:1b,run2_p11,108.29,61.0,,,n/a
11101.728,,llama3.2:1b,run2_p11,108.82,61.0,,,n/a
11102.251,,llama3.2:1b,run2_p11,108.51,61.0,,,n/a
11102.774,,llama3.2:1b,run2_p11,108.51,62.0,,,n/a
11103.297,,llama3.2:1b,run2_p11,109.32,62.0,,,n/a
11103.829,,llama3.2:1b,run2_p12,86.80,54.0,,,n/a
11104.351,,llama3.2:1b,run2_p12,77.53,60.0,,,n/a
11104.876,,llama3.2:1b,run2_p12,98.53,61.0,,,n/a
11105.399,,llama3.2:1b,run2_p12,106.75,61.0,,,n/a
11105.930,,llama3.2:1b,run2_p13,94.67,57.0,,,n/a
11106.456,,llama3.2:1b,run2_p13,85.36,60.0,,,n/a
11106.981,,llama3.2:1b,run2_p13,98.22,61.0,,,n/a
11107.506,,llama3.2:1b,run2_p13,107.42,61.0,,,n/a
11108.029,,llama3.2:1b,run2_p13,107.05,61.0,,,n/a
11108.551,,llama3.2:1b,run2_p13,107.97,61.0,,,n/a
11109.078,,llama3.2:1b,run2_p14,91.67,62.0,,,n/a
11109.601,,llama3.2:1b,run2_p14,82.43,55.0,,,n/a
11110.128,,llama3.2:1b,run2_p14,98.64,61.0,,,n/a
11110.650,,llama3.2:1b,run2_p14,107.25,61.0,,,n/a
11111.173,,llama3.2:1b,run2_p14,107.41,61.0,,,n/a
11111.697,,llama3.2:1b,run2_p14,107.42,61.0,,,n/a
11112.221,,llama3.2:1b,run2_p14,107.31,61.0,,,n/a
11112.744,,llama3.2:1b,run2_p14,107.29,61.0,,,n/a
11113.268,,llama3.2:1b,run2_p14,106.85,61.0,,,n/a
11113.793,,llama3.2:1b,run3_p0,106.99,61.0,,,n/a
11114.319,,llama3.2:1b,run3_p1,80.34,54.0,,,n/a
11114.851,,llama3.2:1b,run3_p2,57.53,59.0,,,n/a
11115.392,,llama3.2:1b,run3_p3,62.13,57.0,,,n/a
11115.920,,llama3.2:1b,run3_p4,72.23,58.0,,,n/a
11116.449,,llama3.2:1b,run3_p5,81.65,59.0,,,n/a
11116.979,,llama3.2:1b,run3_p5,83.01,57.0,,,n/a
11117.507,,llama3.2:1b,run3_p6,75.83,60.0,,,n/a
11118.032,,llama3.2:1b,run3_p6,77.29,53.0,,,n/a
11118.562,,llama3.2:1b,run3_p6,94.59,60.0,,,n/a
11119.086,,llama3.2:1b,run3_p6,105.64,60.0,,,n/a
11119.617,,llama3.2:1b,run3_p6,106.08,61.0,,,n/a
11120.142,,llama3.2:1b,run3_p6,106.22,61.0,,,n/a
11120.672,,llama3.2:1b,run3_p6,106.42,61.0,,,n/a
11121.202,,llama3.2:1b,run3_p7,82.93,53.0,,,n/a
11121.728,,llama3.2:1b,run3_p7,75.50,60.0,,,n/a
11122.258,,llama3.2:1b,run3_p7,92.90,61.0,,,n/a
11122.786,,llama3.2:1b,run3_p7,106.15,61.0,,,n/a
11123.310,,llama3.2:1b,run3_p7,106.14,61.0,,,n/a
11123.835,,llama3.2:1b,run3_p7,106.40,61.0,,,n/a
11124.391,,llama3.2:1b,run3_p8,96.02,61.0,,,n/a
11124.917,,llama3.2:1b,run3_p8,93.50,60.0,,,n/a
11125.440,,llama3.2:1b,run3_p8,97.58,61.0,,,n/a
11125.964,,llama3.2:1b,run3_p8,107.14,61.0,,,n/a
11126.488,,llama3.2:1b,run3_p8,107.92,61.0,,,n/a
11127.016,,llama3.2:1b,run3_p8,108.08,61.0,,,n/a
11127.540,,llama3.2:1b,run3_p8,107.96,61.0,,,n/a
11128.065,,llama3.2:1b,run3_p8,108.18,61.0,,,n/a
11128.590,,llama3.2:1b,run3_p8,108.36,61.0,,,n/a
11129.115,,llama3.2:1b,run3_p9,82.08,61.0,,,n/a
11129.638,,llama3.2:1b,run3_p9,74.04,53.0,,,n/a
11130.161,,llama3.2:1b,run3_p9,92.94,61.0,,,n/a
11130.739,,llama3.2:1b,run3_p10,98.34,56.0,,,n/a
11131.262,,llama3.2:1b,run3_p10,92.51,60.0,,,n/a
11131.783,,llama3.2:1b,run3_p10,100.29,61.0,,,n/a
11132.305,,llama3.2:1b,run3_p10,106.26,61.0,,,n/a
11132.831,,llama3.2:1b,run3_p10,106.74,61.0,,,n/a
11133.361,,llama3.2:1b,run3_p11,80.52,55.0,,,n/a
11133.883,,llama3.2:1b,run3_p11,73.92,59.0,,,n/a
11134.407,,llama3.2:1b,run3_p11,93.79,60.0,,,n/a
11134.932,,llama3.2:1b,run3_p11,105.72,61.0,,,n/a
11135.456,,llama3.2:1b,run3_p11,105.67,61.0,,,n/a
11135.980,,llama3.2:1b,run3_p11,105.86,61.0,,,n/a
11136.502,,llama3.2:1b,run3_p11,106.14,61.0,,,n/a
11137.026,,llama3.2:1b,run3_p11,105.91,61.0,,,n/a
11137.550,,llama3.2:1b,run3_p11,105.44,61.0,,,n/a
11138.076,,llama3.2:1b,run3_p11,105.40,61.0,,,n/a
11138.598,,llama3.2:1b,run3_p11,105.89,61.0,,,n/a
11139.124,,llama3.2:1b,run3_p11,106.90,61.0,,,n/a
11139.649,,llama3.2:1b,run3_p11,107.78,61.0,,,n/a
11140.173,,llama3.2:1b,run3_p11,107.91,62.0,,,n/a
11140.696,,llama3.2:1b,run3_p12,83.31,54.0,,,n/a
11141.219,,llama3.2:1b,run3_p12,75.13,60.0,,,n/a
11141.741,,llama3.2:1b,run3_p12,92.72,61.0,,,n/a
11142.266,,llama3.2:1b,run3_p12,106.09,61.0,,,n/a
11142.854,,llama3.2:1b,run3_p13,89.74,61.0,,,n/a
11143.377,,llama3.2:1b,run3_p13,88.09,59.0,,,n/a
11143.903,,llama3.2:1b,run3_p13,96.80,60.0,,,n/a
11144.428,,llama3.2:1b,run3_p13,105.81,61.0,,,n/a
11144.951,,llama3.2:1b,run3_p13,105.89,60.0,,,n/a
11145.475,,llama3.2:1b,run3_p13,106.03,61.0,,,n/a
11145.998,,llama3.2:1b,run3_p13,106.57,61.0,,,n/a
11146.526,,llama3.2:1b,run3_p14,78.03,53.0,,,n/a
11147.049,,llama3.2:1b,run3_p14,70.14,60.0,,,n/a
11147.575,,llama3.2:1b,run3_p14,98.29,61.0,,,n/a
11148.103,,llama3.2:1b,run3_p14,105.43,61.0,,,n/a
11148.628,,llama3.2:1b,run3_p14,105.61,61.0,,,n/a
11149.151,,llama3.2:1b,run3_p14,106.38,61.0,,,n/a
11149.675,,llama3.2:1b,run3_p14,106.48,61.0,,,n/a
11150.200,,llama3.2:1b,run3_p14,106.69,61.0,,,n/a
11185.792,,llama3.2:3b,idle,17.80,44.0,,,n/a
11186.317,,llama3.2:3b,idle,16.84,44.0,,,n/a
11186.841,,llama3.2:3b,idle,16.53,44.0,,,n/a
11187.365,,llama3.2:3b,idle,16.39,44.0,,,n/a
11187.891,,llama3.2:3b,idle,16.25,44.0,,,n/a
11188.413,,llama3.2:3b,idle,16.47,44.0,,,n/a
11188.941,,llama3.2:3b,idle,17.00,44.0,,,n/a
11189.466,,llama3.2:3b,idle,17.33,44.0,,,n/a
11189.994,,llama3.2:3b,idle,17.33,44.0,,,n/a
11190.554,,llama3.2:3b,idle,17.34,44.0,,,n/a
11191.077,,llama3.2:3b,idle,17.06,44.0,,,n/a
11191.603,,llama3.2:3b,idle,16.50,43.0,,,n/a
11192.128,,llama3.2:3b,idle,16.48,43.0,,,n/a
11192.651,,llama3.2:3b,idle,16.48,43.0,,,n/a
11193.185,,llama3.2:3b,idle,16.39,43.0,,,n/a
11193.707,,llama3.2:3b,idle,16.33,43.0,,,n/a
11194.231,,llama3.2:3b,idle,16.30,43.0,,,n/a
11194.755,,llama3.2:3b,idle,16.26,43.0,,,n/a
11195.282,,llama3.2:3b,idle,16.26,43.0,,,n/a
11195.817,,llama3.2:3b,run1_p0,16.33,43.0,,,n/a
11196.350,,llama3.2:3b,run1_p0,16.73,43.0,,,n/a
11196.877,,llama3.2:3b,run1_p0,16.89,43.0,,,n/a
11197.404,,llama3.2:3b,run1_p0,17.00,43.0,,,n/a
11197.930,,llama3.2:3b,run1_p0,17.23,43.0,,,n/a
11198.461,,llama3.2:3b,run1_p0,17.25,43.0,,,n/a
11198.986,,llama3.2:3b,run1_p0,17.27,43.0,,,n/a
11199.511,,llama3.2:3b,run1_p0,17.45,43.0,,,n/a
11200.036,,llama3.2:3b,run1_p0,17.51,43.0,,,n/a
11200.563,,llama3.2:3b,run1_p0,18.65,43.0,,,n/a
11201.094,,llama3.2:3b,run1_p1,29.04,45.0,,,n/a
11201.658,,llama3.2:3b,run1_p1,65.85,50.0,,,n/a
11202.187,,llama3.2:3b,run1_p2,79.65,57.0,,,n/a
11202.716,,llama3.2:3b,run1_p3,67.27,46.0,,,n/a
11203.254,,llama3.2:3b,run1_p4,69.07,47.0,,,n/a
11203.781,,llama3.2:3b,run1_p5,86.36,57.0,,,n/a
11204.305,,llama3.2:3b,run1_p5,103.22,58.0,,,n/a
11204.849,,llama3.2:3b,run1_p6,114.10,58.0,,,n/a
11205.371,,llama3.2:3b,run1_p6,110.64,58.0,,,n/a
11205.898,,llama3.2:3b,run1_p6,111.97,59.0,,,n/a
11206.421,,llama3.2:3b,run1_p6,126.52,60.0,,,n/a
11206.944,,llama3.2:3b,run1_p6,126.99,60.0,,,n/a
11207.469,,llama3.2:3b,run1_p6,127.25,60.0,,,n/a
11208.021,,llama3.2:3b,run1_p7,123.89,60.0,,,n/a
11208.547,,llama3.2:3b,run1_p7,116.51,57.0,,,n/a
11209.073,,llama3.2:3b,run1_p7,116.60,61.0,,,n/a
11209.599,,llama3.2:3b,run1_p7,125.52,60.0,,,n/a
11210.123,,llama3.2:3b,run1_p7,125.31,61.0,,,n/a
11210.648,,llama3.2:3b,run1_p7,127.32,61.0,,,n/a
11211.174,,llama3.2:3b,run1_p7,127.96,61.0,,,n/a
11211.696,,llama3.2:3b,run1_p7,127.53,61.0,,,n/a
11212.224,,llama3.2:3b,run1_p8,108.42,61.0,,,n/a
11212.750,,llama3.2:3b,run1_p8,96.62,51.0,,,n/a
11213.277,,llama3.2:3b,run1_p8,115.89,62.0,,,n/a
11213.802,,llama3.2:3b,run1_p8,128.67,62.0,,,n/a
11214.327,,llama3.2:3b,run1_p8,129.15,62.0,,,n/a
11214.849,,llama3.2:3b,run1_p8,129.18,62.0,,,n/a
11215.377,,llama3.2:3b,run1_p8,128.96,62.0,,,n/a
11215.902,,llama3.2:3b,run1_p8,128.19,62.0,,,n/a
11216.429,,llama3.2:3b,run1_p8,127.29,62.0,,,n/a
11216.958,,llama3.2:3b,run1_p8,127.89,63.0,,,n/a
11217.484,,llama3.2:3b,run1_p8,128.09,62.0,,,n/a
11218.021,,llama3.2:3b,run1_p9,105.25,57.0,,,n/a
11218.545,,llama3.2:3b,run1_p9,95.56,60.0,,,n/a
11219.069,,llama3.2:3b,run1_p9,118.88,62.0,,,n/a
11219.592,,llama3.2:3b,run1_p9,129.43,63.0,,,n/a
11220.117,,llama3.2:3b,run1_p10,114.17,63.0,,,n/a
11220.642,,llama3.2:3b,run1_p10,103.25,56.0,,,n/a
11221.166,,llama3.2:3b,run1_p10,118.24,63.0,,,n/a
11221.689,,llama3.2:3b,run1_p10,129.36,63.0,,,n/a
11222.212,,llama3.2:3b,run1_p10,129.53,63.0,,,n/a
11222.739,,llama3.2:3b,run1_p11,89.37,63.0,,,n/a
11223.265,,llama3.2:3b,run1_p11,82.24,62.0,,,n/a
11223.794,,llama3.2:3b,run1_p11,114.72,64.0,,,n/a
11224.323,,llama3.2:3b,run1_p11,129.97,64.0,,,n/a
11224.856,,llama3.2:3b,run1_p11,129.60,64.0,,,n/a
11225.380,,llama3.2:3b,run1_p11,128.05,63.0,,,n/a
11225.902,,llama3.2:3b,run1_p11,127.07,64.0,,,n/a
11226.428,,llama3.2:3b,run1_p11,128.89,64.0,,,n/a
11226.950,,llama3.2:3b,run1_p11,130.37,64.0,,,n/a
11227.471,,llama3.2:3b,run1_p11,130.60,64.0,,,n/a
11227.993,,llama3.2:3b,run1_p11,130.52,64.0,,,n/a
11228.519,,llama3.2:3b,run1_p11,130.34,64.0,,,n/a
11229.041,,llama3.2:3b,run1_p11,130.34,64.0,,,n/a
11229.563,,llama3.2:3b,run1_p11,130.26,64.0,,,n/a
11230.085,,llama3.2:3b,run1_p11,130.40,64.0,,,n/a
11230.609,,llama3.2:3b,run1_p11,130.57,65.0,,,n/a
11231.131,,llama3.2:3b,run1_p11,131.12,65.0,,,n/a
11231.661,,llama3.2:3b,run1_p12,103.82,54.0,,,n/a
11232.182,,llama3.2:3b,run1_p12,94.83,63.0,,,n/a
11232.707,,llama3.2:3b,run1_p12,113.10,64.0,,,n/a
11233.230,,llama3.2:3b,run1_p12,129.49,65.0,,,n/a
11233.755,,llama3.2:3b,run1_p12,129.59,65.0,,,n/a
11234.282,,llama3.2:3b,run1_p13,121.50,64.0,,,n/a
11234.805,,llama3.2:3b,run1_p13,108.70,63.0,,,n/a
11235.328,,llama3.2:3b,run1_p13,117.00,65.0,,,n/a
11235.851,,llama3.2:3b,run1_p13,129.46,64.0,,,n/a
11236.377,,llama3.2:3b,run1_p13,127.70,64.0,,,n/a
11236.902,,llama3.2:3b,run1_p13,127.33,64.0,,,n/a
11237.425,,llama3.2:3b,run1_p13,128.60,65.0,,,n/a
11237.951,,llama3.2:3b,run1_p13,129.15,65.0,,,n/a
11238.476,,llama3.2:3b,run1_p13,127.67,65.0,,,n/a
11238.999,,llama3.2:3b,run1_p13,127.68,65.0,,,n/a
11239.526,,llama3.2:3b,run1_p14,107.64,65.0,,,n/a
11240.051,,llama3.2:3b,run1_p14,96.51,54.0,,,n/a
11240.578,,llama3.2:3b,run1_p14,108.46,64.0,,,n/a
11241.103,,llama3.2:3b,run1_p14,127.82,64.0,,,n/a
11241.627,,llama3.2:3b,run1_p14,129.07,65.0,,,n/a
11242.154,,llama3.2:3b,run1_p14,129.64,65.0,,,n/a
11242.679,,llama3.2:3b,run1_p14,130.00,65.0,,,n/a
11243.206,,llama3.2:3b,run1_p14,129.26,65.0,,,n/a
11243.734,,llama3.2:3b,run1_p14,128.54,65.0,,,n/a
11244.262,,llama3.2:3b,run1_p14,129.37,65.0,,,n/a
11244.786,,llama3.2:3b,run1_p14,129.15,65.0,,,n/a
11245.309,,llama3.2:3b,run1_p14,128.64,65.0,,,n/a
11245.834,,llama3.2:3b,run1_p14,129.57,65.0,,,n/a
11246.402,,llama3.2:3b,run2_p0,130.35,65.0,,,n/a
11246.930,,llama3.2:3b,run2_p1,96.45,57.0,,,n/a
11247.454,,llama3.2:3b,run2_p1,82.54,61.0,,,n/a
11247.985,,llama3.2:3b,run2_p2,90.59,65.0,,,n/a
11248.513,,llama3.2:3b,run2_p3,80.48,55.0,,,n/a
11249.044,,llama3.2:3b,run2_p4,64.43,53.0,,,n/a
11249.569,,llama3.2:3b,run2_p4,80.64,52.0,,,n/a
11250.104,,llama3.2:3b,run2_p5,75.75,59.0,,,n/a
11250.659,,llama3.2:3b,run2_p5,79.11,63.0,,,n/a
11251.193,,llama3.2:3b,run2_p6,103.51,55.0,,,n/a
11251.719,,llama3.2:3b,run2_p6,104.18,63.0,,,n/a
11252.242,,llama3.2:3b,run2_p6,117.32,64.0,,,n/a
11252.767,,llama3.2:3b,run2_p6,128.89,64.0,,,n/a
11253.291,,llama3.2:3b,run2_p6,128.15,64.0,,,n/a
11253.815,,llama3.2:3b,run2_p6,127.02,64.0,,,n/a
11254.338,,llama3.2:3b,run2_p6,127.25,64.0,,,n/a
11254.868,,llama3.2:3b,run2_p7,107.37,63.0,,,n/a
11255.392,,llama3.2:3b,run2_p7,95.79,61.0,,,n/a
11255.916,,llama3.2:3b,run2_p7,115.71,64.0,,,n/a
11256.440,,llama3.2:3b,run2_p7,127.36,64.0,,,n/a
11256.965,,llama3.2:3b,run2_p7,127.50,65.0,,,n/a
11257.489,,llama3.2:3b,run2_p7,128.05,64.0,,,n/a
11258.013,,llama3.2:3b,run2_p7,128.26,65.0,,,n/a
11258.536,,llama3.2:3b,run2_p7,128.82,65.0,,,n/a
11259.060,,llama3.2:3b,run2_p7,129.60,65.0,,,n/a
11259.593,,llama3.2:3b,run2_p8,100.56,54.0,,,n/a
11260.117,,llama3.2:3b,run2_p8,89.00,64.0,,,n/a
11260.640,,llama3.2:3b,run2_p8,117.89,65.0,,,n/a
11261.194,,llama3.2:3b,run2_p8,129.43,65.0,,,n/a
11261.720,,llama3.2:3b,run2_p8,129.51,65.0,,,n/a
11262.246,,llama3.2:3b,run2_p8,129.20,65.0,,,n/a
11262.769,,llama3.2:3b,run2_p8,129.66,65.0,,,n/a
11263.294,,llama3.2:3b,run2_p8,129.09,65.0,,,n/a
11263.817,,llama3.2:3b,run2_p8,128.42,65.0,,,n/a
11264.340,,llama3.2:3b,run2_p8,128.73,65.0,,,n/a
11264.864,,llama3.2:3b,run2_p8,129.58,65.0,,,n/a
11265.397,,llama3.2:3b,run2_p9,123.53,65.0,,,n/a
11265.919,,llama3.2:3b,run2_p9,113.81,57.0,,,n/a
11266.444,,llama3.2:3b,run2_p9,119.95,65.0,,,n/a
11266.973,,llama3.2:3b,run2_p9,129.10,65.0,,,n/a
11267.496,,llama3.2:3b,run2_p9,128.61,65.0,,,n/a
11268.024,,llama3.2:3b,run2_p10,115.00,61.0,,,n/a
11268.551,,llama3.2:3b,run2_p10,108.55,64.0,,,n/a
11269.082,,llama3.2:3b,run2_p10,114.63,65.0,,,n/a
11269.605,,llama3.2:3b,run2_p10,129.73,65.0,,,n/a
11270.136,,llama3.2:3b,run2_p10,130.01,65.0,,,n/a
11270.673,,llama3.2:3b,run2_p11,110.05,65.0,,,n/a
11271.199,,llama3.2:3b,run2_p11,104.13,63.0,,,n/a
11271.726,,llama3.2:3b,run2_p11,116.62,65.0,,,n/a
11272.253,,llama3.2:3b,run2_p11,129.18,65.0,,,n/a
11272.780,,llama3.2:3b,run2_p11,129.33,65.0,,,n/a
11273.306,,llama3.2:3b,run2_p11,130.28,65.0,,,n/a
11273.830,,llama3.2:3b,run2_p11,130.86,66.0,,,n/a
11274.355,,llama3.2:3b,run2_p11,131.25,66.0,,,n/a
11274.879,,llama3.2:3b,run2_p11,131.31,66.0,,,n/a
11275.406,,llama3.2:3b,run2_p11,130.16,66.0,,,n/a
11275.933,,llama3.2:3b,run2_p11,129.51,65.0,,,n/a
11276.456,,llama3.2:3b,run2_p11,130.21,65.0,,,n/a
11276.980,,llama3.2:3b,run2_p11,130.92,65.0,,,n/a
11277.510,,llama3.2:3b,run2_p12,103.80,66.0,,,n/a
11278.035,,llama3.2:3b,run2_p12,97.04,65.0,,,n/a
11278.564,,llama3.2:3b,run2_p12,115.65,65.0,,,n/a
11279.090,,llama3.2:3b,run2_p12,129.65,65.0,,,n/a
11279.634,,llama3.2:3b,run2_p12,130.01,65.0,,,n/a
11280.163,,llama3.2:3b,run2_p12,130.75,66.0,,,n/a
11280.697,,llama3.2:3b,run2_p13,91.56,55.0,,,n/a
11281.225,,llama3.2:3b,run2_p13,85.19,63.0,,,n/a
11281.749,,llama3.2:3b,run2_p13,115.70,65.0,,,n/a
11282.277,,llama3.2:3b,run2_p13,128.90,65.0,,,n/a
11282.802,,llama3.2:3b,run2_p13,128.78,66.0,,,n/a
11283.326,,llama3.2:3b,run2_p13,129.16,65.0,,,n/a
11283.851,,llama3.2:3b,run2_p13,129.79,65.0,,,n/a
11284.375,,llama3.2:3b,run2_p13,130.40,65.0,,,n/a
11284.897,,llama3.2:3b,run2_p13,130.51,66.0,,,n/a
11285.421,,llama3.2:3b,run2_p13,130.71,66.0,,,n/a
11285.946,,llama3.2:3b,run2_p13,129.86,65.0,,,n/a
11286.471,,llama3.2:3b,run2_p14,104.51,55.0,,,n/a
11286.996,,llama3.2:3b,run2_p14,96.08,65.0,,,n/a
11287.522,,llama3.2:3b,run2_p14,113.18,65.0,,,n/a
11288.046,,llama3.2:3b,run2_p14,129.61,65.0,,,n/a
11288.590,,llama3.2:3b,run2_p14,130.00,65.0,,,n/a
11289.113,,llama3.2:3b,run2_p14,130.95,66.0,,,n/a
11289.635,,llama3.2:3b,run2_p14,131.49,66.0,,,n/a
11290.159,,llama3.2:3b,run2_p14,131.52,66.0,,,n/a
11290.681,,llama3.2:3b,run2_p14,131.34,66.0,,,n/a
11291.208,,llama3.2:3b,run2_p14,131.37,66.0,,,n/a
11291.731,,llama3.2:3b,run2_p14,131.61,66.0,,,n/a
11292.254,,llama3.2:3b,run2_p14,131.66,66.0,,,n/a
11292.776,,llama3.2:3b,run2_p14,131.49,66.0,,,n/a
11293.300,,llama3.2:3b,run2_p14,131.49,66.0,,,n/a
11293.835,,llama3.2:3b,run3_p0,97.66,66.0,,,n/a
11294.368,,llama3.2:3b,run3_p1,54.40,54.0,,,n/a
11294.894,,llama3.2:3b,run3_p1,78.42,64.0,,,n/a
11295.418,,llama3.2:3b,run3_p1,120.88,65.0,,,n/a
11295.943,,llama3.2:3b,run3_p2,94.63,54.0,,,n/a
11296.471,,llama3.2:3b,run3_p3,70.54,60.0,,,n/a
11296.997,,llama3.2:3b,run3_p4,64.28,54.0,,,n/a
11297.522,,llama3.2:3b,run3_p5,57.72,56.0,,,n/a
11298.050,,llama3.2:3b,run3_p5,81.55,61.0,,,n/a
11298.582,,llama3.2:3b,run3_p6,95.59,64.0,,,n/a
11299.112,,llama3.2:3b,run3_p6,99.88,61.0,,,n/a
11299.639,,llama3.2:3b,run3_p6,116.35,64.0,,,n/a
11300.256,,llama3.2:3b,run3_p6,130.07,65.0,,,n/a
11300.780,,llama3.2:3b,run3_p6,129.37,65.0,,,n/a
11301.302,,llama3.2:3b,run3_p6,128.21,64.0,,,n/a
11301.827,,llama3.2:3b,run3_p6,128.25,65.0,,,n/a
11302.396,,llama3.2:3b,run3_p7,128.63,65.0,,,n/a
11302.926,,llama3.2:3b,run3_p7,120.45,65.0,,,n/a
11303.452,,llama3.2:3b,run3_p7,120.22,65.0,,,n/a
11303.975,,llama3.2:3b,run3_p7,128.73,65.0,,,n/a
11304.507,,llama3.2:3b,run3_p7,128.41,65.0,,,n/a
11305.031,,llama3.2:3b,run3_p7,127.89,65.0,,,n/a
11305.555,,llama3.2:3b,run3_p7,128.16,65.0,,,n/a
11306.083,,llama3.2:3b,run3_p7,128.95,65.0,,,n/a
11306.607,,llama3.2:3b,run3_p7,129.46,65.0,,,n/a
11307.133,,llama3.2:3b,run3_p8,106.28,60.0,,,n/a
11307.655,,llama3.2:3b,run3_p8,95.10,62.0,,,n/a
11308.180,,llama3.2:3b,run3_p8,117.96,65.0,,,n/a
11308.703,,llama3.2:3b,run3_p8,129.34,65.0,,,n/a
11309.227,,llama3.2:3b,run3_p8,129.87,65.0,,,n/a
11309.751,,llama3.2:3b,run3_p8,129.90,65.0,,,n/a
11310.274,,llama3.2:3b,run3_p8,129.72,65.0,,,n/a
11310.797,,llama3.2:3b,run3_p8,129.77,65.0,,,n/a
11311.322,,llama3.2:3b,run3_p8,129.85,65.0,,,n/a
11311.845,,llama3.2:3b,run3_p8,130.03,65.0,,,n/a
11312.411,,llama3.2:3b,run3_p9,121.13,56.0,,,n/a
11312.941,,llama3.2:3b,run3_p9,111.50,65.0,,,n/a
11313.466,,llama3.2:3b,run3_p9,118.67,65.0,,,n/a
11313.993,,llama3.2:3b,run3_p9,125.79,65.0,,,n/a
11314.523,,llama3.2:3b,run3_p9,125.70,65.0,,,n/a
11315.050,,llama3.2:3b,run3_p10,123.48,65.0,,,n/a
11315.573,,llama3.2:3b,run3_p10,117.58,64.0,,,n/a
11316.099,,llama3.2:3b,run3_p10,118.59,66.0,,,n/a
11316.624,,llama3.2:3b,run3_p10,128.12,65.0,,,n/a
11317.150,,llama3.2:3b,run3_p10,128.88,66.0,,,n/a
11317.678,,llama3.2:3b,run3_p11,100.14,61.0,,,n/a
11318.203,,llama3.2:3b,run3_p11,85.68,54.0,,,n/a
11318.726,,llama3.2:3b,run3_p11,114.92,64.0,,,n/a
11319.248,,llama3.2:3b,run3_p11,128.65,64.0,,,n/a
11319.802,,llama3.2:3b,run3_p11,129.51,65.0,,,n/a
11320.325,,llama3.2:3b,run3_p11,130.00,65.0,,,n/a
11320.850,,llama3.2:3b,run3_p11,130.49,65.0,,,n/a
11321.373,,llama3.2:3b,run3_p11,130.70,65.0,,,n/a
11321.897,,llama3.2:3b,run3_p11,130.58,66.0,,,n/a
11322.420,,llama3.2:3b,run3_p11,130.41,66.0,,,n/a
11322.944,,llama3.2:3b,run3_p11,130.52,65.0,,,n/a
11323.465,,llama3.2:3b,run3_p11,130.95,65.0,,,n/a
11323.988,,llama3.2:3b,run3_p11,132.04,66.0,,,n/a
11324.511,,llama3.2:3b,run3_p11,132.31,66.0,,,n/a
11325.032,,llama3.2:3b,run3_p11,132.07,66.0,,,n/a
11325.556,,llama3.2:3b,run3_p11,132.12,66.0,,,n/a
11326.079,,llama3.2:3b,run3_p11,132.02,66.0,,,n/a
11326.600,,llama3.2:3b,run3_p11,132.15,66.0,,,n/a
11327.125,,llama3.2:3b,run3_p11,132.36,66.0,,,n/a
11327.646,,llama3.2:3b,run3_p11,132.18,66.0,,,n/a
11328.171,,llama3.2:3b,run3_p11,132.07,66.0,,,n/a
11328.696,,llama3.2:3b,run3_p11,131.69,66.0,,,n/a
11329.219,,llama3.2:3b,run3_p11,129.52,66.0,,,n/a
11329.742,,llama3.2:3b,run3_p11,128.56,66.0,,,n/a
11330.266,,llama3.2:3b,run3_p11,130.68,66.0,,,n/a
11330.790,,llama3.2:3b,run3_p11,132.33,66.0,,,n/a
11331.312,,llama3.2:3b,run3_p11,132.98,66.0,,,n/a
11331.888,,llama3.2:3b,run3_p12,129.27,66.0,,,n/a
11332.411,,llama3.2:3b,run3_p12,121.72,66.0,,,n/a
11332.940,,llama3.2:3b,run3_p12,125.42,66.0,,,n/a
11333.467,,llama3.2:3b,run3_p12,132.40,66.0,,,n/a
11333.991,,llama3.2:3b,run3_p12,131.84,66.0,,,n/a
11334.521,,llama3.2:3b,run3_p13,106.94,57.0,,,n/a
11335.046,,llama3.2:3b,run3_p13,93.27,64.0,,,n/a
11335.571,,llama3.2:3b,run3_p13,116.65,65.0,,,n/a
11336.095,,llama3.2:3b,run3_p13,127.26,66.0,,,n/a
11336.618,,llama3.2:3b,run3_p13,126.88,65.0,,,n/a
11337.145,,llama3.2:3b,run3_p13,128.10,66.0,,,n/a
11337.707,,llama3.2:3b,run3_p13,129.88,66.0,,,n/a
11338.229,,llama3.2:3b,run3_p13,131.13,66.0,,,n/a
11338.750,,llama3.2:3b,run3_p13,132.26,66.0,,,n/a
11339.272,,llama3.2:3b,run3_p13,132.19,66.0,,,n/a
11339.796,,llama3.2:3b,run3_p13,131.99,66.0,,,n/a
11340.324,,llama3.2:3b,run3_p14,105.76,55.0,,,n/a
11340.846,,llama3.2:3b,run3_p14,91.09,65.0,,,n/a
11341.369,,llama3.2:3b,run3_p14,116.56,66.0,,,n/a
11341.891,,llama3.2:3b,run3_p14,130.57,66.0,,,n/a
11342.414,,llama3.2:3b,run3_p14,130.18,65.0,,,n/a
11342.940,,llama3.2:3b,run3_p14,130.47,66.0,,,n/a
11343.462,,llama3.2:3b,run3_p14,130.85,66.0,,,n/a
11343.987,,llama3.2:3b,run3_p14,130.86,66.0,,,n/a
11344.509,,llama3.2:3b,run3_p14,131.28,66.0,,,n/a
11345.033,,llama3.2:3b,run3_p14,131.73,66.0,,,n/a
11345.558,,llama3.2:3b,run3_p14,131.65,66.0,,,n/a
11346.082,,llama3.2:3b,run3_p14,130.76,66.0,,,n/a
11346.605,,llama3.2:3b,run3_p14,129.42,66.0,,,n/a
11381.258,,mistral:7b,idle,16.43,44.0,,,n/a
11381.785,,mistral:7b,idle,16.81,44.0,,,n/a
11382.312,,mistral:7b,idle,16.91,44.0,,,n/a
11382.835,,mistral:7b,idle,16.44,44.0,,,n/a
11383.361,,mistral:7b,idle,16.25,44.0,,,n/a
11383.885,,mistral:7b,idle,16.33,44.0,,,n/a
11384.410,,mistral:7b,idle,16.31,44.0,,,n/a
11384.937,,mistral:7b,idle,16.28,44.0,,,n/a
11385.467,,mistral:7b,idle,16.54,44.0,,,n/a
11385.991,,mistral:7b,idle,16.54,44.0,,,n/a
11386.514,,mistral:7b,idle,16.51,44.0,,,n/a
11387.037,,mistral:7b,idle,16.34,44.0,,,n/a
11387.572,,mistral:7b,idle,16.22,44.0,,,n/a
11388.100,,mistral:7b,idle,16.25,44.0,,,n/a
11388.633,,mistral:7b,idle,16.25,44.0,,,n/a
11389.160,,mistral:7b,idle,16.27,44.0,,,n/a
11389.691,,mistral:7b,idle,16.27,43.0,,,n/a
11390.216,,mistral:7b,idle,15.83,43.0,,,n/a
11390.741,,mistral:7b,idle,14.58,43.0,,,n/a
11391.266,,mistral:7b,idle,14.51,43.0,,,n/a
11391.806,,mistral:7b,run1_p0,15.30,43.0,,,n/a
11392.330,,mistral:7b,run1_p0,41.95,47.0,,,n/a
11392.853,,mistral:7b,run1_p0,93.98,58.0,,,n/a
11393.386,,mistral:7b,run1_p1,106.44,59.0,,,n/a
11393.912,,mistral:7b,run1_p1,105.53,57.0,,,n/a
11394.479,,mistral:7b,run1_p1,122.57,60.0,,,n/a
11395.054,,mistral:7b,run1_p2,131.31,56.0,,,n/a
11395.579,,mistral:7b,run1_p2,128.26,61.0,,,n/a
11396.104,,mistral:7b,run1_p2,130.45,61.0,,,n/a
11396.632,,mistral:7b,run1_p2,133.34,61.0,,,n/a
11397.173,,mistral:7b,run1_p3,107.82,52.0,,,n/a
11397.710,,mistral:7b,run1_p4,93.89,60.0,,,n/a
11398.237,,mistral:7b,run1_p4,108.23,61.0,,,n/a
11398.765,,mistral:7b,run1_p5,92.55,51.0,,,n/a
11399.288,,mistral:7b,run1_p5,95.05,60.0,,,n/a
11399.879,,mistral:7b,run1_p5,133.18,62.0,,,n/a
11400.404,,mistral:7b,run1_p5,134.46,62.0,,,n/a
11400.937,,mistral:7b,run1_p6,121.51,63.0,,,n/a
11401.459,,mistral:7b,run1_p6,114.11,58.0,,,n/a
11401.981,,mistral:7b,run1_p6,127.32,62.0,,,n/a
11402.506,,mistral:7b,run1_p6,134.97,63.0,,,n/a
11403.029,,mistral:7b,run1_p6,134.77,63.0,,,n/a
11403.554,,mistral:7b,run1_p6,134.34,63.0,,,n/a
11404.079,,mistral:7b,run1_p6,134.31,63.0,,,n/a
11404.606,,mistral:7b,run1_p6,134.60,64.0,,,n/a
11405.129,,mistral:7b,run1_p6,134.76,64.0,,,n/a
11405.651,,mistral:7b,run1_p6,134.60,64.0,,,n/a
11406.173,,mistral:7b,run1_p6,134.62,64.0,,,n/a
11406.699,,mistral:7b,run1_p6,134.65,64.0,,,n/a
11407.222,,mistral:7b,run1_p6,134.44,64.0,,,n/a
11407.768,,mistral:7b,run1_p7,93.39,54.0,,,n/a
11408.291,,mistral:7b,run1_p7,90.95,61.0,,,n/a
11408.815,,mistral:7b,run1_p7,128.46,64.0,,,n/a
11409.338,,mistral:7b,run1_p7,135.31,64.0,,,n/a
11409.861,,mistral:7b,run1_p7,135.37,64.0,,,n/a
11410.384,,mistral:7b,run1_p7,134.98,64.0,,,n/a
11410.909,,mistral:7b,run1_p7,135.09,65.0,,,n/a
11411.434,,mistral:7b,run1_p7,135.66,65.0,,,n/a
11411.956,,mistral:7b,run1_p7,135.73,65.0,,,n/a
11412.525,,mistral:7b,run1_p7,135.76,65.0,,,n/a
11413.051,,mistral:7b,run1_p7,135.86,65.0,,,n/a
11413.575,,mistral:7b,run1_p7,135.91,65.0,,,n/a
11414.099,,mistral:7b,run1_p7,135.61,65.0,,,n/a
11414.621,,mistral:7b,run1_p7,135.74,65.0,,,n/a
11415.145,,mistral:7b,run1_p7,135.98,65.0,,,n/a
11415.674,,mistral:7b,run1_p8,94.11,56.0,,,n/a
11416.198,,mistral:7b,run1_p8,93.05,62.0,,,n/a
11416.723,,mistral:7b,run1_p8,126.01,65.0,,,n/a
11417.250,,mistral:7b,run1_p8,134.39,65.0,,,n/a
11417.774,,mistral:7b,run1_p8,133.45,65.0,,,n/a
11418.300,,mistral:7b,run1_p8,134.80,65.0,,,n/a
11418.825,,mistral:7b,run1_p8,134.27,65.0,,,n/a
11419.354,,mistral:7b,run1_p8,133.99,65.0,,,n/a
11419.878,,mistral:7b,run1_p8,135.35,66.0,,,n/a
11420.402,,mistral:7b,run1_p8,135.58,66.0,,,n/a
11420.971,,mistral:7b,run1_p9,133.87,66.0,,,n/a
11421.505,,mistral:7b,run1_p9,129.12,66.0,,,n/a
11422.036,,mistral:7b,run1_p9,131.24,66.0,,,n/a
11422.559,,mistral:7b,run1_p9,136.09,66.0,,,n/a
11423.083,,mistral:7b,run1_p9,136.41,66.0,,,n/a
11423.610,,mistral:7b,run1_p9,136.65,66.0,,,n/a
11424.134,,mistral:7b,run1_p9,136.55,66.0,,,n/a
11424.662,,mistral:7b,run1_p9,136.23,65.0,,,n/a
11425.202,,mistral:7b,run1_p10,97.54,55.0,,,n/a
11425.727,,mistral:7b,run1_p10,90.93,63.0,,,n/a
11426.250,,mistral:7b,run1_p10,129.54,65.0,,,n/a
11426.777,,mistral:7b,run1_p10,136.33,66.0,,,n/a
11427.299,,mistral:7b,run1_p10,136.11,66.0,,,n/a
11427.827,,mistral:7b,run1_p10,135.73,66.0,,,n/a
11428.349,,mistral:7b,run1_p10,136.07,66.0,,,n/a
11428.873,,mistral:7b,run1_p10,136.63,66.0,,,n/a
11429.396,,mistral:7b,run1_p10,135.15,65.0,,,n/a
11429.921,,mistral:7b,run1_p10,134.65,66.0,,,n/a
11430.443,,mistral:7b,run1_p10,136.17,66.0,,,n/a
11430.973,,mistral:7b,run1_p11,105.89,55.0,,,n/a
11431.495,,mistral:7b,run1_p11,99.56,65.0,,,n/a
11432.018,,mistral:7b,run1_p11,129.57,66.0,,,n/a
11432.541,,mistral:7b,run1_p11,135.48,66.0,,,n/a
11433.065,,mistral:7b,run1_p11,136.20,66.0,,,n/a
11433.589,,mistral:7b,run1_p11,136.29,66.0,,,n/a
11434.111,,mistral:7b,run1_p11,136.47,66.0,,,n/a
11434.634,,mistral:7b,run1_p11,136.49,66.0,,,n/a
11435.158,,mistral:7b,run1_p11,136.43,66.0,,,n/a
11435.687,,mistral:7b,run1_p11,136.53,66.0,,,n/a
11436.212,,mistral:7b,run1_p11,136.74,67.0,,,n/a
11436.737,,mistral:7b,run1_p11,136.83,67.0,,,n/a
11437.261,,mistral:7b,run1_p11,137.13,67.0,,,n/a
11437.785,,mistral:7b,run1_p11,137.27,66.0,,,n/a
11438.309,,mistral:7b,run1_p11,137.43,66.0,,,n/a
11438.834,,mistral:7b,run1_p11,137.36,67.0,,,n/a
11439.357,,mistral:7b,run1_p11,137.30,67.0,,,n/a
11439.880,,mistral:7b,run1_p11,137.27,67.0,,,n/a
11440.404,,mistral:7b,run1_p11,137.40,66.0,,,n/a
11440.926,,mistral:7b,run1_p11,137.67,66.0,,,n/a
11441.448,,mistral:7b,run1_p11,137.71,67.0,,,n/a
11441.980,,mistral:7b,run1_p12,113.13,61.0,,,n/a
11442.506,,mistral:7b,run1_p12,112.52,65.0,,,n/a
11443.030,,mistral:7b,run1_p12,128.50,67.0,,,n/a
11443.552,,mistral:7b,run1_p12,137.00,67.0,,,n/a
11444.082,,mistral:7b,run1_p12,137.09,67.0,,,n/a
11444.605,,mistral:7b,run1_p12,137.09,67.0,,,n/a
11445.126,,mistral:7b,run1_p12,137.50,67.0,,,n/a
11445.650,,mistral:7b,run1_p12,137.46,67.0,,,n/a
11446.173,,mistral:7b,run1_p12,136.52,67.0,,,n/a
11446.696,,mistral:7b,run1_p12,136.57,67.0,,,n/a
11447.221,,mistral:7b,run1_p12,137.58,67.0,,,n/a
11447.754,,mistral:7b,run1_p13,122.89,58.0,,,n/a
11448.279,,mistral:7b,run1_p13,118.36,66.0,,,n/a
11448.815,,mistral:7b,run1_p13,129.96,66.0,,,n/a
11449.350,,mistral:7b,run1_p13,133.07,66.0,,,n/a
11449.887,,mistral:7b,run1_p13,134.48,67.0,,,n/a
11450.419,,mistral:7b,run1_p13,134.68,67.0,,,n/a
11450.949,,mistral:7b,run1_p13,134.20,66.0,,,n/a
11451.475,,mistral:7b,run1_p13,135.68,67.0,,,n/a
11452.003,,mistral:7b,run1_p13,135.65,66.0,,,n/a
11452.528,,mistral:7b,run1_p13,136.04,67.0,,,n/a
11453.051,,mistral:7b,run1_p13,137.30,67.0,,,n/a
11453.575,,mistral:7b,run1_p13,138.03,67.0,,,n/a
11454.100,,mistral:7b,run1_p13,138.13,67.0,,,n/a
11454.624,,mistral:7b,run1_p13,137.95,67.0,,,n/a
11455.148,,mistral:7b,run1_p13,137.85,67.0,,,n/a
11455.669,,mistral:7b,run1_p13,138.06,67.0,,,n/a
11456.229,,mistral:7b,run1_p14,125.79,67.0,,,n/a
11456.788,,mistral:7b,run1_p14,125.29,67.0,,,n/a
11457.312,,mistral:7b,run1_p14,137.58,67.0,,,n/a
11457.839,,mistral:7b,run1_p14,137.75,67.0,,,n/a
11458.363,,mistral:7b,run1_p14,137.64,67.0,,,n/a
11458.887,,mistral:7b,run1_p14,138.12,67.0,,,n/a
11459.409,,mistral:7b,run1_p14,138.23,67.0,,,n/a
11459.931,,mistral:7b,run1_p14,138.23,67.0,,,n/a
11460.454,,mistral:7b,run1_p14,138.03,67.0,,,n/a
11460.977,,mistral:7b,run1_p14,138.08,67.0,,,n/a
11461.501,,mistral:7b,run1_p14,138.28,67.0,,,n/a
11462.024,,mistral:7b,run1_p14,138.18,67.0,,,n/a
11462.571,,mistral:7b,run1_p14,137.97,67.0,,,n/a
11463.093,,mistral:7b,run1_p14,138.02,67.0,,,n/a
11463.616,,mistral:7b,run1_p14,138.29,67.0,,,n/a
11464.139,,mistral:7b,run1_p14,138.32,67.0,,,n/a
11464.662,,mistral:7b,run1_p14,138.41,67.0,,,n/a
11465.183,,mistral:7b,run1_p14,138.34,67.0,,,n/a
11465.706,,mistral:7b,run1_p14,138.33,67.0,,,n/a
11466.228,,mistral:7b,run1_p14,138.54,67.0,,,n/a
11466.752,,mistral:7b,run1_p14,138.50,67.0,,,n/a
11467.274,,mistral:7b,run1_p14,138.40,67.0,,,n/a
11467.810,,mistral:7b,run1_p14,138.54,67.0,,,n/a
11468.349,,mistral:7b,run1_p14,138.46,67.0,,,n/a
11468.871,,mistral:7b,run1_p14,138.55,67.0,,,n/a
11469.392,,mistral:7b,run1_p14,138.65,67.0,,,n/a
11469.915,,mistral:7b,run1_p14,138.62,67.0,,,n/a
11470.435,,mistral:7b,run1_p14,138.73,67.0,,,n/a
11470.958,,mistral:7b,run1_p14,138.87,68.0,,,n/a
11471.481,,mistral:7b,run1_p14,138.81,67.0,,,n/a
11472.003,,mistral:7b,run1_p14,138.80,67.0,,,n/a
11472.526,,mistral:7b,run1_p14,138.90,68.0,,,n/a
11473.050,,mistral:7b,run1_p14,138.82,67.0,,,n/a
11473.573,,mistral:7b,run1_p14,138.39,67.0,,,n/a
11474.095,,mistral:7b,run1_p14,137.65,67.0,,,n/a
11474.618,,mistral:7b,run1_p14,137.74,67.0,,,n/a
11475.141,,mistral:7b,run1_p14,138.39,68.0,,,n/a
11475.665,,mistral:7b,run1_p14,138.09,67.0,,,n/a
11476.189,,mistral:7b,run1_p14,137.98,67.0,,,n/a
11476.714,,mistral:7b,run1_p14,138.37,68.0,,,n/a
11477.236,,mistral:7b,run1_p14,138.44,67.0,,,n/a
11477.765,,mistral:7b,run2_p0,95.58,56.0,,,n/a
11478.295,,mistral:7b,run2_p1,67.06,57.0,,,n/a
11478.819,,mistral:7b,run2_p1,95.98,64.0,,,n/a
11479.365,,mistral:7b,run2_p1,124.07,67.0,,,n/a
11479.919,,mistral:7b,run2_p2,98.89,58.0,,,n/a
11480.444,,mistral:7b,run2_p2,97.27,63.0,,,n/a
11480.975,,mistral:7b,run2_p2,126.86,66.0,,,n/a
11481.502,,mistral:7b,run2_p2,137.02,67.0,,,n/a
11482.025,,mistral:7b,run2_p2,137.07,66.0,,,n/a
11482.557,,mistral:7b,run2_p2,136.79,67.0,,,n/a
11483.086,,mistral:7b,run2_p2,136.75,67.0,,,n/a
11483.616,,mistral:7b,run2_p2,136.79,67.0,,,n/a
11484.162,,mistral:7b,run2_p3,114.24,56.0,,,n/a
11484.699,,mistral:7b,run2_p4,100.48,57.0,,,n/a
11485.225,,mistral:7b,run2_p4,107.30,65.0,,,n/a
11485.772,,mistral:7b,run2_p4,130.26,66.0,,,n/a
11486.299,,mistral:7b,run2_p4,134.26,66.0,,,n/a
11486.831,,mistral:7b,run2_p5,102.03,56.0,,,n/a
11487.356,,mistral:7b,run2_p5,95.46,65.0,,,n/a
11487.881,,mistral:7b,run2_p5,128.06,66.0,,,n/a
11488.405,,mistral:7b,run2_p5,134.60,66.0,,,n/a
11488.930,,mistral:7b,run2_p5,134.82,66.0,,,n/a
11489.464,,mistral:7b,run2_p6,99.86,59.0,,,n/a
11490.022,,mistral:7b,run2_p6,98.27,63.0,,,n/a
11490.546,,mistral:7b,run2_p6,132.93,66.0,,,n/a
11491.068,,mistral:7b,run2_p6,134.32,66.0,,,n/a
11491.593,,mistral:7b,run2_p6,134.37,66.0,,,n/a
11492.116,,mistral:7b,run2_p6,134.49,66.0,,,n/a
11492.639,,mistral:7b,run2_p6,134.57,66.0,,,n/a
11493.163,,mistral:7b,run2_p6,134.49,66.0,,,n/a
11493.686,,mistral:7b,run2_p6,134.43,66.0,,,n/a
11494.211,,mistral:7b,run2_p6,134.82,66.0,,,n/a
11494.750,,mistral:7b,run2_p6,135.05,66.0,,,n/a
11495.276,,mistral:7b,run2_p6,134.87,66.0,,,n/a
11495.799,,mistral:7b,run2_p6,134.62,66.0,,,n/a
11496.322,,mistral:7b,run2_p6,134.83,66.0,,,n/a
11496.845,,mistral:7b,run2_p6,134.74,66.0,,,n/a
11497.382,,mistral:7b,run2_p7,107.33,66.0,,,n/a
11497.906,,mistral:7b,run2_p7,106.94,64.0,,,n/a
11498.432,,mistral:7b,run2_p7,125.70,66.0,,,n/a
11498.970,,mistral:7b,run2_p7,134.23,66.0,,,n/a
11499.494,,mistral:7b,run2_p7,134.45,66.0,,,n/a
11500.023,,mistral:7b,run2_p7,134.60,66.0,,,n/a
11500.548,,mistral:7b,run2_p7,134.75,66.0,,,n/a
11501.072,,mistral:7b,run2_p7,134.81,66.0,,,n/a
11501.595,,mistral:7b,run2_p7,134.74,66.0,,,n/a
11502.120,,mistral:7b,run2_p7,134.64,66.0,,,n/a
11502.643,,mistral:7b,run2_p7,134.71,66.0,,,n/a
11503.166,,mistral:7b,run2_p7,135.04,66.0,,,n/a
11503.690,,mistral:7b,run2_p7,135.35,66.0,,,n/a
11504.214,,mistral:7b,run2_p7,135.46,67.0,,,n/a
11504.737,,mistral:7b,run2_p7,135.54,67.0,,,n/a
11505.273,,mistral:7b,run2_p7,135.47,67.0,,,n/a
11505.796,,mistral:7b,run2_p7,135.34,67.0,,,n/a
11506.322,,mistral:7b,run2_p7,135.43,66.0,,,n/a
11506.846,,mistral:7b,run2_p7,135.40,66.0,,,n/a
11507.391,,mistral:7b,run2_p8,132.47,66.0,,,n/a
11507.913,,mistral:7b,run2_p8,128.68,59.0,,,n/a
11508.439,,mistral:7b,run2_p8,131.59,67.0,,,n/a
11508.969,,mistral:7b,run2_p8,135.48,67.0,,,n/a
11509.492,,mistral:7b,run2_p8,135.48,67.0,,,n/a
11510.018,,mistral:7b,run2_p8,135.31,67.0,,,n/a
11510.543,,mistral:7b,run2_p8,135.30,67.0,,,n/a
11511.066,,mistral:7b,run2_p8,135.35,67.0,,,n/a
11511.590,,mistral:7b,run2_p8,135.41,67.0,,,n/a
11512.113,,mistral:7b,run2_p8,135.57,67.0,,,n/a
11512.637,,mistral:7b,run2_p8,135.51,67.0,,,n/a
11513.159,,mistral:7b,run2_p8,135.57,67.0,,,n/a
11513.697,,mistral:7b,run2_p9,133.59,67.0,,,n/a
11514.223,,mistral:7b,run2_p9,126.87,66.0,,,n/a
11514.745,,mistral:7b,run2_p9,128.66,67.0,,,n/a
11515.269,,mistral:7b,run2_p9,135.37,67.0,,,n/a
11515.793,,mistral:7b,run2_p9,135.45,67.0,,,n/a
11516.315,,mistral:7b,run2_p9,135.49,67.0,,,n/a
11516.858,,mistral:7b,run2_p10,125.06,67.0,,,n/a
11517.383,,mistral:7b,run2_p10,123.03,65.0,,,n/a
11517.909,,mistral:7b,run2_p10,124.99,66.0,,,n/a
11518.431,,mistral:7b,run2_p10,135.26,67.0,,,n/a
11518.956,,mistral:7b,run2_p10,135.28,67.0,,,n/a
11519.480,,mistral:7b,run2_p10,135.41,67.0,,,n/a
11520.003,,mistral:7b,run2_p10,135.40,67.0,,,n/a
11520.533,,mistral:7b,run2_p10,135.24,67.0,,,n/a
11521.057,,mistral:7b,run2_p10,134.86,67.0,,,n/a
11521.581,,mistral:7b,run2_p10,134.62,67.0,,,n/a
11522.105,,mistral:7b,run2_p10,135.19,67.0,,,n/a
11522.629,,mistral:7b,run2_p10,135.38,67.0,,,n/a
11523.152,,mistral:7b,run2_p10,135.38,67.0,,,n/a
11523.676,,mistral:7b,run2_p10,135.74,67.0,,,n/a
11524.203,,mistral:7b,run2_p11,120.66,67.0,,,n/a
11524.726,,mistral:7b,run2_p11,117.67,65.0,,,n/a
11525.249,,mistral:7b,run2_p11,124.33,67.0,,,n/a
11525.772,,mistral:7b,run2_p11,135.38,67.0,,,n/a
11526.296,,mistral:7b,run2_p11,135.47,67.0,,,n/a
11526.819,,mistral:7b,run2_p11,135.40,66.0,,,n/a
11527.341,,mistral:7b,run2_p11,135.63,67.0,,,n/a
11527.865,,mistral:7b,run2_p11,135.79,67.0,,,n/a
11528.388,,mistral:7b,run2_p11,135.69,67.0,,,n/a
11528.911,,mistral:7b,run2_p11,135.02,67.0,,,n/a
11529.439,,mistral:7b,run2_p11,134.74,67.0,,,n/a
11529.964,,mistral:7b,run2_p11,135.88,67.0,,,n/a
11530.487,,mistral:7b,run2_p11,137.19,67.0,,,n/a
11531.009,,mistral:7b,run2_p11,137.63,67.0,,,n/a
11531.533,,mistral:7b,run2_p11,138.17,67.0,,,n/a
11532.056,,mistral:7b,run2_p11,137.98,67.0,,,n/a
11532.579,,mistral:7b,run2_p11,137.97,67.0,,,n/a
11533.101,,mistral:7b,run2_p11,137.96,67.0,,,n/a
11533.623,,mistral:7b,run2_p11,138.00,67.0,,,n/a
11534.146,,mistral:7b,run2_p11,138.18,67.0,,,n/a
11534.675,,mistral:7b,run2_p11,138.27,67.0,,,n/a
11535.200,,mistral:7b,run2_p11,138.13,67.0,,,n/a
11535.725,,mistral:7b,run2_p11,138.14,67.0,,,n/a
11536.251,,mistral:7b,run2_p11,138.39,67.0,,,n/a
11536.776,,mistral:7b,run2_p11,138.62,67.0,,,n/a
11537.299,,mistral:7b,run2_p11,138.68,67.0,,,n/a
11537.822,,mistral:7b,run2_p11,138.53,68.0,,,n/a
11538.347,,mistral:7b,run2_p11,138.54,67.0,,,n/a
11538.885,,mistral:7b,run2_p12,122.03,58.0,,,n/a
11539.413,,mistral:7b,run2_p12,114.99,67.0,,,n/a
11539.938,,mistral:7b,run2_p12,131.15,67.0,,,n/a
11540.462,,mistral:7b,run2_p12,137.62,67.0,,,n/a
11540.991,,mistral:7b,run2_p12,136.49,67.0,,,n/a
11541.517,,mistral:7b,run2_p12,135.58,67.0,,,n/a
11542.043,,mistral:7b,run2_p12,136.72,67.0,,,n/a
11542.568,,mistral:7b,run2_p12,138.12,67.0,,,n/a
11543.091,,mistral:7b,run2_p12,138.16,67.0,,,n/a
11543.613,,mistral:7b,run2_p12,138.35,67.0,,,n/a
11544.137,,mistral:7b,run2_p12,138.40,67.0,,,n/a
11544.718,,mistral:7b,run2_p13,130.87,67.0,,,n/a
11545.246,,mistral:7b,run2_p13,130.90,67.0,,,n/a
11545.769,,mistral:7b,run2_p13,130.69,67.0,,,n/a
11546.298,,mistral:7b,run2_p13,137.04,67.0,,,n/a
11546.821,,mistral:7b,run2_p13,135.50,67.0,,,n/a
11547.345,,mistral:7b,run2_p13,134.51,67.0,,,n/a
11547.867,,mistral:7b,run2_p13,134.86,67.0,,,n/a
11548.390,,mistral:7b,run2_p13,136.99,67.0,,,n/a
11548.913,,mistral:7b,run2_p13,138.03,68.0,,,n/a
11549.437,,mistral:7b,run2_p13,137.47,67.0,,,n/a
11549.962,,mistral:7b,run2_p13,134.29,66.0,,,n/a
11550.487,,mistral:7b,run2_p13,133.16,67.0,,,n/a
11551.011,,mistral:7b,run2_p13,134.87,67.0,,,n/a
11551.534,,mistral:7b,run2_p13,135.36,67.0,,,n/a
11552.061,,mistral:7b,run2_p13,135.34,67.0,,,n/a
11552.584,,mistral:7b,run2_p13,133.84,67.0,,,n/a
11553.110,,mistral:7b,run2_p13,133.60,67.0,,,n/a
11553.644,,mistral:7b,run2_p13,134.76,67.0,,,n/a
11554.169,,mistral:7b,run2_p13,134.47,67.0,,,n/a
11554.704,,mistral:7b,run2_p14,100.07,61.0,,,n/a
11555.232,,mistral:7b,run2_p14,69.82,56.0,,,n/a
11555.754,,mistral:7b,run2_p14,83.96,59.0,,,n/a
11556.278,,mistral:7b,run2_p14,90.59,59.0,,,n/a
11556.808,,mistral:7b,run2_p14,90.98,59.0,,,n/a
11557.333,,mistral:7b,run2_p14,91.40,59.0,,,n/a
11557.856,,mistral:7b,run2_p14,91.89,59.0,,,n/a
11558.385,,mistral:7b,run2_p14,92.29,59.0,,,n/a
11558.909,,mistral:7b,run2_p14,94.27,60.0,,,n/a
11559.436,,mistral:7b,run2_p14,102.83,61.0,,,n/a
11559.960,,mistral:7b,run2_p14,125.08,66.0,,,n/a
11560.485,,mistral:7b,run2_p14,136.88,66.0,,,n/a
11561.008,,mistral:7b,run2_p14,137.32,66.0,,,n/a
11561.531,,mistral:7b,run2_p14,136.10,65.0,,,n/a
11562.053,,mistral:7b,run2_p14,135.97,66.0,,,n/a
11562.576,,mistral:7b,run2_p14,137.42,66.0,,,n/a
11563.097,,mistral:7b,run2_p14,137.49,67.0,,,n/a
11563.619,,mistral:7b,run2_p14,137.84,67.0,,,n/a
11564.142,,mistral:7b,run2_p14,138.26,66.0,,,n/a
11564.664,,mistral:7b,run2_p14,138.29,67.0,,,n/a
11565.187,,mistral:7b,run2_p14,138.30,67.0,,,n/a
11565.709,,mistral:7b,run2_p14,138.55,67.0,,,n/a
11566.231,,mistral:7b,run2_p14,138.73,67.0,,,n/a
11566.758,,mistral:7b,run2_p14,138.72,67.0,,,n/a
11567.285,,mistral:7b,run2_p14,138.25,67.0,,,n/a
11567.808,,mistral:7b,run2_p14,137.89,67.0,,,n/a
11568.330,,mistral:7b,run2_p14,137.85,67.0,,,n/a
11568.853,,mistral:7b,run2_p14,138.01,67.0,,,n/a
11569.376,,mistral:7b,run2_p14,138.20,67.0,,,n/a
11569.899,,mistral:7b,run2_p14,138.43,67.0,,,n/a
11570.433,,mistral:7b,run2_p14,138.66,67.0,,,n/a
11570.963,,mistral:7b,run2_p14,138.40,67.0,,,n/a
11571.489,,mistral:7b,run2_p14,138.55,67.0,,,n/a
11572.012,,mistral:7b,run2_p14,138.67,67.0,,,n/a
11572.544,,mistral:7b,run2_p14,138.55,67.0,,,n/a
11573.066,,mistral:7b,run2_p14,138.71,67.0,,,n/a
11573.591,,mistral:7b,run2_p14,138.85,67.0,,,n/a
11574.114,,mistral:7b,run2_p14,139.03,67.0,,,n/a
11574.636,,mistral:7b,run2_p14,139.07,67.0,,,n/a
11575.160,,mistral:7b,run2_p14,138.87,67.0,,,n/a
11575.693,,mistral:7b,run3_p0,94.67,60.0,,,n/a
11576.217,,mistral:7b,run3_p0,90.39,55.0,,,n/a
11576.743,,mistral:7b,run3_p1,100.11,66.0,,,n/a
11577.267,,mistral:7b,run3_p1,103.91,55.0,,,n/a
11577.836,,mistral:7b,run3_p2,125.11,67.0,,,n/a
11578.376,,mistral:7b,run3_p3,106.46,57.0,,,n/a
11578.902,,mistral:7b,run3_p4,93.34,61.0,,,n/a
11579.425,,mistral:7b,run3_p4,106.28,65.0,,,n/a
11579.947,,mistral:7b,run3_p4,132.38,66.0,,,n/a
11580.485,,mistral:7b,run3_p5,97.92,56.0,,,n/a
11581.008,,mistral:7b,run3_p5,90.91,64.0,,,n/a
11581.531,,mistral:7b,run3_p5,129.41,66.0,,,n/a
11582.054,,mistral:7b,run3_p5,136.40,66.0,,,n/a
11582.589,,mistral:7b,run3_p6,126.55,66.0,,,n/a
11583.114,,mistral:7b,run3_p6,119.47,63.0,,,n/a
11583.640,,mistral:7b,run3_p6,130.71,66.0,,,n/a
11584.163,,mistral:7b,run3_p6,137.71,66.0,,,n/a
11584.686,,mistral:7b,run3_p6,137.97,67.0,,,n/a
11585.210,,mistral:7b,run3_p6,137.95,67.0,,,n/a
11585.733,,mistral:7b,run3_p6,138.01,67.0,,,n/a
11586.258,,mistral:7b,run3_p6,138.16,67.0,,,n/a
11586.781,,mistral:7b,run3_p6,138.24,67.0,,,n/a
11587.307,,mistral:7b,run3_p6,138.29,67.0,,,n/a
11587.842,,mistral:7b,run3_p6,138.34,67.0,,,n/a
11588.365,,mistral:7b,run3_p6,138.51,67.0,,,n/a
11588.887,,mistral:7b,run3_p6,138.46,67.0,,,n/a
11589.408,,mistral:7b,run3_p6,137.97,67.0,,,n/a
11589.933,,mistral:7b,run3_p6,137.86,66.0,,,n/a
11590.455,,mistral:7b,run3_p6,138.07,66.0,,,n/a
11590.977,,mistral:7b,run3_p6,138.22,67.0,,,n/a
11591.510,,mistral:7b,run3_p7,96.01,61.0,,,n/a
11592.032,,mistral:7b,run3_p7,94.65,60.0,,,n/a
11592.557,,mistral:7b,run3_p7,127.66,66.0,,,n/a
11593.081,,mistral:7b,run3_p7,137.08,66.0,,,n/a
11593.606,,mistral:7b,run3_p7,137.04,67.0,,,n/a
11594.130,,mistral:7b,run3_p7,136.79,67.0,,,n/a
11594.653,,mistral:7b,run3_p7,136.66,67.0,,,n/a
11595.177,,mistral:7b,run3_p7,136.80,67.0,,,n/a
11595.704,,mistral:7b,run3_p7,137.06,67.0,,,n/a
11596.228,,mistral:7b,run3_p7,137.34,67.0,,,n/a
11596.751,,mistral:7b,run3_p7,137.43,67.0,,,n/a
11597.274,,mistral:7b,run3_p7,137.48,67.0,,,n/a
11597.798,,mistral:7b,run3_p7,137.46,67.0,,,n/a
11598.325,,mistral:7b,run3_p7,137.72,67.0,,,n/a
11598.850,,mistral:7b,run3_p7,137.70,67.0,,,n/a
11599.378,,mistral:7b,run3_p7,137.84,67.0,,,n/a
11599.903,,mistral:7b,run3_p7,138.01,67.0,,,n/a
11600.428,,mistral:7b,run3_p7,138.12,67.0,,,n/a
11600.962,,mistral:7b,run3_p8,101.19,59.0,,,n/a
11601.486,,mistral:7b,run3_p8,93.28,62.0,,,n/a
11602.009,,mistral:7b,run3_p8,130.03,66.0,,,n/a
11602.534,,mistral:7b,run3_p8,137.28,67.0,,,n/a
11603.059,,mistral:7b,run3_p8,136.90,67.0,,,n/a
11603.584,,mistral:7b,run3_p8,136.77,67.0,,,n/a
11604.115,,mistral:7b,run3_p8,136.81,66.0,,,n/a
11604.639,,mistral:7b,run3_p8,137.10,67.0,,,n/a
11605.162,,mistral:7b,run3_p8,137.40,67.0,,,n/a
11605.687,,mistral:7b,run3_p8,137.59,67.0,,,n/a
11606.214,,mistral:7b,run3_p8,137.59,67.0,,,n/a
11606.737,,mistral:7b,run3_p8,137.61,67.0,,,n/a
11607.261,,mistral:7b,run3_p8,137.47,67.0,,,n/a
11607.795,,mistral:7b,run3_p9,128.57,61.0,,,n/a
11608.322,,mistral:7b,run3_p9,122.05,67.0,,,n/a
11608.845,,mistral:7b,run3_p9,129.99,67.0,,,n/a
11609.368,,mistral:7b,run3_p9,137.35,67.0,,,n/a
11609.895,,mistral:7b,run3_p9,137.06,67.0,,,n/a
11610.419,,mistral:7b,run3_p9,137.01,67.0,,,n/a
11610.943,,mistral:7b,run3_p9,137.29,67.0,,,n/a
11611.486,,mistral:7b,run3_p10,123.02,67.0,,,n/a
11612.010,,mistral:7b,run3_p10,124.30,66.0,,,n/a
11612.533,,mistral:7b,run3_p10,130.97,67.0,,,n/a
11613.056,,mistral:7b,run3_p10,137.35,67.0,,,n/a
11613.582,,mistral:7b,run3_p10,137.52,67.0,,,n/a
11614.106,,mistral:7b,run3_p10,137.87,67.0,,,n/a
11614.631,,mistral:7b,run3_p10,137.96,67.0,,,n/a
11615.154,,mistral:7b,run3_p10,137.72,67.0,,,n/a
11615.676,,mistral:7b,run3_p10,137.55,67.0,,,n/a
11616.202,,mistral:7b,run3_p10,137.89,67.0,,,n/a
11616.728,,mistral:7b,run3_p10,138.15,67.0,,,n/a
11617.251,,mistral:7b,run3_p10,137.92,68.0,,,n/a
11617.774,,mistral:7b,run3_p10,137.75,67.0,,,n/a
11618.329,,mistral:7b,run3_p11,104.05,57.0,,,n/a
11618.851,,mistral:7b,run3_p11,103.74,66.0,,,n/a
11619.374,,mistral:7b,run3_p11,129.02,67.0,,,n/a
11619.896,,mistral:7b,run3_p11,137.38,67.0,,,n/a
11620.420,,mistral:7b,run3_p11,137.65,67.0,,,n/a
11620.945,,mistral:7b,run3_p11,137.89,67.0,,,n/a
11621.468,,mistral:7b,run3_p11,138.04,67.0,,,n/a
11621.990,,mistral:7b,run3_p11,137.94,67.0,,,n/a
11622.515,,mistral:7b,run3_p11,137.81,67.0,,,n/a
11623.037,,mistral:7b,run3_p11,137.69,67.0,,,n/a
11623.562,,mistral:7b,run3_p11,137.86,67.0,,,n/a
11624.087,,mistral:7b,run3_p11,137.89,67.0,,,n/a
11624.610,,mistral:7b,run3_p11,138.07,67.0,,,n/a
11625.133,,mistral:7b,run3_p11,138.15,67.0,,,n/a
11625.656,,mistral:7b,run3_p11,138.09,67.0,,,n/a
11626.178,,mistral:7b,run3_p11,138.10,67.0,,,n/a
11626.701,,mistral:7b,run3_p11,137.98,67.0,,,n/a
11627.224,,mistral:7b,run3_p11,138.07,67.0,,,n/a
11627.748,,mistral:7b,run3_p11,138.13,67.0,,,n/a
11628.277,,mistral:7b,run3_p11,138.42,68.0,,,n/a
11628.804,,mistral:7b,run3_p11,138.21,67.0,,,n/a
11629.329,,mistral:7b,run3_p11,138.23,67.0,,,n/a
11629.854,,mistral:7b,run3_p11,138.41,68.0,,,n/a
11630.377,,mistral:7b,run3_p11,138.41,68.0,,,n/a
11630.914,,mistral:7b,run3_p12,114.11,68.0,,,n/a
11631.441,,mistral:7b,run3_p12,108.58,64.0,,,n/a
11631.971,,mistral:7b,run3_p12,132.48,67.0,,,n/a
11632.499,,mistral:7b,run3_p12,137.71,67.0,,,n/a
11633.028,,mistral:7b,run3_p12,137.91,67.0,,,n/a
11633.553,,mistral:7b,run3_p12,137.98,67.0,,,n/a
11634.080,,mistral:7b,run3_p12,137.77,68.0,,,n/a
11634.603,,mistral:7b,run3_p12,137.74,67.0,,,n/a
11635.126,,mistral:7b,run3_p12,137.49,67.0,,,n/a
11635.649,,mistral:7b,run3_p12,137.45,67.0,,,n/a
11636.173,,mistral:7b,run3_p12,137.40,67.0,,,n/a
11636.707,,mistral:7b,run3_p13,98.38,56.0,,,n/a
11637.231,,mistral:7b,run3_p13,95.95,66.0,,,n/a
11637.753,,mistral:7b,run3_p13,126.30,67.0,,,n/a
11638.277,,mistral:7b,run3_p13,137.68,67.0,,,n/a
11638.800,,mistral:7b,run3_p13,137.78,67.0,,,n/a
11639.324,,mistral:7b,run3_p13,137.74,67.0,,,n/a
11639.847,,mistral:7b,run3_p13,137.70,67.0,,,n/a
11640.371,,mistral:7b,run3_p13,137.35,67.0,,,n/a
11640.893,,mistral:7b,run3_p13,137.29,67.0,,,n/a
11641.417,,mistral:7b,run3_p13,137.80,67.0,,,n/a
11641.939,,mistral:7b,run3_p13,137.90,67.0,,,n/a
11642.466,,mistral:7b,run3_p13,137.93,67.0,,,n/a
11642.989,,mistral:7b,run3_p13,137.96,67.0,,,n/a
11643.511,,mistral:7b,run3_p13,138.07,67.0,,,n/a
11644.033,,mistral:7b,run3_p13,138.11,67.0,,,n/a
11644.558,,mistral:7b,run3_p13,138.03,67.0,,,n/a
11645.079,,mistral:7b,run3_p13,137.94,67.0,,,n/a
11645.603,,mistral:7b,run3_p13,137.46,67.0,,,n/a
11646.125,,mistral:7b,run3_p13,135.71,67.0,,,n/a
11646.647,,mistral:7b,run3_p13,135.90,68.0,,,n/a
11647.173,,mistral:7b,run3_p13,138.46,68.0,,,n/a
11647.697,,mistral:7b,run3_p13,138.37,67.0,,,n/a
11648.220,,mistral:7b,run3_p13,138.27,67.0,,,n/a
11648.763,,mistral:7b,run3_p13,138.39,68.0,,,n/a
11649.307,,mistral:7b,run3_p14,96.96,58.0,,,n/a
11649.837,,mistral:7b,run3_p14,93.45,64.0,,,n/a
11650.363,,mistral:7b,run3_p14,134.69,67.0,,,n/a
11650.889,,mistral:7b,run3_p14,137.89,67.0,,,n/a
11651.412,,mistral:7b,run3_p14,137.82,67.0,,,n/a
11651.937,,mistral:7b,run3_p14,137.95,67.0,,,n/a
11652.462,,mistral:7b,run3_p14,137.72,67.0,,,n/a
11652.986,,mistral:7b,run3_p14,137.47,67.0,,,n/a
11653.509,,mistral:7b,run3_p14,137.94,67.0,,,n/a
11654.033,,mistral:7b,run3_p14,138.13,67.0,,,n/a
11654.558,,mistral:7b,run3_p14,138.05,68.0,,,n/a
11655.081,,mistral:7b,run3_p14,138.06,67.0,,,n/a
11655.604,,mistral:7b,run3_p14,138.19,67.0,,,n/a
11656.128,,mistral:7b,run3_p14,138.05,67.0,,,n/a
11656.651,,mistral:7b,run3_p14,138.09,67.0,,,n/a
11657.174,,mistral:7b,run3_p14,138.16,67.0,,,n/a
11657.698,,mistral:7b,run3_p14,137.87,67.0,,,n/a
11658.220,,mistral:7b,run3_p14,137.73,67.0,,,n/a
11658.771,,mistral:7b,run3_p14,137.79,68.0,,,n/a
11659.294,,mistral:7b,run3_p14,137.77,67.0,,,n/a
11659.824,,mistral:7b,run3_p14,137.86,68.0,,,n/a
11660.352,,mistral:7b,run3_p14,138.11,68.0,,,n/a
11660.875,,mistral:7b,run3_p14,138.23,68.0,,,n/a
11661.399,,mistral:7b,run3_p14,138.09,68.0,,,n/a
11661.925,,mistral:7b,run3_p14,138.01,68.0,,,n/a
11662.449,,mistral:7b,run3_p14,138.00,67.0,,,n/a
11662.975,,mistral:7b,run3_p14,137.43,68.0,,,n/a
11663.499,,mistral:7b,run3_p14,137.59,67.0,,,n/a
11664.024,,mistral:7b,run3_p14,138.29,68.0,,,n/a
11664.549,,mistral:7b,run3_p14,138.56,67.0,,,n/a
11665.071,,mistral:7b,run3_p14,138.21,67.0,,,n/a
11687.775,,qwen2.5:0.5b,idle,34.61,47.0,,,n/a
11688.297,,qwen2.5:0.5b,idle,34.75,47.0,,,n/a
11688.818,,qwen2.5:0.5b,idle,34.71,47.0,,,n/a
11689.339,,qwen2.5:0.5b,idle,33.11,47.0,,,n/a
11689.872,,qwen2.5:0.5b,idle,23.80,46.0,,,n/a
11690.396,,qwen2.5:0.5b,idle,15.94,45.0,,,n/a
11690.919,,qwen2.5:0.5b,idle,13.78,45.0,,,n/a
11691.445,,qwen2.5:0.5b,idle,12.80,45.0,,,n/a
11692.011,,qwen2.5:0.5b,idle,12.73,45.0,,,n/a
11692.537,,qwen2.5:0.5b,idle,12.63,45.0,,,n/a
11693.100,,qwen2.5:0.5b,idle,12.77,45.0,,,n/a
11693.626,,qwen2.5:0.5b,idle,13.27,45.0,,,n/a
11694.151,,qwen2.5:0.5b,idle,13.72,45.0,,,n/a
11694.680,,qwen2.5:0.5b,idle,13.75,44.0,,,n/a
11695.205,,qwen2.5:0.5b,idle,13.35,44.0,,,n/a
11695.728,,qwen2.5:0.5b,idle,13.38,44.0,,,n/a
11696.253,,qwen2.5:0.5b,idle,12.93,44.0,,,n/a
11696.779,,qwen2.5:0.5b,idle,12.33,44.0,,,n/a
11697.302,,qwen2.5:0.5b,idle,12.33,44.0,,,n/a
11697.829,,qwen2.5:0.5b,run1_p0,12.46,44.0,,,n/a
11698.358,,qwen2.5:0.5b,run1_p1,18.02,44.0,,,n/a
11698.880,,qwen2.5:0.5b,run1_p1,45.95,49.0,,,n/a
11699.406,,qwen2.5:0.5b,run1_p2,79.18,53.0,,,n/a
11699.936,,qwen2.5:0.5b,run1_p3,66.21,49.0,,,n/a
11700.465,,qwen2.5:0.5b,run1_p4,49.55,47.0,,,n/a
11700.994,,qwen2.5:0.5b,run1_p5,49.24,48.0,,,n/a
11701.522,,qwen2.5:0.5b,run1_p6,45.78,49.0,,,n/a
11702.047,,qwen2.5:0.5b,run1_p6,45.48,48.0,,,n/a
11702.576,,qwen2.5:0.5b,run1_p7,45.79,47.0,,,n/a
11703.099,,qwen2.5:0.5b,run1_p7,47.63,48.0,,,n/a
11703.623,,qwen2.5:0.5b,run1_p7,49.81,49.0,,,n/a
11704.145,,qwen2.5:0.5b,run1_p7,55.28,49.0,,,n/a
11704.673,,qwen2.5:0.5b,run1_p7,55.39,49.0,,,n/a
11705.201,,qwen2.5:0.5b,run1_p8,48.23,48.0,,,n/a
11705.724,,qwen2.5:0.5b,run1_p8,43.43,48.0,,,n/a
11706.257,,qwen2.5:0.5b,run1_p8,50.60,49.0,,,n/a
11706.784,,qwen2.5:0.5b,run1_p8,54.72,49.0,,,n/a
11707.313,,qwen2.5:0.5b,run1_p9,51.55,49.0,,,n/a
11707.839,,qwen2.5:0.5b,run1_p9,48.76,47.0,,,n/a
11708.367,,qwen2.5:0.5b,run1_p10,50.83,49.0,,,n/a
11708.894,,qwen2.5:0.5b,run1_p10,51.32,49.0,,,n/a
11709.423,,qwen2.5:0.5b,run1_p10,50.69,49.0,,,n/a
11709.954,,qwen2.5:0.5b,run1_p10,54.54,49.0,,,n/a
11710.477,,qwen2.5:0.5b,run1_p10,54.66,49.0,,,n/a
11711.009,,qwen2.5:0.5b,run1_p11,47.38,47.0,,,n/a
11711.540,,qwen2.5:0.5b,run1_p11,42.95,48.0,,,n/a
11712.064,,qwen2.5:0.5b,run1_p11,50.55,49.0,,,n/a
11712.590,,qwen2.5:0.5b,run1_p11,55.59,49.0,,,n/a
11713.118,,qwen2.5:0.5b,run1_p11,55.60,49.0,,,n/a
11713.643,,qwen2.5:0.5b,run1_p11,55.42,49.0,,,n/a
11714.167,,qwen2.5:0.5b,run1_p11,55.62,50.0,,,n/a
11714.697,,qwen2.5:0.5b,run1_p12,47.66,50.0,,,n/a
11715.223,,qwen2.5:0.5b,run1_p12,43.57,46.0,,,n/a
11715.748,,qwen2.5:0.5b,run1_p12,48.68,49.0,,,n/a
11716.273,,qwen2.5:0.5b,run1_p12,54.66,49.0,,,n/a
11716.797,,qwen2.5:0.5b,run1_p12,55.13,50.0,,,n/a
11717.326,,qwen2.5:0.5b,run1_p13,54.28,50.0,,,n/a
11717.850,,qwen2.5:0.5b,run1_p13,51.49,49.0,,,n/a
11718.380,,qwen2.5:0.5b,run1_p13,50.86,49.0,,,n/a
11718.920,,qwen2.5:0.5b,run1_p13,54.66,50.0,,,n/a
11719.452,,qwen2.5:0.5b,run1_p14,48.01,47.0,,,n/a
11719.996,,qwen2.5:0.5b,run1_p14,42.94,49.0,,,n/a
11720.521,,qwen2.5:0.5b,run1_p14,49.81,49.0,,,n/a
11721.049,,qwen2.5:0.5b,run1_p14,55.10,50.0,,,n/a
11721.579,,qwen2.5:0.5b,run1_p14,55.46,50.0,,,n/a
11722.111,,qwen2.5:0.5b,run2_p0,47.36,50.0,,,n/a
11722.644,,qwen2.5:0.5b,run2_p1,35.90,47.0,,,n/a
11723.170,,qwen2.5:0.5b,run2_p1,37.75,47.0,,,n/a
11723.700,,qwen2.5:0.5b,run2_p2,41.50,49.0,,,n/a
11724.228,,qwen2.5:0.5b,run2_p2,41.06,46.0,,,n/a
11724.754,,qwen2.5:0.5b,run2_p2,48.52,49.0,,,n/a
11725.279,,qwen2.5:0.5b,run2_p3,49.65,49.0,,,n/a
11725.808,,qwen2.5:0.5b,run2_p4,42.87,47.0,,,n/a
11726.339,,qwen2.5:0.5b,run2_p4,42.33,49.0,,,n/a
11726.861,,qwen2.5:0.5b,run2_p4,48.91,49.0,,,n/a
11727.392,,qwen2.5:0.5b,run2_p5,50.31,47.0,,,n/a
11727.927,,qwen2.5:0.5b,run2_p5,46.40,49.0,,,n/a
11728.453,,qwen2.5:0.5b,run2_p5,51.31,49.0,,,n/a
11728.987,,qwen2.5:0.5b,run2_p6,51.11,48.0,,,n/a
11729.519,,qwen2.5:0.5b,run2_p6,46.02,48.0,,,n/a
11730.047,,qwen2.5:0.5b,run2_p6,50.86,49.0,,,n/a
11730.575,,qwen2.5:0.5b,run2_p6,55.35,50.0,,,n/a
11731.106,,qwen2.5:0.5b,run2_p7,56.48,51.0,,,n/a
11731.633,,qwen2.5:0.5b,run2_p7,68.56,52.0,,,n/a
11732.161,,qwen2.5:0.5b,run2_p7,81.82,54.0,,,n/a
11732.695,,qwen2.5:0.5b,run2_p8,82.49,56.0,,,n/a
11733.218,,qwen2.5:0.5b,run2_p8,79.16,49.0,,,n/a
11733.741,,qwen2.5:0.5b,run2_p8,84.36,55.0,,,n/a
11734.272,,qwen2.5:0.5b,run2_p9,67.06,49.0,,,n/a
11734.798,,qwen2.5:0.5b,run2_p9,62.48,55.0,,,n/a
11735.322,,qwen2.5:0.5b,run2_p9,83.78,56.0,,,n/a
11735.853,,qwen2.5:0.5b,run2_p10,68.75,49.0,,,n/a
11736.381,,qwen2.5:0.5b,run2_p10,65.90,55.0,,,n/a
11736.905,,qwen2.5:0.5b,run2_p10,84.97,56.0,,,n/a
11737.432,,qwen2.5:0.5b,run2_p11,77.43,52.0,,,n/a
11738.003,,qwen2.5:0.5b,run2_p11,73.55,55.0,,,n/a
11738.542,,qwen2.5:0.5b,run2_p11,92.44,56.0,,,n/a
11739.065,,qwen2.5:0.5b,run2_p11,93.21,56.0,,,n/a
11739.590,,qwen2.5:0.5b,run2_p12,93.78,57.0,,,n/a
11740.116,,qwen2.5:0.5b,run2_p12,85.42,51.0,,,n/a
11740.650,,qwen2.5:0.5b,run2_p12,84.45,56.0,,,n/a
11741.175,,qwen2.5:0.5b,run2_p12,90.21,56.0,,,n/a
11741.704,,qwen2.5:0.5b,run2_p13,73.38,50.0,,,n/a
11742.230,,qwen2.5:0.5b,run2_p13,70.53,56.0,,,n/a
11742.757,,qwen2.5:0.5b,run2_p13,83.69,57.0,,,n/a
11743.284,,qwen2.5:0.5b,run2_p13,94.80,57.0,,,n/a
11743.818,,qwen2.5:0.5b,run2_p14,88.78,58.0,,,n/a
11744.343,,qwen2.5:0.5b,run2_p14,80.54,56.0,,,n/a
11744.873,,qwen2.5:0.5b,run2_p14,85.96,57.0,,,n/a
11745.403,,qwen2.5:0.5b,run2_p14,93.25,58.0,,,n/a
11745.931,,qwen2.5:0.5b,run3_p0,66.86,52.0,,,n/a
11746.459,,qwen2.5:0.5b,run3_p1,43.68,51.0,,,n/a
11746.989,,qwen2.5:0.5b,run3_p2,49.21,53.0,,,n/a
11747.515,,qwen2.5:0.5b,run3_p2,69.36,50.0,,,n/a
11748.129,,qwen2.5:0.5b,run3_p3,77.12,51.0,,,n/a
11748.668,,qwen2.5:0.5b,run3_p3,78.70,57.0,,,n/a
11749.198,,qwen2.5:0.5b,run3_p4,74.64,52.0,,,n/a
11749.733,,qwen2.5:0.5b,run3_p5,68.69,53.0,,,n/a
11750.265,,qwen2.5:0.5b,run3_p5,72.05,56.0,,,n/a
11750.791,,qwen2.5:0.5b,run3_p5,84.17,57.0,,,n/a
11751.323,,qwen2.5:0.5b,run3_p6,72.20,51.0,,,n/a
11751.856,,qwen2.5:0.5b,run3_p6,65.96,56.0,,,n/a
11752.387,,qwen2.5:0.5b,run3_p6,85.44,57.0,,,n/a
11752.930,,qwen2.5:0.5b,run3_p6,91.99,58.0,,,n/a
11753.469,,qwen2.5:0.5b,run3_p7,74.50,53.0,,,n/a
11754.005,,qwen2.5:0.5b,run3_p7,66.57,55.0,,,n/a
11754.540,,qwen2.5:0.5b,run3_p7,83.72,57.0,,,n/a
11755.066,,qwen2.5:0.5b,run3_p8,68.64,53.0,,,n/a
11755.599,,qwen2.5:0.5b,run3_p8,62.03,51.0,,,n/a
11756.124,,qwen2.5:0.5b,run3_p8,84.56,57.0,,,n/a
11756.654,,qwen2.5:0.5b,run3_p8,92.39,58.0,,,n/a
11757.184,,qwen2.5:0.5b,run3_p9,89.49,58.0,,,n/a
11757.721,,qwen2.5:0.5b,run3_p10,73.93,53.0,,,n/a
11758.250,,qwen2.5:0.5b,run3_p10,72.68,58.0,,,n/a
11758.777,,qwen2.5:0.5b,run3_p10,82.84,58.0,,,n/a
11759.304,,qwen2.5:0.5b,run3_p10,92.22,58.0,,,n/a
11759.830,,qwen2.5:0.5b,run3_p10,92.14,58.0,,,n/a
11760.363,,qwen2.5:0.5b,run3_p11,75.09,53.0,,,n/a
11760.908,,qwen2.5:0.5b,run3_p11,64.86,57.0,,,n/a
11761.432,,qwen2.5:0.5b,run3_p11,84.01,58.0,,,n/a
11761.957,,qwen2.5:0.5b,run3_p11,91.73,58.0,,,n/a
11762.480,,qwen2.5:0.5b,run3_p11,94.09,59.0,,,n/a
11763.006,,qwen2.5:0.5b,run3_p12,77.25,57.0,,,n/a
11763.532,,qwen2.5:0.5b,run3_p12,70.56,55.0,,,n/a
11764.060,,qwen2.5:0.5b,run3_p12,88.37,59.0,,,n/a
11764.590,,qwen2.5:0.5b,run3_p12,94.37,59.0,,,n/a
11765.119,,qwen2.5:0.5b,run3_p12,93.30,59.0,,,n/a
11765.689,,qwen2.5:0.5b,run3_p13,81.14,53.0,,,n/a
11766.215,,qwen2.5:0.5b,run3_p13,77.14,59.0,,,n/a
11766.741,,qwen2.5:0.5b,run3_p13,88.59,59.0,,,n/a
11767.265,,qwen2.5:0.5b,run3_p13,93.64,59.0,,,n/a
11767.791,,qwen2.5:0.5b,run3_p13,95.93,60.0,,,n/a
11768.381,,qwen2.5:0.5b,run3_p13,97.20,60.0,,,n/a
11768.907,,qwen2.5:0.5b,run3_p13,97.68,60.0,,,n/a
11769.431,,qwen2.5:0.5b,run3_p13,98.57,60.0,,,n/a
11769.954,,qwen2.5:0.5b,run3_p13,98.78,60.0,,,n/a
11770.479,,qwen2.5:0.5b,run3_p13,99.14,60.0,,,n/a
11771.046,,qwen2.5:0.5b,run3_p13,99.23,60.0,,,n/a
11771.572,,qwen2.5:0.5b,run3_p13,99.80,61.0,,,n/a
11772.097,,qwen2.5:0.5b,run3_p14,100.70,61.0,,,n/a
11772.623,,qwen2.5:0.5b,run3_p14,93.30,59.0,,,n/a
11773.148,,qwen2.5:0.5b,run3_p14,90.94,60.0,,,n/a
11773.671,,qwen2.5:0.5b,run3_p14,96.55,60.0,,,n/a
11774.199,,qwen2.5:0.5b,run3_p14,96.58,60.0,,,n/a
11803.471,,qwen2.5:3b,idle,24.49,45.0,,,n/a
11803.999,,qwen2.5:3b,idle,24.58,45.0,,,n/a
11804.525,,qwen2.5:3b,idle,24.67,45.0,,,n/a
11805.048,,qwen2.5:3b,idle,23.01,45.0,,,n/a
11805.575,,qwen2.5:3b,idle,19.65,45.0,,,n/a
11806.114,,qwen2.5:3b,idle,17.75,45.0,,,n/a
11806.637,,qwen2.5:3b,idle,16.77,45.0,,,n/a
11807.164,,qwen2.5:3b,idle,16.72,45.0,,,n/a
11807.691,,qwen2.5:3b,idle,17.04,45.0,,,n/a
11808.216,,qwen2.5:3b,idle,17.45,44.0,,,n/a
11808.746,,qwen2.5:3b,idle,17.70,44.0,,,n/a
11809.285,,qwen2.5:3b,idle,17.64,44.0,,,n/a
11809.819,,qwen2.5:3b,idle,17.59,44.0,,,n/a
11810.349,,qwen2.5:3b,idle,17.30,44.0,,,n/a
11810.884,,qwen2.5:3b,idle,16.97,44.0,,,n/a
11811.415,,qwen2.5:3b,idle,17.28,44.0,,,n/a
11811.949,,qwen2.5:3b,idle,17.67,44.0,,,n/a
11812.476,,qwen2.5:3b,idle,17.63,44.0,,,n/a
11813.002,,qwen2.5:3b,idle,17.36,44.0,,,n/a
11813.534,,qwen2.5:3b,run1_p0,17.12,44.0,,,n/a
11814.065,,qwen2.5:3b,run1_p1,23.04,44.0,,,n/a
11814.605,,qwen2.5:3b,run1_p2,57.25,52.0,,,n/a
11815.129,,qwen2.5:3b,run1_p2,94.55,57.0,,,n/a
11815.653,,qwen2.5:3b,run1_p2,112.49,59.0,,,n/a
11816.222,,qwen2.5:3b,run1_p3,106.82,59.0,,,n/a
11816.744,,qwen2.5:3b,run1_p3,104.53,57.0,,,n/a
11817.272,,qwen2.5:3b,run1_p4,87.18,60.0,,,n/a
11817.798,,qwen2.5:3b,run1_p5,70.31,52.0,,,n/a
11818.324,,qwen2.5:3b,run1_p5,84.27,48.0,,,n/a
11818.854,,qwen2.5:3b,run1_p6,86.28,59.0,,,n/a
11819.420,,qwen2.5:3b,run1_p6,89.69,49.0,,,n/a
11819.942,,qwen2.5:3b,run1_p6,115.29,61.0,,,n/a
11820.467,,qwen2.5:3b,run1_p6,126.03,61.0,,,n/a
11820.990,,qwen2.5:3b,run1_p6,128.16,62.0,,,n/a
11821.516,,qwen2.5:3b,run1_p6,128.24,62.0,,,n/a
11822.039,,qwen2.5:3b,run1_p6,127.81,62.0,,,n/a
11822.565,,qwen2.5:3b,run1_p6,127.89,62.0,,,n/a
11823.092,,qwen2.5:3b,run1_p7,103.85,55.0,,,n/a
11823.617,,qwen2.5:3b,run1_p7,95.83,59.0,,,n/a
11824.142,,qwen2.5:3b,run1_p7,111.49,62.0,,,n/a
11824.669,,qwen2.5:3b,run1_p7,127.37,63.0,,,n/a
11825.192,,qwen2.5:3b,run1_p7,128.41,63.0,,,n/a
11825.714,,qwen2.5:3b,run1_p7,128.78,63.0,,,n/a
11826.240,,qwen2.5:3b,run1_p7,128.22,63.0,,,n/a
11826.763,,qwen2.5:3b,run1_p7,128.07,62.0,,,n/a
11827.333,,qwen2.5:3b,run1_p7,124.79,63.0,,,n/a
11827.861,,qwen2.5:3b,run1_p8,83.96,51.0,,,n/a
11828.386,,qwen2.5:3b,run1_p8,74.72,62.0,,,n/a
11828.910,,qwen2.5:3b,run1_p8,119.61,63.0,,,n/a
11829.433,,qwen2.5:3b,run1_p8,127.42,63.0,,,n/a
11829.957,,qwen2.5:3b,run1_p8,127.02,63.0,,,n/a
11830.480,,qwen2.5:3b,run1_p8,126.56,63.0,,,n/a
11831.006,,qwen2.5:3b,run1_p8,126.69,63.0,,,n/a
11831.529,,qwen2.5:3b,run1_p8,126.76,63.0,,,n/a
11832.056,,qwen2.5:3b,run1_p8,127.91,64.0,,,n/a
11832.580,,qwen2.5:3b,run1_p8,128.57,63.0,,,n/a
11833.108,,qwen2.5:3b,run1_p8,128.01,63.0,,,n/a
11833.633,,qwen2.5:3b,run1_p8,127.39,64.0,,,n/a
11834.156,,qwen2.5:3b,run1_p8,127.73,64.0,,,n/a
11834.680,,qwen2.5:3b,run1_p9,121.61,64.0,,,n/a
11835.205,,qwen2.5:3b,run1_p9,113.17,55.0,,,n/a
11835.729,,qwen2.5:3b,run1_p9,119.77,64.0,,,n/a
11836.255,,qwen2.5:3b,run1_p9,128.53,64.0,,,n/a
11836.797,,qwen2.5:3b,run1_p10,107.44,56.0,,,n/a
11837.322,,qwen2.5:3b,run1_p10,103.20,63.0,,,n/a
11837.844,,qwen2.5:3b,run1_p10,117.29,64.0,,,n/a
11838.369,,qwen2.5:3b,run1_p10,128.62,64.0,,,n/a
11838.898,,qwen2.5:3b,run1_p10,128.03,64.0,,,n/a
11839.434,,qwen2.5:3b,run1_p10,128.18,64.0,,,n/a
11839.961,,qwen2.5:3b,run1_p10,128.64,65.0,,,n/a
11840.487,,qwen2.5:3b,run1_p10,129.32,65.0,,,n/a
11841.036,,qwen2.5:3b,run1_p11,121.39,65.0,,,n/a
11841.563,,qwen2.5:3b,run1_p11,116.57,62.0,,,n/a
11842.092,,qwen2.5:3b,run1_p11,116.84,65.0,,,n/a
11842.623,,qwen2.5:3b,run1_p11,129.44,65.0,,,n/a
11843.148,,qwen2.5:3b,run1_p11,129.22,64.0,,,n/a
11843.675,,qwen2.5:3b,run1_p11,128.88,65.0,,,n/a
11844.203,,qwen2.5:3b,run1_p11,128.65,65.0,,,n/a
11844.726,,qwen2.5:3b,run1_p11,128.02,65.0,,,n/a
11845.251,,qwen2.5:3b,run1_p11,128.18,65.0,,,n/a
11845.778,,qwen2.5:3b,run1_p11,128.43,65.0,,,n/a
11846.305,,qwen2.5:3b,run1_p11,129.05,65.0,,,n/a
11846.831,,qwen2.5:3b,run1_p11,129.37,65.0,,,n/a
11847.354,,qwen2.5:3b,run1_p11,128.97,65.0,,,n/a
11847.879,,qwen2.5:3b,run1_p11,129.59,65.0,,,n/a
11848.417,,qwen2.5:3b,run1_p12,102.08,55.0,,,n/a
11848.944,,qwen2.5:3b,run1_p12,93.64,64.0,,,n/a
11849.469,,qwen2.5:3b,run1_p12,121.22,65.0,,,n/a
11849.994,,qwen2.5:3b,run1_p12,130.10,66.0,,,n/a
11850.516,,qwen2.5:3b,run1_p12,131.15,65.0,,,n/a
11851.040,,qwen2.5:3b,run1_p12,131.01,65.0,,,n/a
11851.565,,qwen2.5:3b,run1_p12,130.72,65.0,,,n/a
11852.117,,qwen2.5:3b,run1_p13,121.43,66.0,,,n/a
11852.640,,qwen2.5:3b,run1_p13,112.11,61.0,,,n/a
11853.167,,qwen2.5:3b,run1_p13,119.95,65.0,,,n/a
11853.691,,qwen2.5:3b,run1_p13,127.89,65.0,,,n/a
11854.218,,qwen2.5:3b,run1_p13,127.51,65.0,,,n/a
11854.746,,qwen2.5:3b,run1_p13,127.68,65.0,,,n/a
11855.271,,qwen2.5:3b,run1_p13,127.80,65.0,,,n/a
11855.796,,qwen2.5:3b,run1_p13,127.92,65.0,,,n/a
11856.327,,qwen2.5:3b,run1_p14,127.07,65.0,,,n/a
11856.853,,qwen2.5:3b,run1_p14,119.59,64.0,,,n/a
11857.376,,qwen2.5:3b,run1_p14,115.21,64.0,,,n/a
11857.902,,qwen2.5:3b,run1_p14,121.76,64.0,,,n/a
11858.426,,qwen2.5:3b,run1_p14,124.31,65.0,,,n/a
11858.950,,qwen2.5:3b,run1_p14,125.65,64.0,,,n/a
11859.477,,qwen2.5:3b,run1_p14,125.73,65.0,,,n/a
11860.001,,qwen2.5:3b,run1_p14,126.88,65.0,,,n/a
11860.529,,qwen2.5:3b,run1_p14,128.24,65.0,,,n/a
11861.055,,qwen2.5:3b,run1_p14,129.15,66.0,,,n/a
11861.583,,qwen2.5:3b,run1_p14,129.77,65.0,,,n/a
11862.108,,qwen2.5:3b,run1_p14,130.17,66.0,,,n/a
11862.634,,qwen2.5:3b,run1_p14,129.40,66.0,,,n/a
11863.157,,qwen2.5:3b,run1_p14,129.46,66.0,,,n/a
11863.682,,qwen2.5:3b,run2_p0,110.49,56.0,,,n/a
11864.208,,qwen2.5:3b,run2_p1,68.56,54.0,,,n/a
11864.737,,qwen2.5:3b,run2_p2,58.21,55.0,,,n/a
11865.261,,qwen2.5:3b,run2_p2,81.58,63.0,,,n/a
11865.796,,qwen2.5:3b,run2_p3,112.87,65.0,,,n/a
11866.326,,qwen2.5:3b,run2_p4,87.61,58.0,,,n/a
11866.850,,qwen2.5:3b,run2_p5,67.31,59.0,,,n/a
11867.372,,qwen2.5:3b,run2_p5,96.24,63.0,,,n/a
11867.899,,qwen2.5:3b,run2_p6,79.76,54.0,,,n/a
11868.425,,qwen2.5:3b,run2_p6,81.61,60.0,,,n/a
11868.954,,qwen2.5:3b,run2_p6,117.30,64.0,,,n/a
11869.485,,qwen2.5:3b,run2_p6,129.41,65.0,,,n/a
11870.012,,qwen2.5:3b,run2_p6,129.97,65.0,,,n/a
11870.541,,qwen2.5:3b,run2_p6,129.82,65.0,,,n/a
11871.068,,qwen2.5:3b,run2_p6,129.69,65.0,,,n/a
11871.630,,qwen2.5:3b,run2_p6,129.70,65.0,,,n/a
11872.163,,qwen2.5:3b,run2_p7,108.32,54.0,,,n/a
11872.686,,qwen2.5:3b,run2_p7,100.25,64.0,,,n/a
11873.218,,qwen2.5:3b,run2_p7,111.17,65.0,,,n/a
11873.746,,qwen2.5:3b,run2_p7,129.00,65.0,,,n/a
11874.270,,qwen2.5:3b,run2_p7,128.65,65.0,,,n/a
11874.793,,qwen2.5:3b,run2_p7,128.52,65.0,,,n/a
11875.325,,qwen2.5:3b,run2_p7,129.40,65.0,,,n/a
11875.849,,qwen2.5:3b,run2_p7,129.99,65.0,,,n/a
11876.371,,qwen2.5:3b,run2_p7,130.08,65.0,,,n/a
11876.898,,qwen2.5:3b,run2_p8,97.06,55.0,,,n/a
11877.422,,qwen2.5:3b,run2_p8,86.78,63.0,,,n/a
11877.946,,qwen2.5:3b,run2_p8,119.25,65.0,,,n/a
11878.474,,qwen2.5:3b,run2_p8,129.69,65.0,,,n/a
11878.997,,qwen2.5:3b,run2_p8,129.96,65.0,,,n/a
11879.522,,qwen2.5:3b,run2_p8,129.72,65.0,,,n/a
11880.047,,qwen2.5:3b,run2_p8,129.66,65.0,,,n/a
11880.573,,qwen2.5:3b,run2_p8,129.80,65.0,,,n/a
11881.099,,qwen2.5:3b,run2_p8,128.44,65.0,,,n/a
11881.622,,qwen2.5:3b,run2_p8,126.84,65.0,,,n/a
11882.147,,qwen2.5:3b,run2_p9,128.69,65.0,,,n/a
11882.671,,qwen2.5:3b,run2_p9,121.58,65.0,,,n/a
11883.198,,qwen2.5:3b,run2_p9,120.52,65.0,,,n/a
11883.724,,qwen2.5:3b,run2_p9,129.35,66.0,,,n/a
11884.248,,qwen2.5:3b,run2_p10,106.48,55.0,,,n/a
11884.776,,qwen2.5:3b,run2_p10,95.67,64.0,,,n/a
11885.301,,qwen2.5:3b,run2_p10,118.32,65.0,,,n/a
11885.826,,qwen2.5:3b,run2_p10,128.63,65.0,,,n/a
11886.352,,qwen2.5:3b,run2_p10,129.06,65.0,,,n/a
11886.907,,qwen2.5:3b,run2_p10,129.08,65.0,,,n/a
11887.434,,qwen2.5:3b,run2_p10,129.23,65.0,,,n/a
11887.959,,qwen2.5:3b,run2_p10,129.51,65.0,,,n/a
11888.487,,qwen2.5:3b,run2_p11,113.78,66.0,,,n/a
11889.013,,qwen2.5:3b,run2_p11,102.86,58.0,,,n/a
11889.540,,qwen2.5:3b,run2_p11,117.97,65.0,,,n/a
11890.065,,qwen2.5:3b,run2_p11,128.85,66.0,,,n/a
11890.589,,qwen2.5:3b,run2_p11,129.90,65.0,,,n/a
11891.113,,qwen2.5:3b,run2_p11,130.57,66.0,,,n/a
11891.636,,qwen2.5:3b,run2_p11,130.57,66.0,,,n/a
11892.159,,qwen2.5:3b,run2_p11,130.52,66.0,,,n/a
11892.684,,qwen2.5:3b,run2_p11,130.92,66.0,,,n/a
11893.207,,qwen2.5:3b,run2_p11,130.52,66.0,,,n/a
11893.730,,qwen2.5:3b,run2_p11,130.24,66.0,,,n/a
11894.255,,qwen2.5:3b,run2_p11,130.64,66.0,,,n/a
11894.780,,qwen2.5:3b,run2_p11,131.03,66.0,,,n/a
11895.305,,qwen2.5:3b,run2_p11,130.84,66.0,,,n/a
11895.830,,qwen2.5:3b,run2_p11,130.82,66.0,,,n/a
11896.358,,qwen2.5:3b,run2_p12,95.11,58.0,,,n/a
11896.904,,qwen2.5:3b,run2_p12,84.20,58.0,,,n/a
11897.428,,qwen2.5:3b,run2_p12,118.98,65.0,,,n/a
11897.954,,qwen2.5:3b,run2_p12,127.98,65.0,,,n/a
11898.479,,qwen2.5:3b,run2_p12,126.77,65.0,,,n/a
11899.005,,qwen2.5:3b,run2_p12,128.01,66.0,,,n/a
11899.530,,qwen2.5:3b,run2_p12,130.11,66.0,,,n/a
11900.053,,qwen2.5:3b,run2_p12,130.57,65.0,,,n/a
11900.583,,qwen2.5:3b,run2_p13,110.79,56.0,,,n/a
11901.106,,qwen2.5:3b,run2_p13,100.72,65.0,,,n/a
11901.637,,qwen2.5:3b,run2_p13,110.95,65.0,,,n/a
11902.161,,qwen2.5:3b,run2_p13,128.19,65.0,,,n/a
11902.688,,qwen2.5:3b,run2_p13,129.66,66.0,,,n/a
11903.218,,qwen2.5:3b,run2_p13,130.32,66.0,,,n/a
11903.743,,qwen2.5:3b,run2_p13,130.20,66.0,,,n/a
11904.272,,qwen2.5:3b,run2_p13,130.20,66.0,,,n/a
11904.798,,qwen2.5:3b,run2_p13,130.24,66.0,,,n/a
11905.323,,qwen2.5:3b,run2_p13,130.36,66.0,,,n/a
11905.850,,qwen2.5:3b,run2_p14,107.05,60.0,,,n/a
11906.376,,qwen2.5:3b,run2_p14,94.88,63.0,,,n/a
11906.904,,qwen2.5:3b,run2_p14,117.67,65.0,,,n/a
11907.429,,qwen2.5:3b,run2_p14,128.68,65.0,,,n/a
11907.956,,qwen2.5:3b,run2_p14,129.06,66.0,,,n/a
11908.482,,qwen2.5:3b,run2_p14,130.22,66.0,,,n/a
11909.005,,qwen2.5:3b,run2_p14,130.87,66.0,,,n/a
11909.529,,qwen2.5:3b,run2_p14,130.71,66.0,,,n/a
11910.053,,qwen2.5:3b,run2_p14,130.85,66.0,,,n/a
11910.580,,qwen2.5:3b,run2_p14,130.65,66.0,,,n/a
11911.103,,qwen2.5:3b,run2_p14,130.60,66.0,,,n/a
11911.624,,qwen2.5:3b,run2_p14,130.95,66.0,,,n/a
11912.149,,qwen2.5:3b,run2_p14,131.14,66.0,,,n/a
11912.673,,qwen2.5:3b,run3_p0,114.78,59.0,,,n/a
11913.208,,qwen2.5:3b,run3_p1,80.10,55.0,,,n/a
11913.733,,qwen2.5:3b,run3_p2,58.18,56.0,,,n/a
11914.257,,qwen2.5:3b,run3_p2,86.76,63.0,,,n/a
11914.784,,qwen2.5:3b,run3_p3,86.60,56.0,,,n/a
11915.310,,qwen2.5:3b,run3_p3,89.78,62.0,,,n/a
11915.840,,qwen2.5:3b,run3_p4,86.54,58.0,,,n/a
11916.365,,qwen2.5:3b,run3_p4,89.15,60.0,,,n/a
11916.907,,qwen2.5:3b,run3_p5,79.82,57.0,,,n/a
11917.433,,qwen2.5:3b,run3_p5,82.05,53.0,,,n/a
11917.967,,qwen2.5:3b,run3_p6,90.81,53.0,,,n/a
11918.495,,qwen2.5:3b,run3_p6,92.15,64.0,,,n/a
11919.057,,qwen2.5:3b,run3_p6,116.85,65.0,,,n/a
11919.581,,qwen2.5:3b,run3_p6,128.67,65.0,,,n/a
11920.105,,qwen2.5:3b,run3_p6,129.23,65.0,,,n/a
11920.627,,qwen2.5:3b,run3_p6,129.40,65.0,,,n/a
11921.149,,qwen2.5:3b,run3_p6,130.72,65.0,,,n/a
11921.672,,qwen2.5:3b,run3_p6,131.03,66.0,,,n/a
11922.198,,qwen2.5:3b,run3_p6,130.96,65.0,,,n/a
11922.735,,qwen2.5:3b,run3_p7,122.85,66.0,,,n/a
11923.258,,qwen2.5:3b,run3_p7,116.14,62.0,,,n/a
11923.781,,qwen2.5:3b,run3_p7,115.57,65.0,,,n/a
11924.307,,qwen2.5:3b,run3_p7,130.19,65.0,,,n/a
11924.828,,qwen2.5:3b,run3_p7,130.41,65.0,,,n/a
11925.357,,qwen2.5:3b,run3_p7,130.65,66.0,,,n/a
11925.880,,qwen2.5:3b,run3_p7,129.29,66.0,,,n/a
11926.406,,qwen2.5:3b,run3_p7,127.40,65.0,,,n/a
11926.930,,qwen2.5:3b,run3_p7,127.97,66.0,,,n/a
11927.467,,qwen2.5:3b,run3_p8,110.83,58.0,,,n/a
11927.991,,qwen2.5:3b,run3_p8,105.33,64.0,,,n/a
11928.517,,qwen2.5:3b,run3_p8,115.34,65.0,,,n/a
11929.040,,qwen2.5:3b,run3_p8,129.00,66.0,,,n/a
11929.566,,qwen2.5:3b,run3_p8,129.22,66.0,,,n/a
11930.095,,qwen2.5:3b,run3_p8,128.64,65.0,,,n/a
11930.634,,qwen2.5:3b,run3_p8,128.36,65.0,,,n/a
11931.162,,qwen2.5:3b,run3_p8,128.44,66.0,,,n/a
11931.687,,qwen2.5:3b,run3_p8,126.70,65.0,,,n/a
11932.215,,qwen2.5:3b,run3_p8,126.21,65.0,,,n/a
11932.744,,qwen2.5:3b,run3_p8,128.67,66.0,,,n/a
11933.269,,qwen2.5:3b,run3_p8,130.25,66.0,,,n/a
11933.794,,qwen2.5:3b,run3_p8,131.15,66.0,,,n/a
11934.317,,qwen2.5:3b,run3_p8,131.65,66.0,,,n/a
11934.844,,qwen2.5:3b,run3_p9,109.78,66.0,,,n/a
11935.372,,qwen2.5:3b,run3_p9,102.23,55.0,,,n/a
11935.912,,qwen2.5:3b,run3_p9,114.94,65.0,,,n/a
11936.435,,qwen2.5:3b,run3_p9,130.22,66.0,,,n/a
11936.966,,qwen2.5:3b,run3_p10,123.55,60.0,,,n/a
11937.491,,qwen2.5:3b,run3_p10,117.23,65.0,,,n/a
11938.013,,qwen2.5:3b,run3_p10,116.78,66.0,,,n/a
11938.539,,qwen2.5:3b,run3_p10,129.41,65.0,,,n/a
11939.063,,qwen2.5:3b,run3_p10,128.22,65.0,,,n/a
11939.586,,qwen2.5:3b,run3_p10,127.13,65.0,,,n/a
11940.115,,qwen2.5:3b,run3_p10,126.70,65.0,,,n/a
11940.638,,qwen2.5:3b,run3_p10,128.57,66.0,,,n/a
11941.162,,qwen2.5:3b,run3_p10,129.81,65.0,,,n/a
11941.691,,qwen2.5:3b,run3_p11,106.98,60.0,,,n/a
11942.214,,qwen2.5:3b,run3_p11,96.24,63.0,,,n/a
11942.737,,qwen2.5:3b,run3_p11,120.22,66.0,,,n/a
11943.261,,qwen2.5:3b,run3_p11,132.87,66.0,,,n/a
11943.785,,qwen2.5:3b,run3_p11,132.78,66.0,,,n/a
11944.311,,qwen2.5:3b,run3_p11,132.70,66.0,,,n/a
11944.835,,qwen2.5:3b,run3_p11,132.39,66.0,,,n/a
11945.357,,qwen2.5:3b,run3_p11,131.95,66.0,,,n/a
11945.879,,qwen2.5:3b,run3_p11,131.56,66.0,,,n/a
11946.401,,qwen2.5:3b,run3_p11,131.76,66.0,,,n/a
11946.929,,qwen2.5:3b,run3_p11,132.29,66.0,,,n/a
11947.453,,qwen2.5:3b,run3_p11,131.38,66.0,,,n/a
11947.976,,qwen2.5:3b,run3_p11,130.50,66.0,,,n/a
11948.500,,qwen2.5:3b,run3_p11,129.71,65.0,,,n/a
11949.026,,qwen2.5:3b,run3_p11,129.96,66.0,,,n/a
11949.552,,qwen2.5:3b,run3_p11,130.29,65.0,,,n/a
11950.079,,qwen2.5:3b,run3_p11,130.11,66.0,,,n/a
11950.603,,qwen2.5:3b,run3_p11,130.84,66.0,,,n/a
11951.130,,qwen2.5:3b,run3_p11,129.12,66.0,,,n/a
11951.653,,qwen2.5:3b,run3_p11,128.55,66.0,,,n/a
11952.183,,qwen2.5:3b,run3_p12,114.65,66.0,,,n/a
11952.709,,qwen2.5:3b,run3_p12,102.65,55.0,,,n/a
11953.237,,qwen2.5:3b,run3_p12,116.17,65.0,,,n/a
11953.760,,qwen2.5:3b,run3_p12,128.69,66.0,,,n/a
11954.283,,qwen2.5:3b,run3_p12,130.08,66.0,,,n/a
11954.806,,qwen2.5:3b,run3_p12,130.42,66.0,,,n/a
11955.331,,qwen2.5:3b,run3_p12,130.54,66.0,,,n/a
11955.854,,qwen2.5:3b,run3_p12,130.15,66.0,,,n/a
11956.381,,qwen2.5:3b,run3_p13,118.64,66.0,,,n/a
11956.907,,qwen2.5:3b,run3_p13,110.73,65.0,,,n/a
11957.432,,qwen2.5:3b,run3_p13,119.71,66.0,,,n/a
11957.963,,qwen2.5:3b,run3_p13,127.08,66.0,,,n/a
11958.494,,qwen2.5:3b,run3_p13,126.78,66.0,,,n/a
11959.027,,qwen2.5:3b,run3_p13,127.49,66.0,,,n/a
11959.554,,qwen2.5:3b,run3_p13,127.05,66.0,,,n/a
11960.082,,qwen2.5:3b,run3_p13,128.74,66.0,,,n/a
11960.616,,qwen2.5:3b,run3_p14,95.19,58.0,,,n/a
11961.141,,qwen2.5:3b,run3_p14,86.43,60.0,,,n/a
11961.666,,qwen2.5:3b,run3_p14,111.95,66.0,,,n/a
11962.190,,qwen2.5:3b,run3_p14,127.31,64.0,,,n/a
11962.715,,qwen2.5:3b,run3_p14,127.76,65.0,,,n/a
11963.240,,qwen2.5:3b,run3_p14,128.65,66.0,,,n/a
11963.764,,qwen2.5:3b,run3_p14,128.09,65.0,,,n/a
11964.288,,qwen2.5:3b,run3_p14,128.50,66.0,,,n/a
11964.812,,qwen2.5:3b,run3_p14,130.01,66.0,,,n/a
11965.339,,qwen2.5:3b,run3_p14,130.37,66.0,,,n/a
11965.865,,qwen2.5:3b,run3_p14,130.31,66.0,,,n/a
11966.389,,qwen2.5:3b,run3_p14,130.45,66.0,,,n/a
11966.913,,qwen2.5:3b,run3_p14,130.63,66.0,,,n/a
11991.830,,qwen2.5:7b,idle,25.08,46.0,,,n/a
11992.355,,qwen2.5:7b,idle,25.00,46.0,,,n/a
11992.883,,qwen2.5:7b,idle,24.75,46.0,,,n/a
11993.411,,qwen2.5:7b,idle,21.98,45.0,,,n/a
11993.934,,qwen2.5:7b,idle,18.99,45.0,,,n/a
11994.465,,qwen2.5:7b,idle,17.67,45.0,,,n/a
11994.989,,qwen2.5:7b,idle,16.79,45.0,,,n/a
11995.517,,qwen2.5:7b,idle,16.54,45.0,,,n/a
11996.041,,qwen2.5:7b,idle,16.41,45.0,,,n/a
11996.564,,qwen2.5:7b,idle,16.11,45.0,,,n/a
11997.089,,qwen2.5:7b,idle,16.47,45.0,,,n/a
11997.616,,qwen2.5:7b,idle,16.18,45.0,,,n/a
11998.143,,qwen2.5:7b,idle,15.70,44.0,,,n/a
11998.667,,qwen2.5:7b,idle,16.28,44.0,,,n/a
11999.199,,qwen2.5:7b,idle,17.47,44.0,,,n/a
11999.724,,qwen2.5:7b,idle,17.89,44.0,,,n/a
12000.252,,qwen2.5:7b,idle,17.61,44.0,,,n/a
12000.775,,qwen2.5:7b,idle,19.86,44.0,,,n/a
12001.298,,qwen2.5:7b,idle,27.48,46.0,,,n/a
12001.821,,qwen2.5:7b,idle,34.16,46.0,,,n/a
12002.352,,qwen2.5:7b,run1_p0,33.99,46.0,,,n/a
12002.891,,qwen2.5:7b,run1_p1,45.81,53.0,,,n/a
12003.419,,qwen2.5:7b,run1_p1,80.38,56.0,,,n/a
12003.982,,qwen2.5:7b,run1_p2,102.76,60.0,,,n/a
12004.535,,qwen2.5:7b,run1_p2,101.66,54.0,,,n/a
12005.065,,qwen2.5:7b,run1_p3,123.52,60.0,,,n/a
12005.589,,qwen2.5:7b,run1_p3,124.14,61.0,,,n/a
12006.111,,qwen2.5:7b,run1_p3,124.29,62.0,,,n/a
12006.653,,qwen2.5:7b,run1_p4,92.98,50.0,,,n/a
12007.176,,qwen2.5:7b,run1_p4,81.65,61.0,,,n/a
12007.699,,qwen2.5:7b,run1_p4,121.74,62.0,,,n/a
12008.226,,qwen2.5:7b,run1_p5,116.61,55.0,,,n/a
12008.748,,qwen2.5:7b,run1_p5,103.48,60.0,,,n/a
12009.281,,qwen2.5:7b,run1_p6,104.07,62.0,,,n/a
12009.804,,qwen2.5:7b,run1_p6,106.78,60.0,,,n/a
12010.327,,qwen2.5:7b,run1_p6,123.14,62.0,,,n/a
12010.849,,qwen2.5:7b,run1_p6,134.24,63.0,,,n/a
12011.371,,qwen2.5:7b,run1_p6,134.26,63.0,,,n/a
12011.897,,qwen2.5:7b,run1_p6,133.59,63.0,,,n/a
12012.419,,qwen2.5:7b,run1_p6,133.73,63.0,,,n/a
12012.946,,qwen2.5:7b,run1_p6,134.15,64.0,,,n/a
12013.471,,qwen2.5:7b,run1_p6,134.07,64.0,,,n/a
12013.996,,qwen2.5:7b,run1_p6,132.35,63.0,,,n/a
12014.521,,qwen2.5:7b,run1_p6,131.60,63.0,,,n/a
12015.048,,qwen2.5:7b,run1_p6,133.01,64.0,,,n/a
12015.579,,qwen2.5:7b,run1_p6,133.75,64.0,,,n/a
12016.104,,qwen2.5:7b,run1_p6,134.28,64.0,,,n/a
12016.628,,qwen2.5:7b,run1_p6,133.40,64.0,,,n/a
12017.221,,qwen2.5:7b,run1_p7,99.68,58.0,,,n/a
12017.745,,qwen2.5:7b,run1_p7,88.67,61.0,,,n/a
12018.268,,qwen2.5:7b,run1_p7,114.43,64.0,,,n/a
12018.798,,qwen2.5:7b,run1_p7,135.00,64.0,,,n/a
12019.331,,qwen2.5:7b,run1_p7,135.02,65.0,,,n/a
12019.860,,qwen2.5:7b,run1_p7,135.24,65.0,,,n/a
12020.390,,qwen2.5:7b,run1_p7,135.43,65.0,,,n/a
12020.920,,qwen2.5:7b,run1_p7,135.45,66.0,,,n/a
12021.452,,qwen2.5:7b,run1_p7,135.61,65.0,,,n/a
12021.981,,qwen2.5:7b,run1_p7,135.94,66.0,,,n/a
12022.513,,qwen2.5:7b,run1_p7,135.77,66.0,,,n/a
12023.042,,qwen2.5:7b,run1_p7,135.78,66.0,,,n/a
12023.568,,qwen2.5:7b,run1_p7,134.84,65.0,,,n/a
12024.093,,qwen2.5:7b,run1_p7,134.02,66.0,,,n/a
12024.620,,qwen2.5:7b,run1_p7,133.53,66.0,,,n/a
12025.186,,qwen2.5:7b,run1_p8,124.25,66.0,,,n/a
12025.740,,qwen2.5:7b,run1_p8,120.34,64.0,,,n/a
12026.265,,qwen2.5:7b,run1_p8,122.17,65.0,,,n/a
12026.788,,qwen2.5:7b,run1_p8,135.00,65.0,,,n/a
12027.312,,qwen2.5:7b,run1_p8,134.94,65.0,,,n/a
12027.834,,qwen2.5:7b,run1_p8,135.16,66.0,,,n/a
12028.359,,qwen2.5:7b,run1_p8,135.40,66.0,,,n/a
12028.883,,qwen2.5:7b,run1_p8,135.48,66.0,,,n/a
12029.406,,qwen2.5:7b,run1_p8,135.31,66.0,,,n/a
12029.929,,qwen2.5:7b,run1_p8,135.39,66.0,,,n/a
12030.455,,qwen2.5:7b,run1_p8,135.82,66.0,,,n/a
12030.978,,qwen2.5:7b,run1_p8,135.92,67.0,,,n/a
12031.503,,qwen2.5:7b,run1_p8,135.46,66.0,,,n/a
12032.025,,qwen2.5:7b,run1_p8,135.48,66.0,,,n/a
12032.550,,qwen2.5:7b,run1_p8,135.82,66.0,,,n/a
12033.073,,qwen2.5:7b,run1_p8,135.89,66.0,,,n/a
12033.596,,qwen2.5:7b,run1_p8,135.88,66.0,,,n/a
12034.118,,qwen2.5:7b,run1_p8,136.10,66.0,,,n/a
12034.641,,qwen2.5:7b,run1_p8,136.67,67.0,,,n/a
12035.167,,qwen2.5:7b,run1_p8,135.73,67.0,,,n/a
12035.691,,qwen2.5:7b,run1_p8,135.17,66.0,,,n/a
12036.230,,qwen2.5:7b,run1_p9,95.32,57.0,,,n/a
12036.754,,qwen2.5:7b,run1_p9,88.93,62.0,,,n/a
12037.288,,qwen2.5:7b,run1_p9,120.35,66.0,,,n/a
12037.811,,qwen2.5:7b,run1_p9,135.10,66.0,,,n/a
12038.336,,qwen2.5:7b,run1_p9,135.40,66.0,,,n/a
12038.873,,qwen2.5:7b,run1_p10,135.00,66.0,,,n/a
12039.396,,qwen2.5:7b,run1_p10,125.55,66.0,,,n/a
12039.919,,qwen2.5:7b,run1_p10,125.69,66.0,,,n/a
12040.442,,qwen2.5:7b,run1_p10,134.90,66.0,,,n/a
12040.967,,qwen2.5:7b,run1_p10,135.79,67.0,,,n/a
12041.490,,qwen2.5:7b,run1_p10,135.93,67.0,,,n/a
12042.012,,qwen2.5:7b,run1_p10,135.96,67.0,,,n/a
12042.534,,qwen2.5:7b,run1_p10,136.16,67.0,,,n/a
12043.064,,qwen2.5:7b,run1_p10,136.26,66.0,,,n/a
12043.586,,qwen2.5:7b,run1_p10,136.63,67.0,,,n/a
12044.108,,qwen2.5:7b,run1_p10,136.90,67.0,,,n/a
12044.630,,qwen2.5:7b,run1_p10,136.77,67.0,,,n/a
12045.157,,qwen2.5:7b,run1_p10,136.64,67.0,,,n/a
12045.713,,qwen2.5:7b,run1_p11,133.01,66.0,,,n/a
12046.235,,qwen2.5:7b,run1_p11,127.05,59.0,,,n/a
12046.756,,qwen2.5:7b,run1_p11,127.51,67.0,,,n/a
12047.280,,qwen2.5:7b,run1_p11,136.43,67.0,,,n/a
12047.803,,qwen2.5:7b,run1_p11,137.13,67.0,,,n/a
12048.326,,qwen2.5:7b,run1_p11,136.08,67.0,,,n/a
12048.850,,qwen2.5:7b,run1_p11,136.13,67.0,,,n/a
12049.374,,qwen2.5:7b,run1_p11,137.43,67.0,,,n/a
12049.897,,qwen2.5:7b,run1_p11,137.48,67.0,,,n/a
12050.420,,qwen2.5:7b,run1_p11,137.57,67.0,,,n/a
12050.943,,qwen2.5:7b,run1_p11,137.74,67.0,,,n/a
12051.466,,qwen2.5:7b,run1_p11,137.59,67.0,,,n/a
12051.988,,qwen2.5:7b,run1_p11,137.65,67.0,,,n/a
12052.518,,qwen2.5:7b,run1_p11,137.97,67.0,,,n/a
12053.046,,qwen2.5:7b,run1_p11,138.05,67.0,,,n/a
12053.572,,qwen2.5:7b,run1_p11,137.88,67.0,,,n/a
12054.097,,qwen2.5:7b,run1_p11,137.69,67.0,,,n/a
12054.620,,qwen2.5:7b,run1_p11,137.65,67.0,,,n/a
12055.146,,qwen2.5:7b,run1_p11,137.82,67.0,,,n/a
12055.672,,qwen2.5:7b,run1_p11,137.81,67.0,,,n/a
12056.195,,qwen2.5:7b,run1_p11,137.83,67.0,,,n/a
12056.721,,qwen2.5:7b,run1_p11,137.82,67.0,,,n/a
12057.252,,qwen2.5:7b,run1_p11,137.69,67.0,,,n/a
12057.774,,qwen2.5:7b,run1_p11,137.14,67.0,,,n/a
12058.296,,qwen2.5:7b,run1_p11,137.50,67.0,,,n/a
12058.820,,qwen2.5:7b,run1_p11,138.39,67.0,,,n/a
12059.346,,qwen2.5:7b,run1_p11,138.11,67.0,,,n/a
12059.868,,qwen2.5:7b,run1_p11,138.01,67.0,,,n/a
12060.393,,qwen2.5:7b,run1_p11,138.18,67.0,,,n/a
12060.916,,qwen2.5:7b,run1_p11,138.17,68.0,,,n/a
12061.443,,qwen2.5:7b,run1_p11,138.37,67.0,,,n/a
12061.966,,qwen2.5:7b,run1_p11,137.97,67.0,,,n/a
12062.489,,qwen2.5:7b,run1_p11,136.15,67.0,,,n/a
12063.012,,qwen2.5:7b,run1_p11,136.08,67.0,,,n/a
12063.534,,qwen2.5:7b,run1_p11,137.76,67.0,,,n/a
12064.056,,qwen2.5:7b,run1_p11,137.85,67.0,,,n/a
12064.585,,qwen2.5:7b,run1_p11,137.87,67.0,,,n/a
12065.110,,qwen2.5:7b,run1_p11,138.10,67.0,,,n/a
12065.658,,qwen2.5:7b,run1_p12,136.34,67.0,,,n/a
12066.183,,qwen2.5:7b,run1_p12,124.90,62.0,,,n/a
12066.705,,qwen2.5:7b,run1_p12,125.81,67.0,,,n/a
12067.228,,qwen2.5:7b,run1_p12,136.62,67.0,,,n/a
12067.752,,qwen2.5:7b,run1_p12,137.02,67.0,,,n/a
12068.276,,qwen2.5:7b,run1_p12,137.48,68.0,,,n/a
12068.799,,qwen2.5:7b,run1_p12,137.58,68.0,,,n/a
12069.321,,qwen2.5:7b,run1_p12,137.56,67.0,,,n/a
12069.855,,qwen2.5:7b,run1_p12,137.95,68.0,,,n/a
12070.380,,qwen2.5:7b,run1_p12,137.68,67.0,,,n/a
12070.907,,qwen2.5:7b,run1_p13,98.60,57.0,,,n/a
12071.434,,qwen2.5:7b,run1_p13,92.43,65.0,,,n/a
12071.957,,qwen2.5:7b,run1_p13,122.88,67.0,,,n/a
12072.480,,qwen2.5:7b,run1_p13,136.43,67.0,,,n/a
12073.007,,qwen2.5:7b,run1_p13,136.68,67.0,,,n/a
12073.530,,qwen2.5:7b,run1_p13,136.63,67.0,,,n/a
12074.055,,qwen2.5:7b,run1_p13,136.55,67.0,,,n/a
12074.578,,qwen2.5:7b,run1_p13,136.54,67.0,,,n/a
12075.100,,qwen2.5:7b,run1_p13,136.24,67.0,,,n/a
12075.623,,qwen2.5:7b,run1_p13,136.36,67.0,,,n/a
12076.146,,qwen2.5:7b,run1_p13,136.65,67.0,,,n/a
12076.668,,qwen2.5:7b,run1_p13,136.67,67.0,,,n/a
12077.190,,qwen2.5:7b,run1_p13,136.92,67.0,,,n/a
12077.714,,qwen2.5:7b,run1_p13,137.53,67.0,,,n/a
12078.240,,qwen2.5:7b,run1_p13,136.02,67.0,,,n/a
12078.764,,qwen2.5:7b,run1_p13,134.69,67.0,,,n/a
12079.287,,qwen2.5:7b,run1_p13,135.29,67.0,,,n/a
12079.809,,qwen2.5:7b,run1_p13,137.05,67.0,,,n/a
12080.334,,qwen2.5:7b,run1_p13,137.44,67.0,,,n/a
12080.858,,qwen2.5:7b,run1_p13,137.17,67.0,,,n/a
12081.386,,qwen2.5:7b,run1_p14,93.73,56.0,,,n/a
12081.911,,qwen2.5:7b,run1_p14,85.81,64.0,,,n/a
12082.436,,qwen2.5:7b,run1_p14,120.43,66.0,,,n/a
12082.966,,qwen2.5:7b,run1_p14,136.48,67.0,,,n/a
12083.490,,qwen2.5:7b,run1_p14,136.81,67.0,,,n/a
12084.016,,qwen2.5:7b,run1_p14,137.07,67.0,,,n/a
12084.540,,qwen2.5:7b,run1_p14,137.04,67.0,,,n/a
12085.066,,qwen2.5:7b,run1_p14,136.97,67.0,,,n/a
12085.589,,qwen2.5:7b,run1_p14,137.11,68.0,,,n/a
12086.112,,qwen2.5:7b,run1_p14,137.29,67.0,,,n/a
12086.637,,qwen2.5:7b,run1_p14,137.26,67.0,,,n/a
12087.171,,qwen2.5:7b,run1_p14,137.34,67.0,,,n/a
12087.693,,qwen2.5:7b,run1_p14,137.16,67.0,,,n/a
12088.217,,qwen2.5:7b,run1_p14,136.89,67.0,,,n/a
12088.740,,qwen2.5:7b,run1_p14,136.61,67.0,,,n/a
12089.264,,qwen2.5:7b,run1_p14,136.71,67.0,,,n/a
12089.792,,qwen2.5:7b,run1_p14,136.78,67.0,,,n/a
12090.314,,qwen2.5:7b,run1_p14,137.05,67.0,,,n/a
12090.839,,qwen2.5:7b,run1_p14,137.54,67.0,,,n/a
12091.361,,qwen2.5:7b,run1_p14,137.61,67.0,,,n/a
12091.884,,qwen2.5:7b,run1_p14,137.71,67.0,,,n/a
12092.410,,qwen2.5:7b,run1_p14,137.88,67.0,,,n/a
12092.932,,qwen2.5:7b,run1_p14,137.80,67.0,,,n/a
12093.454,,qwen2.5:7b,run1_p14,137.65,68.0,,,n/a
12093.978,,qwen2.5:7b,run1_p14,137.78,68.0,,,n/a
12094.507,,qwen2.5:7b,run2_p0,110.44,68.0,,,n/a
12095.033,,qwen2.5:7b,run2_p1,79.74,59.0,,,n/a
12095.556,,qwen2.5:7b,run2_p1,92.64,54.0,,,n/a
12096.091,,qwen2.5:7b,run2_p2,104.20,66.0,,,n/a
12096.613,,qwen2.5:7b,run2_p2,107.54,55.0,,,n/a
12097.140,,qwen2.5:7b,run2_p2,125.61,67.0,,,n/a
12097.664,,qwen2.5:7b,run2_p2,135.88,67.0,,,n/a
12098.204,,qwen2.5:7b,run2_p3,104.78,56.0,,,n/a
12098.729,,qwen2.5:7b,run2_p3,96.06,66.0,,,n/a
12099.252,,qwen2.5:7b,run2_p3,121.91,67.0,,,n/a
12099.784,,qwen2.5:7b,run2_p4,91.69,55.0,,,n/a
12100.308,,qwen2.5:7b,run2_p4,86.13,64.0,,,n/a
12100.831,,qwen2.5:7b,run2_p4,121.89,66.0,,,n/a
12101.358,,qwen2.5:7b,run2_p5,104.83,62.0,,,n/a
12101.881,,qwen2.5:7b,run2_p5,97.90,62.0,,,n/a
12102.447,,qwen2.5:7b,run2_p6,123.25,65.0,,,n/a
12102.970,,qwen2.5:7b,run2_p6,122.26,60.0,,,n/a
12103.492,,qwen2.5:7b,run2_p6,125.11,66.0,,,n/a
12104.016,,qwen2.5:7b,run2_p6,135.86,66.0,,,n/a
12104.538,,qwen2.5:7b,run2_p6,135.61,66.0,,,n/a
12105.065,,qwen2.5:7b,run2_p6,135.56,66.0,,,n/a
12105.587,,qwen2.5:7b,run2_p6,135.73,66.0,,,n/a
12106.111,,qwen2.5:7b,run2_p6,136.16,67.0,,,n/a
12106.634,,qwen2.5:7b,run2_p6,136.18,67.0,,,n/a
12107.156,,qwen2.5:7b,run2_p6,136.46,67.0,,,n/a
12107.680,,qwen2.5:7b,run2_p6,136.52,67.0,,,n/a
12108.203,,qwen2.5:7b,run2_p6,136.74,67.0,,,n/a
12108.733,,qwen2.5:7b,run2_p6,137.08,67.0,,,n/a
12109.270,,qwen2.5:7b,run2_p6,137.21,67.0,,,n/a
12109.800,,qwen2.5:7b,run2_p6,137.17,67.0,,,n/a
12110.327,,qwen2.5:7b,run2_p6,137.19,67.0,,,n/a
12110.853,,qwen2.5:7b,run2_p6,137.07,67.0,,,n/a
12111.382,,qwen2.5:7b,run2_p6,137.01,67.0,,,n/a
12111.913,,qwen2.5:7b,run2_p6,135.70,67.0,,,n/a
12112.448,,qwen2.5:7b,run2_p7,111.40,66.0,,,n/a
12112.973,,qwen2.5:7b,run2_p7,105.37,55.0,,,n/a
12113.506,,qwen2.5:7b,run2_p7,120.52,66.0,,,n/a
12114.030,,qwen2.5:7b,run2_p7,136.10,67.0,,,n/a
12114.557,,qwen2.5:7b,run2_p7,136.57,67.0,,,n/a
12115.083,,qwen2.5:7b,run2_p7,136.58,67.0,,,n/a
12115.609,,qwen2.5:7b,run2_p7,136.63,67.0,,,n/a
12116.133,,qwen2.5:7b,run2_p7,136.98,67.0,,,n/a
12116.657,,qwen2.5:7b,run2_p7,137.19,67.0,,,n/a
12117.183,,qwen2.5:7b,run2_p7,137.21,67.0,,,n/a
12117.713,,qwen2.5:7b,run2_p7,137.16,67.0,,,n/a
12118.237,,qwen2.5:7b,run2_p7,137.31,67.0,,,n/a
12118.759,,qwen2.5:7b,run2_p7,137.13,67.0,,,n/a
12119.282,,qwen2.5:7b,run2_p7,137.41,67.0,,,n/a
12119.805,,qwen2.5:7b,run2_p7,137.59,67.0,,,n/a
12120.329,,qwen2.5:7b,run2_p7,137.60,68.0,,,n/a
12120.858,,qwen2.5:7b,run2_p8,129.91,67.0,,,n/a
12121.384,,qwen2.5:7b,run2_p8,122.77,64.0,,,n/a
12121.907,,qwen2.5:7b,run2_p8,121.99,67.0,,,n/a
12122.430,,qwen2.5:7b,run2_p8,136.15,67.0,,,n/a
12122.955,,qwen2.5:7b,run2_p8,136.54,67.0,,,n/a
12123.477,,qwen2.5:7b,run2_p8,136.03,67.0,,,n/a
12124.003,,qwen2.5:7b,run2_p8,136.36,67.0,,,n/a
12124.526,,qwen2.5:7b,run2_p8,137.36,67.0,,,n/a
12125.050,,qwen2.5:7b,run2_p8,137.09,67.0,,,n/a
12125.572,,qwen2.5:7b,run2_p8,137.24,67.0,,,n/a
12126.095,,qwen2.5:7b,run2_p8,137.74,67.0,,,n/a
12126.617,,qwen2.5:7b,run2_p8,137.58,67.0,,,n/a
12127.141,,qwen2.5:7b,run2_p8,137.77,67.0,,,n/a
12127.664,,qwen2.5:7b,run2_p8,137.90,67.0,,,n/a
12128.199,,qwen2.5:7b,run2_p8,137.71,67.0,,,n/a
12128.723,,qwen2.5:7b,run2_p8,137.41,67.0,,,n/a
12129.246,,qwen2.5:7b,run2_p8,135.64,66.0,,,n/a
12129.772,,qwen2.5:7b,run2_p8,135.86,67.0,,,n/a
12130.297,,qwen2.5:7b,run2_p8,137.81,67.0,,,n/a
12130.821,,qwen2.5:7b,run2_p8,138.04,67.0,,,n/a
12131.345,,qwen2.5:7b,run2_p8,136.55,67.0,,,n/a
12131.868,,qwen2.5:7b,run2_p8,136.31,67.0,,,n/a
12132.395,,qwen2.5:7b,run2_p9,104.71,67.0,,,n/a
12132.918,,qwen2.5:7b,run2_p9,96.68,66.0,,,n/a
12133.442,,qwen2.5:7b,run2_p9,120.12,67.0,,,n/a
12133.965,,qwen2.5:7b,run2_p9,135.60,67.0,,,n/a
12134.489,,qwen2.5:7b,run2_p9,135.72,67.0,,,n/a
12135.016,,qwen2.5:7b,run2_p9,136.29,67.0,,,n/a
12135.541,,qwen2.5:7b,run2_p10,109.36,59.0,,,n/a
12136.065,,qwen2.5:7b,run2_p10,102.83,65.0,,,n/a
12136.590,,qwen2.5:7b,run2_p10,121.29,67.0,,,n/a
12137.115,,qwen2.5:7b,run2_p10,136.21,66.0,,,n/a
12137.639,,qwen2.5:7b,run2_p10,136.51,67.0,,,n/a
12138.163,,qwen2.5:7b,run2_p10,136.75,67.0,,,n/a
12138.688,,qwen2.5:7b,run2_p10,136.75,67.0,,,n/a
12139.213,,qwen2.5:7b,run2_p10,136.84,67.0,,,n/a
12139.738,,qwen2.5:7b,run2_p10,136.76,67.0,,,n/a
12140.262,,qwen2.5:7b,run2_p10,136.71,67.0,,,n/a
12140.786,,qwen2.5:7b,run2_p10,137.01,67.0,,,n/a
12141.309,,qwen2.5:7b,run2_p10,135.79,67.0,,,n/a
12141.836,,qwen2.5:7b,run2_p10,135.52,67.0,,,n/a
12142.361,,qwen2.5:7b,run2_p10,136.69,67.0,,,n/a
12142.885,,qwen2.5:7b,run2_p10,135.30,67.0,,,n/a
12143.410,,qwen2.5:7b,run2_p10,134.32,66.0,,,n/a
12143.934,,qwen2.5:7b,run2_p10,134.80,67.0,,,n/a
12144.461,,qwen2.5:7b,run2_p10,136.18,67.0,,,n/a
12144.988,,qwen2.5:7b,run2_p10,136.18,67.0,,,n/a
12145.517,,qwen2.5:7b,run2_p11,97.62,55.0,,,n/a
12146.043,,qwen2.5:7b,run2_p11,89.55,66.0,,,n/a
12146.569,,qwen2.5:7b,run2_p11,119.18,67.0,,,n/a
12147.099,,qwen2.5:7b,run2_p11,136.42,67.0,,,n/a
12147.622,,qwen2.5:7b,run2_p11,136.13,67.0,,,n/a
12148.147,,qwen2.5:7b,run2_p11,136.17,67.0,,,n/a
12148.672,,qwen2.5:7b,run2_p11,136.73,67.0,,,n/a
12149.195,,qwen2.5:7b,run2_p11,137.23,67.0,,,n/a
12149.718,,qwen2.5:7b,run2_p11,136.86,67.0,,,n/a
12150.243,,qwen2.5:7b,run2_p11,135.86,67.0,,,n/a
12150.767,,qwen2.5:7b,run2_p11,136.29,67.0,,,n/a
12151.292,,qwen2.5:7b,run2_p11,136.37,67.0,,,n/a
12151.815,,qwen2.5:7b,run2_p11,136.66,67.0,,,n/a
12152.339,,qwen2.5:7b,run2_p11,137.64,67.0,,,n/a
12152.862,,qwen2.5:7b,run2_p11,137.23,67.0,,,n/a
12153.386,,qwen2.5:7b,run2_p11,135.93,67.0,,,n/a
12153.912,,qwen2.5:7b,run2_p11,135.47,67.0,,,n/a
12154.435,,qwen2.5:7b,run2_p11,136.97,67.0,,,n/a
12154.958,,qwen2.5:7b,run2_p11,137.74,68.0,,,n/a
12155.480,,qwen2.5:7b,run2_p11,137.88,67.0,,,n/a
12156.046,,qwen2.5:7b,run2_p11,137.90,67.0,,,n/a
12156.569,,qwen2.5:7b,run2_p11,137.80,67.0,,,n/a
12157.093,,qwen2.5:7b,run2_p11,137.85,67.0,,,n/a
12157.617,,qwen2.5:7b,run2_p11,136.94,67.0,,,n/a
12158.140,,qwen2.5:7b,run2_p11,136.13,67.0,,,n/a
12158.663,,qwen2.5:7b,run2_p11,136.98,67.0,,,n/a
12159.188,,qwen2.5:7b,run2_p11,137.61,67.0,,,n/a
12159.710,,qwen2.5:7b,run2_p11,137.05,67.0,,,n/a
12160.234,,qwen2.5:7b,run2_p11,137.44,68.0,,,n/a
12160.756,,qwen2.5:7b,run2_p11,138.32,68.0,,,n/a
12161.279,,qwen2.5:7b,run2_p11,138.42,68.0,,,n/a
12161.802,,qwen2.5:7b,run2_p11,138.43,68.0,,,n/a
12162.325,,qwen2.5:7b,run2_p11,138.50,67.0,,,n/a
12162.847,,qwen2.5:7b,run2_p11,138.14,68.0,,,n/a
12163.369,,qwen2.5:7b,run2_p11,138.13,68.0,,,n/a
12163.892,,qwen2.5:7b,run2_p11,138.37,68.0,,,n/a
12164.420,,qwen2.5:7b,run2_p12,105.01,56.0,,,n/a
12164.943,,qwen2.5:7b,run2_p12,95.30,65.0,,,n/a
12165.466,,qwen2.5:7b,run2_p12,118.06,67.0,,,n/a
12165.988,,qwen2.5:7b,run2_p12,134.15,66.0,,,n/a
12166.510,,qwen2.5:7b,run2_p12,135.30,67.0,,,n/a
12167.033,,qwen2.5:7b,run2_p12,136.65,67.0,,,n/a
12167.562,,qwen2.5:7b,run2_p12,135.60,67.0,,,n/a
12168.087,,qwen2.5:7b,run2_p12,135.79,67.0,,,n/a
12168.615,,qwen2.5:7b,run2_p12,137.01,67.0,,,n/a
12169.146,,qwen2.5:7b,run2_p13,133.62,67.0,,,n/a
12169.682,,qwen2.5:7b,run2_p13,123.26,63.0,,,n/a
12170.212,,qwen2.5:7b,run2_p13,125.74,67.0,,,n/a
12170.737,,qwen2.5:7b,run2_p13,135.91,67.0,,,n/a
12171.267,,qwen2.5:7b,run2_p13,135.91,67.0,,,n/a
12171.798,,qwen2.5:7b,run2_p13,135.30,67.0,,,n/a
12172.326,,qwen2.5:7b,run2_p13,134.71,67.0,,,n/a
12172.851,,qwen2.5:7b,run2_p13,134.89,67.0,,,n/a
12173.374,,qwen2.5:7b,run2_p13,135.41,67.0,,,n/a
12173.899,,qwen2.5:7b,run2_p13,136.64,68.0,,,n/a
12174.422,,qwen2.5:7b,run2_p13,136.93,67.0,,,n/a
12174.947,,qwen2.5:7b,run2_p13,136.54,67.0,,,n/a
12175.472,,qwen2.5:7b,run2_p13,135.53,67.0,,,n/a
12175.994,,qwen2.5:7b,run2_p13,135.05,67.0,,,n/a
12176.518,,qwen2.5:7b,run2_p13,135.05,67.0,,,n/a
12177.043,,qwen2.5:7b,run2_p13,134.95,67.0,,,n/a
12177.568,,qwen2.5:7b,run2_p13,135.07,67.0,,,n/a
12178.092,,qwen2.5:7b,run2_p14,120.22,67.0,,,n/a
12178.617,,qwen2.5:7b,run2_p14,112.17,65.0,,,n/a
12179.139,,qwen2.5:7b,run2_p14,117.90,67.0,,,n/a
12179.662,,qwen2.5:7b,run2_p14,135.41,67.0,,,n/a
12180.185,,qwen2.5:7b,run2_p14,137.08,67.0,,,n/a
12180.708,,qwen2.5:7b,run2_p14,137.09,67.0,,,n/a
12181.231,,qwen2.5:7b,run2_p14,137.12,67.0,,,n/a
12181.754,,qwen2.5:7b,run2_p14,137.17,67.0,,,n/a
12182.277,,qwen2.5:7b,run2_p14,137.12,67.0,,,n/a
12182.798,,qwen2.5:7b,run2_p14,136.99,67.0,,,n/a
12183.339,,qwen2.5:7b,run2_p14,136.84,67.0,,,n/a
12183.862,,qwen2.5:7b,run2_p14,137.11,68.0,,,n/a
12184.384,,qwen2.5:7b,run2_p14,137.48,68.0,,,n/a
12184.906,,qwen2.5:7b,run2_p14,137.37,67.0,,,n/a
12185.428,,qwen2.5:7b,run2_p14,137.37,68.0,,,n/a
12185.971,,qwen2.5:7b,run2_p14,137.25,67.0,,,n/a
12186.493,,qwen2.5:7b,run2_p14,137.21,68.0,,,n/a
12187.016,,qwen2.5:7b,run2_p14,137.51,67.0,,,n/a
12187.539,,qwen2.5:7b,run2_p14,137.69,68.0,,,n/a
12188.064,,qwen2.5:7b,run2_p14,137.99,68.0,,,n/a
12188.586,,qwen2.5:7b,run2_p14,138.13,68.0,,,n/a
12189.113,,qwen2.5:7b,run2_p14,138.07,67.0,,,n/a
12189.638,,qwen2.5:7b,run2_p14,137.52,68.0,,,n/a
12190.160,,qwen2.5:7b,run2_p14,137.10,68.0,,,n/a
12190.683,,qwen2.5:7b,run2_p14,137.21,68.0,,,n/a
12191.205,,qwen2.5:7b,run2_p14,137.60,67.0,,,n/a
12191.728,,qwen2.5:7b,run2_p14,138.16,67.0,,,n/a
12192.251,,qwen2.5:7b,run2_p14,137.78,68.0,,,n/a
12192.776,,qwen2.5:7b,run2_p14,137.59,68.0,,,n/a
12193.299,,qwen2.5:7b,run2_p14,137.87,67.0,,,n/a
12193.838,,qwen2.5:7b,run3_p0,118.31,60.0,,,n/a
12194.366,,qwen2.5:7b,run3_p1,79.00,58.0,,,n/a
12194.889,,qwen2.5:7b,run3_p1,91.97,64.0,,,n/a
12195.416,,qwen2.5:7b,run3_p2,104.42,67.0,,,n/a
12195.980,,qwen2.5:7b,run3_p3,90.76,63.0,,,n/a
12196.504,,qwen2.5:7b,run3_p3,104.54,63.0,,,n/a
12197.029,,qwen2.5:7b,run3_p3,127.88,66.0,,,n/a
12197.561,,qwen2.5:7b,run3_p4,95.72,63.0,,,n/a
12198.103,,qwen2.5:7b,run3_p4,86.89,66.0,,,n/a
12198.634,,qwen2.5:7b,run3_p4,126.80,66.0,,,n/a
12199.189,,qwen2.5:7b,run3_p5,110.19,55.0,,,n/a
12199.715,,qwen2.5:7b,run3_p5,102.37,66.0,,,n/a
12200.246,,qwen2.5:7b,run3_p6,97.78,56.0,,,n/a
12200.779,,qwen2.5:7b,run3_p6,102.36,65.0,,,n/a
12201.310,,qwen2.5:7b,run3_p6,124.26,66.0,,,n/a
12201.841,,qwen2.5:7b,run3_p6,136.36,67.0,,,n/a
12202.370,,qwen2.5:7b,run3_p6,136.67,67.0,,,n/a
12202.896,,qwen2.5:7b,run3_p6,136.73,67.0,,,n/a
12203.422,,qwen2.5:7b,run3_p6,136.94,67.0,,,n/a
12203.948,,qwen2.5:7b,run3_p6,137.02,66.0,,,n/a
12204.475,,qwen2.5:7b,run3_p6,136.87,67.0,,,n/a
12205.001,,qwen2.5:7b,run3_p6,137.02,67.0,,,n/a
12205.526,,qwen2.5:7b,run3_p6,137.23,67.0,,,n/a
12206.049,,qwen2.5:7b,run3_p6,137.24,67.0,,,n/a
12206.589,,qwen2.5:7b,run3_p6,136.83,66.0,,,n/a
12207.114,,qwen2.5:7b,run3_p6,136.94,67.0,,,n/a
12207.638,,qwen2.5:7b,run3_p6,137.35,67.0,,,n/a
12208.162,,qwen2.5:7b,run3_p6,137.50,67.0,,,n/a
12208.685,,qwen2.5:7b,run3_p6,137.42,67.0,,,n/a
12209.209,,qwen2.5:7b,run3_p6,137.01,67.0,,,n/a
12209.741,,qwen2.5:7b,run3_p7,114.56,56.0,,,n/a
12210.265,,qwen2.5:7b,run3_p7,105.27,66.0,,,n/a
12210.787,,qwen2.5:7b,run3_p7,118.74,66.0,,,n/a
12211.311,,qwen2.5:7b,run3_p7,136.31,67.0,,,n/a
12211.833,,qwen2.5:7b,run3_p7,136.80,67.0,,,n/a
12212.359,,qwen2.5:7b,run3_p7,136.86,67.0,,,n/a
12212.883,,qwen2.5:7b,run3_p7,135.15,66.0,,,n/a
12213.405,,qwen2.5:7b,run3_p7,135.55,67.0,,,n/a
12213.931,,qwen2.5:7b,run3_p7,137.24,67.0,,,n/a
12214.457,,qwen2.5:7b,run3_p7,137.36,67.0,,,n/a
12214.979,,qwen2.5:7b,run3_p7,137.22,67.0,,,n/a
12215.503,,qwen2.5:7b,run3_p7,137.30,67.0,,,n/a
12216.027,,qwen2.5:7b,run3_p7,137.93,67.0,,,n/a
12216.555,,qwen2.5:7b,run3_p7,137.38,67.0,,,n/a
12217.081,,qwen2.5:7b,run3_p7,136.23,67.0,,,n/a
12217.606,,qwen2.5:7b,run3_p7,136.05,67.0,,,n/a
12218.132,,qwen2.5:7b,run3_p7,137.20,67.0,,,n/a
12218.656,,qwen2.5:7b,run3_p7,136.13,67.0,,,n/a
12219.181,,qwen2.5:7b,run3_p7,134.76,67.0,,,n/a
12219.704,,qwen2.5:7b,run3_p7,135.73,67.0,,,n/a
12220.235,,qwen2.5:7b,run3_p8,105.97,56.0,,,n/a
12220.760,,qwen2.5:7b,run3_p8,95.22,65.0,,,n/a
12221.283,,qwen2.5:7b,run3_p8,125.36,66.0,,,n/a
12221.805,,qwen2.5:7b,run3_p8,135.84,67.0,,,n/a
12222.328,,qwen2.5:7b,run3_p8,136.05,67.0,,,n/a
12222.851,,qwen2.5:7b,run3_p8,136.08,67.0,,,n/a
12223.375,,qwen2.5:7b,run3_p8,136.03,67.0,,,n/a
12223.899,,qwen2.5:7b,run3_p8,136.44,67.0,,,n/a
12224.430,,qwen2.5:7b,run3_p8,136.74,67.0,,,n/a
12224.954,,qwen2.5:7b,run3_p8,136.39,67.0,,,n/a
12225.478,,qwen2.5:7b,run3_p8,136.55,67.0,,,n/a
12226.003,,qwen2.5:7b,run3_p8,136.77,67.0,,,n/a
12226.529,,qwen2.5:7b,run3_p8,136.59,67.0,,,n/a
12227.055,,qwen2.5:7b,run3_p8,136.61,67.0,,,n/a
12227.581,,qwen2.5:7b,run3_p8,136.25,67.0,,,n/a
12228.104,,qwen2.5:7b,run3_p8,136.00,67.0,,,n/a
12228.628,,qwen2.5:7b,run3_p8,135.92,67.0,,,n/a
12229.152,,qwen2.5:7b,run3_p8,136.33,67.0,,,n/a
12229.677,,qwen2.5:7b,run3_p8,137.09,67.0,,,n/a
12230.200,,qwen2.5:7b,run3_p8,137.30,67.0,,,n/a
12230.727,,qwen2.5:7b,run3_p8,137.21,67.0,,,n/a
12231.252,,qwen2.5:7b,run3_p8,137.34,67.0,,,n/a
12231.780,,qwen2.5:7b,run3_p8,137.43,67.0,,,n/a
12232.311,,qwen2.5:7b,run3_p9,134.02,66.0,,,n/a
12232.836,,qwen2.5:7b,run3_p9,120.72,64.0,,,n/a
12233.360,,qwen2.5:7b,run3_p9,122.36,67.0,,,n/a
12233.886,,qwen2.5:7b,run3_p9,134.26,67.0,,,n/a
12234.414,,qwen2.5:7b,run3_p9,135.24,67.0,,,n/a
12234.938,,qwen2.5:7b,run3_p9,135.11,67.0,,,n/a
12235.468,,qwen2.5:7b,run3_p10,107.20,67.0,,,n/a
12235.992,,qwen2.5:7b,run3_p10,101.78,55.0,,,n/a
12236.515,,qwen2.5:7b,run3_p10,121.55,67.0,,,n/a
12237.039,,qwen2.5:7b,run3_p10,136.68,67.0,,,n/a
12237.564,,qwen2.5:7b,run3_p10,136.57,67.0,,,n/a
12238.088,,qwen2.5:7b,run3_p10,136.53,67.0,,,n/a
12238.614,,qwen2.5:7b,run3_p10,136.37,67.0,,,n/a
12239.137,,qwen2.5:7b,run3_p10,135.24,67.0,,,n/a
12239.663,,qwen2.5:7b,run3_p10,133.37,67.0,,,n/a
12240.185,,qwen2.5:7b,run3_p10,134.00,67.0,,,n/a
12240.708,,qwen2.5:7b,run3_p10,135.56,67.0,,,n/a
12241.230,,qwen2.5:7b,run3_p10,136.92,67.0,,,n/a
12241.753,,qwen2.5:7b,run3_p10,137.32,67.0,,,n/a
12242.276,,qwen2.5:7b,run3_p10,137.28,67.0,,,n/a
12242.799,,qwen2.5:7b,run3_p10,136.68,67.0,,,n/a
12243.323,,qwen2.5:7b,run3_p10,136.50,67.0,,,n/a
12243.844,,qwen2.5:7b,run3_p10,135.75,67.0,,,n/a
12244.371,,qwen2.5:7b,run3_p11,99.62,59.0,,,n/a
12244.895,,qwen2.5:7b,run3_p11,88.34,58.0,,,n/a
12245.422,,qwen2.5:7b,run3_p11,124.36,66.0,,,n/a
12245.946,,qwen2.5:7b,run3_p11,136.80,67.0,,,n/a
12246.470,,qwen2.5:7b,run3_p11,137.34,67.0,,,n/a
12246.994,,qwen2.5:7b,run3_p11,136.48,67.0,,,n/a
12247.517,,qwen2.5:7b,run3_p11,136.04,67.0,,,n/a
12248.042,,qwen2.5:7b,run3_p11,136.51,67.0,,,n/a
12248.571,,qwen2.5:7b,run3_p11,135.73,67.0,,,n/a
12249.093,,qwen2.5:7b,run3_p11,135.00,67.0,,,n/a
12249.615,,qwen2.5:7b,run3_p11,134.94,67.0,,,n/a
12250.137,,qwen2.5:7b,run3_p11,136.51,67.0,,,n/a
12250.664,,qwen2.5:7b,run3_p11,137.60,67.0,,,n/a
12251.189,,qwen2.5:7b,run3_p11,133.79,66.0,,,n/a
12251.715,,qwen2.5:7b,run3_p11,132.63,67.0,,,n/a
12252.237,,qwen2.5:7b,run3_p11,136.00,67.0,,,n/a
12252.761,,qwen2.5:7b,run3_p11,134.71,66.0,,,n/a
12253.284,,qwen2.5:7b,run3_p11,134.03,67.0,,,n/a
12253.809,,qwen2.5:7b,run3_p11,135.22,67.0,,,n/a
12254.336,,qwen2.5:7b,run3_p11,136.60,67.0,,,n/a
12254.861,,qwen2.5:7b,run3_p11,136.70,68.0,,,n/a
12255.383,,qwen2.5:7b,run3_p11,136.71,67.0,,,n/a
12255.906,,qwen2.5:7b,run3_p11,137.05,67.0,,,n/a
12256.430,,qwen2.5:7b,run3_p11,136.62,67.0,,,n/a
12256.953,,qwen2.5:7b,run3_p11,137.55,68.0,,,n/a
12257.476,,qwen2.5:7b,run3_p11,137.55,68.0,,,n/a
12258.002,,qwen2.5:7b,run3_p11,137.75,67.0,,,n/a
12258.527,,qwen2.5:7b,run3_p11,137.88,67.0,,,n/a
12259.051,,qwen2.5:7b,run3_p11,138.04,68.0,,,n/a
12259.578,,qwen2.5:7b,run3_p11,137.83,67.0,,,n/a
12260.102,,qwen2.5:7b,run3_p11,137.25,67.0,,,n/a
12260.627,,qwen2.5:7b,run3_p11,137.26,67.0,,,n/a
12261.151,,qwen2.5:7b,run3_p11,137.83,68.0,,,n/a
12261.677,,qwen2.5:7b,run3_p11,137.95,68.0,,,n/a
12262.205,,qwen2.5:7b,run3_p11,138.27,68.0,,,n/a
12262.729,,qwen2.5:7b,run3_p11,138.31,67.0,,,n/a
12263.254,,qwen2.5:7b,run3_p11,138.23,67.0,,,n/a
12263.779,,qwen2.5:7b,run3_p11,138.36,68.0,,,n/a
12264.311,,qwen2.5:7b,run3_p11,138.68,68.0,,,n/a
12264.834,,qwen2.5:7b,run3_p11,138.55,68.0,,,n/a
12265.358,,qwen2.5:7b,run3_p11,138.55,68.0,,,n/a
12265.890,,qwen2.5:7b,run3_p12,126.89,57.0,,,n/a
12266.413,,qwen2.5:7b,run3_p12,112.32,67.0,,,n/a
12266.936,,qwen2.5:7b,run3_p12,123.28,67.0,,,n/a
12267.462,,qwen2.5:7b,run3_p12,137.00,67.0,,,n/a
12267.987,,qwen2.5:7b,run3_p12,136.99,67.0,,,n/a
12268.511,,qwen2.5:7b,run3_p12,136.89,67.0,,,n/a
12269.038,,qwen2.5:7b,run3_p12,136.80,67.0,,,n/a
12269.563,,qwen2.5:7b,run3_p12,136.57,67.0,,,n/a
12270.089,,qwen2.5:7b,run3_p12,136.53,67.0,,,n/a
12270.616,,qwen2.5:7b,run3_p12,136.57,68.0,,,n/a
12271.141,,qwen2.5:7b,run3_p12,136.27,67.0,,,n/a
12271.715,,qwen2.5:7b,run3_p13,132.03,67.0,,,n/a
12272.243,,qwen2.5:7b,run3_p13,127.89,66.0,,,n/a
12272.766,,qwen2.5:7b,run3_p13,130.82,67.0,,,n/a
12273.289,,qwen2.5:7b,run3_p13,135.39,67.0,,,n/a
12273.814,,qwen2.5:7b,run3_p13,137.11,67.0,,,n/a
12274.341,,qwen2.5:7b,run3_p13,136.33,68.0,,,n/a
12274.865,,qwen2.5:7b,run3_p13,135.72,67.0,,,n/a
12275.390,,qwen2.5:7b,run3_p13,135.87,67.0,,,n/a
12275.912,,qwen2.5:7b,run3_p13,136.00,67.0,,,n/a
12276.437,,qwen2.5:7b,run3_p13,137.19,68.0,,,n/a
12276.961,,qwen2.5:7b,run3_p13,137.19,68.0,,,n/a
12277.487,,qwen2.5:7b,run3_p13,136.88,67.0,,,n/a
12278.011,,qwen2.5:7b,run3_p13,136.53,68.0,,,n/a
12278.534,,qwen2.5:7b,run3_p13,136.57,68.0,,,n/a
12279.056,,qwen2.5:7b,run3_p13,137.18,68.0,,,n/a
12279.589,,qwen2.5:7b,run3_p13,137.02,68.0,,,n/a
12280.112,,qwen2.5:7b,run3_p13,136.74,68.0,,,n/a
12280.639,,qwen2.5:7b,run3_p14,96.59,58.0,,,n/a
12281.162,,qwen2.5:7b,run3_p14,85.48,58.0,,,n/a
12281.685,,qwen2.5:7b,run3_p14,125.68,67.0,,,n/a
12282.211,,qwen2.5:7b,run3_p14,137.11,67.0,,,n/a
12282.734,,qwen2.5:7b,run3_p14,137.43,67.0,,,n/a
12283.257,,qwen2.5:7b,run3_p14,137.62,67.0,,,n/a
12283.780,,qwen2.5:7b,run3_p14,138.11,67.0,,,n/a
12284.305,,qwen2.5:7b,run3_p14,138.20,68.0,,,n/a
12284.829,,qwen2.5:7b,run3_p14,137.32,67.0,,,n/a
12285.351,,qwen2.5:7b,run3_p14,137.37,67.0,,,n/a
12285.875,,qwen2.5:7b,run3_p14,138.30,67.0,,,n/a
12286.399,,qwen2.5:7b,run3_p14,137.94,68.0,,,n/a
12286.925,,qwen2.5:7b,run3_p14,137.15,67.0,,,n/a
12287.447,,qwen2.5:7b,run3_p14,136.90,67.0,,,n/a
12287.971,,qwen2.5:7b,run3_p14,137.77,68.0,,,n/a
12288.494,,qwen2.5:7b,run3_p14,138.23,67.0,,,n/a
12289.017,,qwen2.5:7b,run3_p14,137.42,68.0,,,n/a
12289.539,,qwen2.5:7b,run3_p14,136.92,67.0,,,n/a
12290.063,,qwen2.5:7b,run3_p14,137.33,67.0,,,n/a
12290.586,,qwen2.5:7b,run3_p14,135.04,67.0,,,n/a
12291.109,,qwen2.5:7b,run3_p14,133.86,66.0,,,n/a
12291.635,,qwen2.5:7b,run3_p14,137.14,68.0,,,n/a
12292.164,,qwen2.5:7b,run3_p14,136.93,67.0,,,n/a
12292.689,,qwen2.5:7b,run3_p14,135.97,67.0,,,n/a
12293.214,,qwen2.5:7b,run3_p14,136.27,67.0,,,n/a
12293.738,,qwen2.5:7b,run3_p14,136.06,67.0,,,n/a
12294.265,,qwen2.5:7b,run3_p14,137.05,67.0,,,n/a
12294.787,,qwen2.5:7b,run3_p14,138.33,67.0,,,n/a
12295.309,,qwen2.5:7b,run3_p14,138.63,68.0,,,n/a
12322.180,,qwen3.5:0.8b,idle,25.26,46.0,,,on
12322.709,,qwen3.5:0.8b,idle,24.46,46.0,,,on
12323.233,,qwen3.5:0.8b,idle,24.23,46.0,,,on
12323.761,,qwen3.5:0.8b,idle,23.89,46.0,,,on
12324.293,,qwen3.5:0.8b,idle,20.41,45.0,,,on
12324.824,,qwen3.5:0.8b,idle,17.50,46.0,,,on
12325.349,,qwen3.5:0.8b,idle,17.88,45.0,,,on
12325.878,,qwen3.5:0.8b,idle,17.32,45.0,,,on
12326.405,,qwen3.5:0.8b,idle,17.05,45.0,,,on
12326.930,,qwen3.5:0.8b,idle,16.81,45.0,,,on
12327.454,,qwen3.5:0.8b,idle,16.72,45.0,,,on
12327.978,,qwen3.5:0.8b,idle,16.41,45.0,,,on
12328.504,,qwen3.5:0.8b,idle,16.39,45.0,,,on
12329.035,,qwen3.5:0.8b,idle,16.36,45.0,,,on
12329.558,,qwen3.5:0.8b,idle,17.17,45.0,,,on
12330.080,,qwen3.5:0.8b,idle,25.72,46.0,,,on
12330.607,,qwen3.5:0.8b,idle,34.76,46.0,,,on
12331.131,,qwen3.5:0.8b,idle,34.28,47.0,,,on
12331.655,,qwen3.5:0.8b,idle,34.12,47.0,,,on
12332.183,,qwen3.5:0.8b,idle,34.12,47.0,,,on
12332.716,,qwen3.5:0.8b,run1_p0,34.06,47.0,,,on
12333.245,,qwen3.5:0.8b,run1_p0,49.30,52.0,,,on
12333.769,,qwen3.5:0.8b,run1_p0,84.10,55.0,,,on
12334.297,,qwen3.5:0.8b,run1_p0,97.45,55.0,,,on
12334.824,,qwen3.5:0.8b,run1_p0,96.95,55.0,,,on
12335.350,,qwen3.5:0.8b,run1_p0,97.48,56.0,,,on
12335.902,,qwen3.5:0.8b,run1_p0,98.44,56.0,,,on
12336.427,,qwen3.5:0.8b,run1_p0,98.09,56.0,,,on
12336.953,,qwen3.5:0.8b,run1_p0,98.18,56.0,,,on
12337.477,,qwen3.5:0.8b,run1_p0,98.41,56.0,,,on
12338.002,,qwen3.5:0.8b,run1_p0,98.09,57.0,,,on
12338.528,,qwen3.5:0.8b,run1_p0,98.19,57.0,,,on
12339.053,,qwen3.5:0.8b,run1_p0,98.59,56.0,,,on
12339.579,,qwen3.5:0.8b,run1_p0,98.78,58.0,,,on
12340.102,,qwen3.5:0.8b,run1_p0,99.46,57.0,,,on
12340.625,,qwen3.5:0.8b,run1_p0,99.67,58.0,,,on
12341.150,,qwen3.5:0.8b,run1_p0,99.18,58.0,,,on
12341.673,,qwen3.5:0.8b,run1_p0,99.22,57.0,,,on
12342.198,,qwen3.5:0.8b,run1_p0,98.83,58.0,,,on
12342.728,,qwen3.5:0.8b,run1_p1,97.57,58.0,,,on
12343.254,,qwen3.5:0.8b,run1_p1,86.00,54.0,,,on
12343.778,,qwen3.5:0.8b,run1_p1,86.88,58.0,,,on
12344.304,,qwen3.5:0.8b,run1_p1,99.11,58.0,,,on
12344.828,,qwen3.5:0.8b,run1_p1,99.11,58.0,,,on
12345.353,,qwen3.5:0.8b,run1_p1,99.54,58.0,,,on
12345.880,,qwen3.5:0.8b,run1_p1,100.02,59.0,,,on
12346.410,,qwen3.5:0.8b,run1_p1,99.36,58.0,,,on
12346.937,,qwen3.5:0.8b,run1_p1,99.01,59.0,,,on
12347.466,,qwen3.5:0.8b,run1_p1,99.10,58.0,,,on
12347.994,,qwen3.5:0.8b,run1_p1,99.07,59.0,,,on
12348.522,,qwen3.5:0.8b,run1_p1,99.59,58.0,,,on
12349.056,,qwen3.5:0.8b,run1_p1,100.08,59.0,,,on
12349.581,,qwen3.5:0.8b,run1_p1,100.02,59.0,,,on
12350.108,,qwen3.5:0.8b,run1_p1,100.60,59.0,,,on
12350.633,,qwen3.5:0.8b,run1_p1,101.03,59.0,,,on
12351.158,,qwen3.5:0.8b,run1_p1,101.06,59.0,,,on
12351.683,,qwen3.5:0.8b,run1_p1,101.12,59.0,,,on
12352.208,,qwen3.5:0.8b,run1_p1,100.89,60.0,,,on
12352.732,,qwen3.5:0.8b,run1_p1,100.99,59.0,,,on
12353.261,,qwen3.5:0.8b,run1_p1,100.72,60.0,,,on
12353.793,,qwen3.5:0.8b,run1_p1,101.00,60.0,,,on
12354.318,,qwen3.5:0.8b,run1_p1,100.99,60.0,,,on
12354.842,,qwen3.5:0.8b,run1_p1,101.37,60.0,,,on
12355.367,,qwen3.5:0.8b,run1_p1,101.48,60.0,,,on
12355.893,,qwen3.5:0.8b,run1_p1,101.15,60.0,,,on
12356.418,,qwen3.5:0.8b,run1_p1,101.14,60.0,,,on
12356.946,,qwen3.5:0.8b,run1_p1,100.78,60.0,,,on
12357.471,,qwen3.5:0.8b,run1_p1,100.05,60.0,,,on
12357.997,,qwen3.5:0.8b,run1_p1,100.03,60.0,,,on
12358.525,,qwen3.5:0.8b,run1_p1,101.07,60.0,,,on
12359.050,,qwen3.5:0.8b,run1_p1,101.64,60.0,,,on
12359.574,,qwen3.5:0.8b,run1_p1,100.98,60.0,,,on
12360.098,,qwen3.5:0.8b,run1_p1,100.63,60.0,,,on
12360.625,,qwen3.5:0.8b,run1_p1,100.88,60.0,,,on
12361.152,,qwen3.5:0.8b,run1_p1,101.29,61.0,,,on
12361.676,,qwen3.5:0.8b,run1_p1,102.25,60.0,,,on
12362.201,,qwen3.5:0.8b,run1_p1,102.08,60.0,,,on
12362.725,,qwen3.5:0.8b,run1_p1,101.42,60.0,,,on
12363.252,,qwen3.5:0.8b,run1_p1,102.01,61.0,,,on
12363.779,,qwen3.5:0.8b,run1_p1,101.94,61.0,,,on
12364.301,,qwen3.5:0.8b,run1_p1,101.96,60.0,,,on
12364.825,,qwen3.5:0.8b,run1_p1,102.32,61.0,,,on
12365.348,,qwen3.5:0.8b,run1_p1,102.11,61.0,,,on
12365.876,,qwen3.5:0.8b,run1_p1,101.90,61.0,,,on
12366.409,,qwen3.5:0.8b,run1_p1,102.49,61.0,,,on
12366.933,,qwen3.5:0.8b,run1_p1,102.79,61.0,,,on
12367.463,,qwen3.5:0.8b,run1_p1,102.28,61.0,,,on
12367.986,,qwen3.5:0.8b,run1_p1,102.08,61.0,,,on
12368.510,,qwen3.5:0.8b,run1_p1,97.00,64.0,,,on
12369.035,,qwen3.5:0.8b,run1_p1,69.20,53.0,,,on
12369.560,,qwen3.5:0.8b,run1_p1,40.27,53.0,,,on
12370.083,,qwen3.5:0.8b,run1_p1,39.94,52.0,,,on
12370.606,,qwen3.5:0.8b,run1_p1,34.75,51.0,,,on
12371.135,,qwen3.5:0.8b,run1_p1,26.77,50.0,,,on
12371.658,,qwen3.5:0.8b,run1_p1,25.20,50.0,,,on
12372.189,,qwen3.5:0.8b,run1_p1,25.24,49.0,,,on
12372.717,,qwen3.5:0.8b,run1_p1,48.37,50.0,,,on
12373.249,,qwen3.5:0.8b,run1_p1,81.51,58.0,,,on
12373.777,,qwen3.5:0.8b,run1_p1,98.36,58.0,,,on
12374.302,,qwen3.5:0.8b,run1_p1,99.39,59.0,,,on
12374.826,,qwen3.5:0.8b,run1_p1,100.16,59.0,,,on
12375.353,,qwen3.5:0.8b,run1_p1,100.66,60.0,,,on
12375.878,,qwen3.5:0.8b,run1_p2,82.83,54.0,,,on
12376.404,,qwen3.5:0.8b,run1_p2,71.70,58.0,,,on
12376.930,,qwen3.5:0.8b,run1_p2,82.96,59.0,,,on
12377.458,,qwen3.5:0.8b,run1_p2,99.55,59.0,,,on
12377.986,,qwen3.5:0.8b,run1_p2,100.13,60.0,,,on
12378.509,,qwen3.5:0.8b,run1_p2,99.99,60.0,,,on
12379.033,,qwen3.5:0.8b,run1_p2,99.48,59.0,,,on
12379.567,,qwen3.5:0.8b,run1_p2,99.59,60.0,,,on
12380.095,,qwen3.5:0.8b,run1_p2,100.32,60.0,,,on
12380.620,,qwen3.5:0.8b,run1_p2,99.96,60.0,,,on
12381.146,,qwen3.5:0.8b,run1_p2,99.96,60.0,,,on
12381.677,,qwen3.5:0.8b,run1_p2,99.91,60.0,,,on
12382.202,,qwen3.5:0.8b,run1_p2,99.91,60.0,,,on
12382.729,,qwen3.5:0.8b,run1_p2,100.07,60.0,,,on
12383.254,,qwen3.5:0.8b,run1_p2,100.41,60.0,,,on
12383.789,,qwen3.5:0.8b,run1_p2,100.44,60.0,,,on
12384.318,,qwen3.5:0.8b,run1_p2,100.34,60.0,,,on
12384.843,,qwen3.5:0.8b,run1_p2,100.57,60.0,,,on
12385.369,,qwen3.5:0.8b,run1_p2,100.30,60.0,,,on
12385.894,,qwen3.5:0.8b,run1_p2,99.88,60.0,,,on
12386.425,,qwen3.5:0.8b,run1_p2,100.20,60.0,,,on
12386.952,,qwen3.5:0.8b,run1_p2,100.37,60.0,,,on
12387.478,,qwen3.5:0.8b,run1_p2,100.37,60.0,,,on
12388.001,,qwen3.5:0.8b,run1_p2,100.61,60.0,,,on
12388.531,,qwen3.5:0.8b,run1_p2,100.62,61.0,,,on
12389.057,,qwen3.5:0.8b,run1_p2,100.07,60.0,,,on
12389.585,,qwen3.5:0.8b,run1_p2,99.66,61.0,,,on
12390.108,,qwen3.5:0.8b,run1_p2,100.24,60.0,,,on
12390.632,,qwen3.5:0.8b,run1_p2,101.10,60.0,,,on
12391.155,,qwen3.5:0.8b,run1_p2,101.17,61.0,,,on
12391.680,,qwen3.5:0.8b,run1_p2,101.36,61.0,,,on
12392.208,,qwen3.5:0.8b,run1_p2,101.88,61.0,,,on
12392.736,,qwen3.5:0.8b,run1_p2,102.00,61.0,,,on
12393.266,,qwen3.5:0.8b,run1_p2,102.01,61.0,,,on
12393.796,,qwen3.5:0.8b,run1_p2,101.62,61.0,,,on
12394.320,,qwen3.5:0.8b,run1_p2,101.94,61.0,,,on
12394.844,,qwen3.5:0.8b,run1_p2,102.19,61.0,,,on
12395.370,,qwen3.5:0.8b,run1_p2,101.60,61.0,,,on
12395.896,,qwen3.5:0.8b,run1_p2,101.60,61.0,,,on
12396.424,,qwen3.5:0.8b,run1_p2,101.50,60.0,,,on
12396.949,,qwen3.5:0.8b,run1_p2,100.54,61.0,,,on
12397.472,,qwen3.5:0.8b,run1_p2,100.79,61.0,,,on
12397.998,,qwen3.5:0.8b,run1_p2,101.04,61.0,,,on
12398.525,,qwen3.5:0.8b,run1_p2,100.68,61.0,,,on
12399.047,,qwen3.5:0.8b,run1_p2,101.72,60.0,,,on
12399.618,,qwen3.5:0.8b,run1_p2,102.52,61.0,,,on
12400.142,,qwen3.5:0.8b,run1_p2,101.90,61.0,,,on
12400.669,,qwen3.5:0.8b,run1_p2,102.28,61.0,,,on
12401.194,,qwen3.5:0.8b,run1_p2,101.68,61.0,,,on
12401.746,,qwen3.5:0.8b,run1_p2,103.21,63.0,,,on
12402.271,,qwen3.5:0.8b,run1_p2,104.95,61.0,,,on
12402.797,,qwen3.5:0.8b,run1_p2,102.56,61.0,,,on
12403.329,,qwen3.5:0.8b,run1_p3,75.90,55.0,,,on
12403.851,,qwen3.5:0.8b,run1_p3,68.07,57.0,,,on
12404.372,,qwen3.5:0.8b,run1_p3,87.83,61.0,,,on
12404.894,,qwen3.5:0.8b,run1_p3,101.80,61.0,,,on
12405.417,,qwen3.5:0.8b,run1_p3,101.99,61.0,,,on
12405.954,,qwen3.5:0.8b,run1_p3,101.93,61.0,,,on
12406.480,,qwen3.5:0.8b,run1_p3,101.60,61.0,,,on
12407.005,,qwen3.5:0.8b,run1_p3,101.86,61.0,,,on
12407.529,,qwen3.5:0.8b,run1_p3,102.02,61.0,,,on
12408.060,,qwen3.5:0.8b,run1_p3,101.76,61.0,,,on
12408.585,,qwen3.5:0.8b,run1_p3,101.74,61.0,,,on
12409.116,,qwen3.5:0.8b,run1_p3,101.82,61.0,,,on
12409.646,,qwen3.5:0.8b,run1_p3,101.48,61.0,,,on
12410.171,,qwen3.5:0.8b,run1_p3,101.02,61.0,,,on
12410.699,,qwen3.5:0.8b,run1_p3,101.78,61.0,,,on
12411.223,,qwen3.5:0.8b,run1_p3,102.12,61.0,,,on
12411.758,,qwen3.5:0.8b,run1_p3,101.72,61.0,,,on
12412.282,,qwen3.5:0.8b,run1_p3,101.38,61.0,,,on
12412.808,,qwen3.5:0.8b,run1_p3,101.57,61.0,,,on
12413.333,,qwen3.5:0.8b,run1_p3,101.69,61.0,,,on
12413.860,,qwen3.5:0.8b,run1_p3,101.65,61.0,,,on
12414.382,,qwen3.5:0.8b,run1_p3,102.49,61.0,,,on
12414.906,,qwen3.5:0.8b,run1_p3,102.78,61.0,,,on
12415.430,,qwen3.5:0.8b,run1_p3,102.94,61.0,,,on
12415.993,,qwen3.5:0.8b,run1_p3,102.98,61.0,,,on
12416.519,,qwen3.5:0.8b,run1_p3,102.58,61.0,,,on
12417.045,,qwen3.5:0.8b,run1_p3,102.02,61.0,,,on
12417.570,,qwen3.5:0.8b,run1_p3,101.58,61.0,,,on
12418.092,,qwen3.5:0.8b,run1_p3,101.72,61.0,,,on
12418.615,,qwen3.5:0.8b,run1_p3,102.20,61.0,,,on
12419.138,,qwen3.5:0.8b,run1_p3,102.45,62.0,,,on
12419.667,,qwen3.5:0.8b,run1_p4,77.62,61.0,,,on
12420.193,,qwen3.5:0.8b,run1_p4,68.44,54.0,,,on
12420.721,,qwen3.5:0.8b,run1_p4,87.72,61.0,,,on
12421.251,,qwen3.5:0.8b,run1_p5,74.16,53.0,,,on
12421.781,,qwen3.5:0.8b,run1_p5,64.06,59.0,,,on
12422.306,,qwen3.5:0.8b,run1_p5,85.69,61.0,,,on
12422.831,,qwen3.5:0.8b,run1_p5,101.31,61.0,,,on
12423.356,,qwen3.5:0.8b,run1_p5,102.16,61.0,,,on
12423.883,,qwen3.5:0.8b,run1_p5,101.33,60.0,,,on
12424.418,,qwen3.5:0.8b,run1_p5,100.10,61.0,,,on
12424.941,,qwen3.5:0.8b,run1_p5,100.32,61.0,,,on
12425.468,,qwen3.5:0.8b,run1_p5,101.25,61.0,,,on
12425.991,,qwen3.5:0.8b,run1_p5,101.83,61.0,,,on
12426.515,,qwen3.5:0.8b,run1_p5,101.81,61.0,,,on
12427.040,,qwen3.5:0.8b,run1_p5,101.74,61.0,,,on
12427.567,,qwen3.5:0.8b,run1_p5,101.66,61.0,,,on
12428.093,,qwen3.5:0.8b,run1_p5,101.90,61.0,,,on
12428.621,,qwen3.5:0.8b,run1_p5,101.29,61.0,,,on
12429.146,,qwen3.5:0.8b,run1_p5,100.93,61.0,,,on
12429.675,,qwen3.5:0.8b,run1_p5,100.98,61.0,,,on
12430.204,,qwen3.5:0.8b,run1_p5,101.04,61.0,,,on
12430.731,,qwen3.5:0.8b,run1_p5,99.42,61.0,,,on
12431.256,,qwen3.5:0.8b,run1_p5,99.59,61.0,,,on
12431.782,,qwen3.5:0.8b,run1_p5,100.57,60.0,,,on
12432.306,,qwen3.5:0.8b,run1_p5,100.57,61.0,,,on
12432.832,,qwen3.5:0.8b,run1_p5,101.77,61.0,,,on
12433.361,,qwen3.5:0.8b,run1_p5,102.62,61.0,,,on
12433.888,,qwen3.5:0.8b,run1_p5,102.39,61.0,,,on
12434.415,,qwen3.5:0.8b,run1_p5,102.26,61.0,,,on
12434.939,,qwen3.5:0.8b,run1_p5,102.39,61.0,,,on
12435.466,,qwen3.5:0.8b,run1_p5,102.20,61.0,,,on
12435.994,,qwen3.5:0.8b,run1_p5,101.89,61.0,,,on
12436.522,,qwen3.5:0.8b,run1_p5,101.44,62.0,,,on
12437.045,,qwen3.5:0.8b,run1_p5,101.67,61.0,,,on
12437.570,,qwen3.5:0.8b,run1_p5,102.71,62.0,,,on
12438.094,,qwen3.5:0.8b,run1_p5,103.11,62.0,,,on
12438.621,,qwen3.5:0.8b,run1_p5,102.51,61.0,,,on
12439.147,,qwen3.5:0.8b,run1_p5,101.41,61.0,,,on
12439.671,,qwen3.5:0.8b,run1_p5,101.94,61.0,,,on
12440.196,,qwen3.5:0.8b,run1_p5,101.83,62.0,,,on
12440.730,,qwen3.5:0.8b,run1_p5,100.94,61.0,,,on
12441.259,,qwen3.5:0.8b,run1_p5,99.84,61.0,,,on
12441.785,,qwen3.5:0.8b,run1_p5,100.56,61.0,,,on
12442.309,,qwen3.5:0.8b,run1_p5,101.08,61.0,,,on
12442.837,,qwen3.5:0.8b,run1_p5,102.15,62.0,,,on
12443.364,,qwen3.5:0.8b,run1_p5,102.98,62.0,,,on
12443.893,,qwen3.5:0.8b,run1_p6,91.08,61.0,,,on
12444.421,,qwen3.5:0.8b,run1_p6,82.62,56.0,,,on
12444.948,,qwen3.5:0.8b,run1_p6,92.83,61.0,,,on
12445.475,,qwen3.5:0.8b,run1_p6,101.19,61.0,,,on
12446.004,,qwen3.5:0.8b,run1_p6,100.88,61.0,,,on
12446.531,,qwen3.5:0.8b,run1_p6,100.40,61.0,,,on
12447.063,,qwen3.5:0.8b,run1_p6,100.57,61.0,,,on
12447.587,,qwen3.5:0.8b,run1_p6,101.13,61.0,,,on
12448.113,,qwen3.5:0.8b,run1_p6,101.22,61.0,,,on
12448.639,,qwen3.5:0.8b,run1_p6,101.28,61.0,,,on
12449.167,,qwen3.5:0.8b,run1_p6,100.69,61.0,,,on
12449.690,,qwen3.5:0.8b,run1_p6,101.69,62.0,,,on
12450.214,,qwen3.5:0.8b,run1_p6,101.49,61.0,,,on
12450.737,,qwen3.5:0.8b,run1_p6,101.21,61.0,,,on
12451.260,,qwen3.5:0.8b,run1_p6,102.49,62.0,,,on
12451.786,,qwen3.5:0.8b,run1_p6,102.40,61.0,,,on
12452.311,,qwen3.5:0.8b,run1_p6,101.15,61.0,,,on
12452.837,,qwen3.5:0.8b,run1_p6,101.09,62.0,,,on
12453.363,,qwen3.5:0.8b,run1_p6,101.52,61.0,,,on
12453.887,,qwen3.5:0.8b,run1_p6,101.24,61.0,,,on
12454.411,,qwen3.5:0.8b,run1_p6,101.03,62.0,,,on
12454.933,,qwen3.5:0.8b,run1_p6,101.26,61.0,,,on
12455.463,,qwen3.5:0.8b,run1_p6,101.94,62.0,,,on
12455.988,,qwen3.5:0.8b,run1_p6,102.22,61.0,,,on
12456.514,,qwen3.5:0.8b,run1_p6,102.68,62.0,,,on
12457.039,,qwen3.5:0.8b,run1_p6,101.88,61.0,,,on
12457.567,,qwen3.5:0.8b,run1_p6,101.67,61.0,,,on
12458.093,,qwen3.5:0.8b,run1_p6,101.23,61.0,,,on
12458.617,,qwen3.5:0.8b,run1_p6,100.90,61.0,,,on
12459.139,,qwen3.5:0.8b,run1_p6,101.24,61.0,,,on
12459.665,,qwen3.5:0.8b,run1_p6,101.75,62.0,,,on
12460.189,,qwen3.5:0.8b,run1_p6,102.52,62.0,,,on
12460.712,,qwen3.5:0.8b,run1_p6,102.10,61.0,,,on
12461.236,,qwen3.5:0.8b,run1_p6,101.50,61.0,,,on
12461.763,,qwen3.5:0.8b,run1_p7,87.94,62.0,,,on
12462.291,,qwen3.5:0.8b,run1_p7,77.41,54.0,,,on
12462.816,,qwen3.5:0.8b,run1_p7,84.94,61.0,,,on
12463.345,,qwen3.5:0.8b,run1_p7,101.12,61.0,,,on
12463.869,,qwen3.5:0.8b,run1_p7,101.84,61.0,,,on
12464.393,,qwen3.5:0.8b,run1_p7,102.02,61.0,,,on
12464.918,,qwen3.5:0.8b,run1_p7,101.64,61.0,,,on
12465.444,,qwen3.5:0.8b,run1_p7,100.80,61.0,,,on
12465.969,,qwen3.5:0.8b,run1_p7,100.85,62.0,,,on
12466.499,,qwen3.5:0.8b,run1_p7,100.84,61.0,,,on
12467.024,,qwen3.5:0.8b,run1_p7,100.51,61.0,,,on
12467.553,,qwen3.5:0.8b,run1_p7,100.80,61.0,,,on
12468.080,,qwen3.5:0.8b,run1_p7,100.34,61.0,,,on
12468.606,,qwen3.5:0.8b,run1_p7,99.94,61.0,,,on
12469.133,,qwen3.5:0.8b,run1_p7,100.29,61.0,,,on
12469.661,,qwen3.5:0.8b,run1_p7,102.05,61.0,,,on
12470.186,,qwen3.5:0.8b,run1_p7,102.54,62.0,,,on
12470.716,,qwen3.5:0.8b,run1_p7,101.66,61.0,,,on
12471.250,,qwen3.5:0.8b,run1_p7,100.96,61.0,,,on
12471.778,,qwen3.5:0.8b,run1_p7,101.31,61.0,,,on
12472.307,,qwen3.5:0.8b,run1_p7,101.34,61.0,,,on
12472.833,,qwen3.5:0.8b,run1_p7,101.65,61.0,,,on
12473.359,,qwen3.5:0.8b,run1_p7,101.98,61.0,,,on
12473.883,,qwen3.5:0.8b,run1_p7,102.22,61.0,,,on
12474.417,,qwen3.5:0.8b,run1_p7,102.37,61.0,,,on
12474.944,,qwen3.5:0.8b,run1_p7,102.16,62.0,,,on
12475.468,,qwen3.5:0.8b,run1_p7,101.83,62.0,,,on
12475.993,,qwen3.5:0.8b,run1_p7,102.55,62.0,,,on
12476.520,,qwen3.5:0.8b,run1_p7,101.79,61.0,,,on
12477.045,,qwen3.5:0.8b,run1_p7,101.79,62.0,,,on
12477.570,,qwen3.5:0.8b,run1_p7,102.60,62.0,,,on
12478.095,,qwen3.5:0.8b,run1_p7,101.56,61.0,,,on
12478.624,,qwen3.5:0.8b,run1_p7,101.50,61.0,,,on
12479.151,,qwen3.5:0.8b,run1_p7,102.24,62.0,,,on
12479.683,,qwen3.5:0.8b,run1_p7,102.28,61.0,,,on
12480.208,,qwen3.5:0.8b,run1_p7,102.30,62.0,,,on
12480.730,,qwen3.5:0.8b,run1_p7,102.33,61.0,,,on
12481.256,,qwen3.5:0.8b,run1_p7,102.69,61.0,,,on
12481.782,,qwen3.5:0.8b,run1_p7,102.72,62.0,,,on
12482.309,,qwen3.5:0.8b,run1_p7,103.01,62.0,,,on
12482.836,,qwen3.5:0.8b,run1_p7,102.66,62.0,,,on
12483.361,,qwen3.5:0.8b,run1_p7,102.48,62.0,,,on
12483.888,,qwen3.5:0.8b,run1_p7,102.94,61.0,,,on
12484.413,,qwen3.5:0.8b,run1_p7,103.32,61.0,,,on
12484.938,,qwen3.5:0.8b,run1_p7,103.53,62.0,,,on
12485.467,,qwen3.5:0.8b,run1_p7,103.13,62.0,,,on
12485.991,,qwen3.5:0.8b,run1_p7,102.95,62.0,,,on
12486.514,,qwen3.5:0.8b,run1_p7,102.96,61.0,,,on
12487.039,,qwen3.5:0.8b,run1_p7,103.20,62.0,,,on
12487.569,,qwen3.5:0.8b,run1_p7,103.06,62.0,,,on
12488.091,,qwen3.5:0.8b,run1_p7,102.95,62.0,,,on
12488.614,,qwen3.5:0.8b,run1_p7,102.50,62.0,,,on
12489.139,,qwen3.5:0.8b,run1_p7,102.90,62.0,,,on
12489.670,,qwen3.5:0.8b,run1_p7,103.27,62.0,,,on
12490.196,,qwen3.5:0.8b,run1_p7,103.59,62.0,,,on
12490.724,,qwen3.5:0.8b,run1_p7,103.34,62.0,,,on
12491.246,,qwen3.5:0.8b,run1_p7,103.17,62.0,,,on
12491.771,,qwen3.5:0.8b,run1_p7,102.99,62.0,,,on
12492.295,,qwen3.5:0.8b,run1_p7,102.84,61.0,,,on
12492.823,,qwen3.5:0.8b,run1_p7,103.41,62.0,,,on
12493.348,,qwen3.5:0.8b,run1_p7,103.57,62.0,,,on
12493.872,,qwen3.5:0.8b,run1_p7,102.76,61.0,,,on
12494.397,,qwen3.5:0.8b,run1_p7,102.63,62.0,,,on
12494.924,,qwen3.5:0.8b,run1_p7,103.14,62.0,,,on
12495.456,,qwen3.5:0.8b,run1_p7,102.76,62.0,,,on
12495.982,,qwen3.5:0.8b,run1_p7,103.37,62.0,,,on
12496.505,,qwen3.5:0.8b,run1_p7,104.14,62.0,,,on
12497.030,,qwen3.5:0.8b,run1_p7,103.69,62.0,,,on
12497.554,,qwen3.5:0.8b,run1_p7,103.59,62.0,,,on
12498.082,,qwen3.5:0.8b,run1_p7,103.99,62.0,,,on
12498.610,,qwen3.5:0.8b,run1_p7,103.80,62.0,,,on
12499.142,,qwen3.5:0.8b,run1_p7,103.56,62.0,,,on
12499.668,,qwen3.5:0.8b,run1_p7,103.57,62.0,,,on
12500.263,,qwen3.5:0.8b,run1_p7,105.24,64.0,,,on
12500.789,,qwen3.5:0.8b,run1_p7,104.91,62.0,,,on
12501.332,,qwen3.5:0.8b,run1_p8,77.26,54.0,,,on
12501.858,,qwen3.5:0.8b,run1_p8,66.21,60.0,,,on
12502.392,,qwen3.5:0.8b,run1_p8,92.14,61.0,,,on
12502.924,,qwen3.5:0.8b,run1_p8,102.07,61.0,,,on
12503.450,,qwen3.5:0.8b,run1_p8,101.39,61.0,,,on
12503.974,,qwen3.5:0.8b,run1_p8,101.18,61.0,,,on
12504.499,,qwen3.5:0.8b,run1_p8,101.45,61.0,,,on
12505.031,,qwen3.5:0.8b,run1_p8,101.83,61.0,,,on
12505.577,,qwen3.5:0.8b,run1_p8,101.37,61.0,,,on
12506.103,,qwen3.5:0.8b,run1_p8,101.76,61.0,,,on
12506.644,,qwen3.5:0.8b,run1_p9,79.50,57.0,,,on
12507.166,,qwen3.5:0.8b,run1_p9,68.86,53.0,,,on
12507.689,,qwen3.5:0.8b,run1_p9,85.61,61.0,,,on
12508.220,,qwen3.5:0.8b,run1_p9,100.71,61.0,,,on
12508.746,,qwen3.5:0.8b,run1_p9,101.47,61.0,,,on
12509.270,,qwen3.5:0.8b,run1_p9,102.08,61.0,,,on
12509.797,,qwen3.5:0.8b,run1_p9,101.88,61.0,,,on
12510.322,,qwen3.5:0.8b,run1_p9,101.83,61.0,,,on
12510.848,,qwen3.5:0.8b,run1_p9,102.29,61.0,,,on
12511.373,,qwen3.5:0.8b,run1_p9,101.86,61.0,,,on
12511.901,,qwen3.5:0.8b,run1_p9,101.55,61.0,,,on
12512.427,,qwen3.5:0.8b,run1_p9,101.75,61.0,,,on
12512.951,,qwen3.5:0.8b,run1_p9,101.76,61.0,,,on
12513.478,,qwen3.5:0.8b,run1_p9,100.99,60.0,,,on
12514.006,,qwen3.5:0.8b,run1_p9,101.56,61.0,,,on
12514.530,,qwen3.5:0.8b,run1_p9,102.35,60.0,,,on
12515.071,,qwen3.5:0.8b,run1_p9,102.23,61.0,,,on
12515.599,,qwen3.5:0.8b,run1_p9,102.26,61.0,,,on
12516.122,,qwen3.5:0.8b,run1_p9,102.32,61.0,,,on
12516.653,,qwen3.5:0.8b,run1_p9,102.63,61.0,,,on
12517.177,,qwen3.5:0.8b,run1_p9,102.15,61.0,,,on
12517.699,,qwen3.5:0.8b,run1_p9,102.32,62.0,,,on
12518.225,,qwen3.5:0.8b,run1_p9,102.72,62.0,,,on
12518.751,,qwen3.5:0.8b,run1_p9,102.09,61.0,,,on
12519.274,,qwen3.5:0.8b,run1_p9,102.14,61.0,,,on
12519.802,,qwen3.5:0.8b,run1_p9,103.12,62.0,,,on
12520.325,,qwen3.5:0.8b,run1_p9,103.11,62.0,,,on
12520.848,,qwen3.5:0.8b,run1_p9,102.96,61.0,,,on
12521.375,,qwen3.5:0.8b,run1_p9,103.23,62.0,,,on
12521.898,,qwen3.5:0.8b,run1_p9,103.11,61.0,,,on
12522.421,,qwen3.5:0.8b,run1_p9,102.94,61.0,,,on
12522.945,,qwen3.5:0.8b,run1_p9,103.19,62.0,,,on
12523.473,,qwen3.5:0.8b,run1_p9,103.16,61.0,,,on
12523.997,,qwen3.5:0.8b,run1_p9,103.08,61.0,,,on
12524.525,,qwen3.5:0.8b,run1_p9,103.50,62.0,,,on
12525.068,,qwen3.5:0.8b,run1_p9,103.54,62.0,,,on
12525.592,,qwen3.5:0.8b,run1_p9,103.57,62.0,,,on
12526.114,,qwen3.5:0.8b,run1_p9,103.01,61.0,,,on
12526.639,,qwen3.5:0.8b,run1_p9,102.84,61.0,,,on
12527.162,,qwen3.5:0.8b,run1_p9,102.66,61.0,,,on
12527.687,,qwen3.5:0.8b,run1_p9,103.02,62.0,,,on
12528.211,,qwen3.5:0.8b,run1_p9,103.94,62.0,,,on
12528.740,,qwen3.5:0.8b,run1_p9,104.08,62.0,,,on
12529.268,,qwen3.5:0.8b,run1_p9,104.06,62.0,,,on
12529.804,,qwen3.5:0.8b,run1_p9,103.66,62.0,,,on
12530.341,,qwen3.5:0.8b,run1_p9,103.78,62.0,,,on
12530.866,,qwen3.5:0.8b,run1_p9,104.18,62.0,,,on
12531.390,,qwen3.5:0.8b,run1_p9,103.26,62.0,,,on
12531.916,,qwen3.5:0.8b,run1_p9,103.63,64.0,,,on
12532.444,,qwen3.5:0.8b,run1_p9,103.41,62.0,,,on
12532.968,,qwen3.5:0.8b,run1_p9,102.76,61.0,,,on
12533.495,,qwen3.5:0.8b,run1_p9,102.42,61.0,,,on
12534.021,,qwen3.5:0.8b,run1_p9,103.41,61.0,,,on
12534.547,,qwen3.5:0.8b,run1_p9,103.74,62.0,,,on
12535.071,,qwen3.5:0.8b,run1_p9,102.79,62.0,,,on
12535.595,,qwen3.5:0.8b,run1_p9,102.43,62.0,,,on
12536.123,,qwen3.5:0.8b,run1_p9,103.20,62.0,,,on
12536.647,,qwen3.5:0.8b,run1_p9,103.58,62.0,,,on
12537.170,,qwen3.5:0.8b,run1_p9,103.56,62.0,,,on
12537.694,,qwen3.5:0.8b,run1_p9,104.07,61.0,,,on
12538.217,,qwen3.5:0.8b,run1_p9,103.80,61.0,,,on
12538.741,,qwen3.5:0.8b,run1_p9,103.45,61.0,,,on
12539.264,,qwen3.5:0.8b,run1_p9,103.30,61.0,,,on
12539.790,,qwen3.5:0.8b,run1_p9,103.28,62.0,,,on
12540.314,,qwen3.5:0.8b,run1_p9,103.58,62.0,,,on
12540.839,,qwen3.5:0.8b,run1_p9,103.47,62.0,,,on
12541.365,,qwen3.5:0.8b,run1_p9,103.31,62.0,,,on
12541.891,,qwen3.5:0.8b,run1_p9,103.01,62.0,,,on
12542.414,,qwen3.5:0.8b,run1_p9,102.39,62.0,,,on
12542.939,,qwen3.5:0.8b,run1_p9,103.12,62.0,,,on
12543.464,,qwen3.5:0.8b,run1_p9,103.59,61.0,,,on
12543.992,,qwen3.5:0.8b,run1_p9,103.15,62.0,,,on
12544.523,,qwen3.5:0.8b,run1_p9,104.61,61.0,,,on
12545.049,,qwen3.5:0.8b,run1_p9,105.24,65.0,,,on
12545.574,,qwen3.5:0.8b,run1_p9,105.02,62.0,,,on
12546.100,,qwen3.5:0.8b,run1_p9,102.68,61.0,,,on
12546.623,,qwen3.5:0.8b,run1_p9,103.49,62.0,,,on
12547.150,,qwen3.5:0.8b,run1_p10,88.66,55.0,,,on
12547.673,,qwen3.5:0.8b,run1_p10,76.41,60.0,,,on
12548.198,,qwen3.5:0.8b,run1_p10,89.25,61.0,,,on
12548.724,,qwen3.5:0.8b,run1_p10,101.11,61.0,,,on
12549.247,,qwen3.5:0.8b,run1_p10,100.28,61.0,,,on
12549.773,,qwen3.5:0.8b,run1_p10,101.57,61.0,,,on
12550.300,,qwen3.5:0.8b,run1_p10,101.31,61.0,,,on
12550.824,,qwen3.5:0.8b,run1_p10,101.08,61.0,,,on
12551.347,,qwen3.5:0.8b,run1_p10,101.64,61.0,,,on
12551.870,,qwen3.5:0.8b,run1_p10,101.77,61.0,,,on
12552.396,,qwen3.5:0.8b,run1_p11,98.27,61.0,,,on
12552.926,,qwen3.5:0.8b,run1_p11,83.29,55.0,,,on
12553.453,,qwen3.5:0.8b,run1_p11,86.31,60.0,,,on
12553.975,,qwen3.5:0.8b,run1_p11,101.21,61.0,,,on
12554.503,,qwen3.5:0.8b,run1_p11,101.17,61.0,,,on
12555.026,,qwen3.5:0.8b,run1_p11,100.93,61.0,,,on
12555.562,,qwen3.5:0.8b,run1_p11,101.47,61.0,,,on
12556.085,,qwen3.5:0.8b,run1_p11,101.90,61.0,,,on
12556.608,,qwen3.5:0.8b,run1_p11,101.27,61.0,,,on
12557.131,,qwen3.5:0.8b,run1_p11,101.44,61.0,,,on
12557.658,,qwen3.5:0.8b,run1_p11,101.60,61.0,,,on
12558.185,,qwen3.5:0.8b,run1_p11,100.69,61.0,,,on
12558.712,,qwen3.5:0.8b,run1_p11,100.65,61.0,,,on
12559.236,,qwen3.5:0.8b,run1_p11,101.48,61.0,,,on
12559.765,,qwen3.5:0.8b,run1_p11,100.42,61.0,,,on
12560.298,,qwen3.5:0.8b,run1_p11,100.29,61.0,,,on
12560.827,,qwen3.5:0.8b,run1_p11,100.83,61.0,,,on
12561.351,,qwen3.5:0.8b,run1_p11,101.03,61.0,,,on
12561.874,,qwen3.5:0.8b,run1_p11,101.22,61.0,,,on
12562.398,,qwen3.5:0.8b,run1_p11,101.93,61.0,,,on
12562.922,,qwen3.5:0.8b,run1_p11,101.34,61.0,,,on
12563.449,,qwen3.5:0.8b,run1_p11,100.70,61.0,,,on
12563.976,,qwen3.5:0.8b,run1_p11,101.46,61.0,,,on
12564.503,,qwen3.5:0.8b,run1_p11,101.59,61.0,,,on
12565.026,,qwen3.5:0.8b,run1_p11,101.25,61.0,,,on
12565.551,,qwen3.5:0.8b,run1_p11,102.48,61.0,,,on
12566.080,,qwen3.5:0.8b,run1_p11,102.83,61.0,,,on
12566.604,,qwen3.5:0.8b,run1_p11,101.84,61.0,,,on
12567.152,,qwen3.5:0.8b,run1_p11,102.39,62.0,,,on
12567.675,,qwen3.5:0.8b,run1_p11,102.92,61.0,,,on
12568.199,,qwen3.5:0.8b,run1_p11,102.35,61.0,,,on
12568.727,,qwen3.5:0.8b,run1_p11,101.99,61.0,,,on
12569.250,,qwen3.5:0.8b,run1_p11,102.43,61.0,,,on
12569.774,,qwen3.5:0.8b,run1_p11,103.22,62.0,,,on
12570.301,,qwen3.5:0.8b,run1_p11,102.91,61.0,,,on
12570.826,,qwen3.5:0.8b,run1_p11,102.77,61.0,,,on
12571.351,,qwen3.5:0.8b,run1_p11,102.43,61.0,,,on
12571.873,,qwen3.5:0.8b,run1_p11,101.94,61.0,,,on
12572.401,,qwen3.5:0.8b,run1_p11,102.16,61.0,,,on
12572.927,,qwen3.5:0.8b,run1_p11,102.54,61.0,,,on
12573.455,,qwen3.5:0.8b,run1_p11,101.73,61.0,,,on
12573.978,,qwen3.5:0.8b,run1_p11,102.13,61.0,,,on
12574.517,,qwen3.5:0.8b,run1_p11,102.16,61.0,,,on
12575.045,,qwen3.5:0.8b,run1_p11,100.23,61.0,,,on
12575.572,,qwen3.5:0.8b,run1_p11,101.45,61.0,,,on
12576.099,,qwen3.5:0.8b,run1_p11,103.50,61.0,,,on
12576.630,,qwen3.5:0.8b,run1_p11,102.95,61.0,,,on
12577.153,,qwen3.5:0.8b,run1_p11,102.79,61.0,,,on
12577.679,,qwen3.5:0.8b,run1_p11,103.73,61.0,,,on
12578.223,,qwen3.5:0.8b,run1_p11,107.06,63.0,,,on
12578.753,,qwen3.5:0.8b,run1_p11,106.31,61.0,,,on
12579.279,,qwen3.5:0.8b,run1_p11,101.89,61.0,,,on
12579.806,,qwen3.5:0.8b,run1_p11,102.35,61.0,,,on
12580.329,,qwen3.5:0.8b,run1_p11,102.54,61.0,,,on
12580.864,,qwen3.5:0.8b,run1_p12,82.19,61.0,,,on
12581.402,,qwen3.5:0.8b,run1_p12,63.78,60.0,,,on
12581.925,,qwen3.5:0.8b,run1_p12,86.85,61.0,,,on
12582.453,,qwen3.5:0.8b,run1_p12,101.79,61.0,,,on
12582.977,,qwen3.5:0.8b,run1_p12,101.38,61.0,,,on
12583.500,,qwen3.5:0.8b,run1_p12,100.88,61.0,,,on
12584.029,,qwen3.5:0.8b,run1_p12,101.29,61.0,,,on
12584.554,,qwen3.5:0.8b,run1_p12,101.58,61.0,,,on
12585.077,,qwen3.5:0.8b,run1_p12,101.49,61.0,,,on
12585.599,,qwen3.5:0.8b,run1_p12,101.10,61.0,,,on
12586.124,,qwen3.5:0.8b,run1_p12,101.34,61.0,,,on
12586.652,,qwen3.5:0.8b,run1_p12,101.70,61.0,,,on
12587.176,,qwen3.5:0.8b,run1_p12,101.86,61.0,,,on
12587.701,,qwen3.5:0.8b,run1_p12,102.55,61.0,,,on
12588.226,,qwen3.5:0.8b,run1_p12,102.67,61.0,,,on
12588.760,,qwen3.5:0.8b,run1_p12,102.75,61.0,,,on
12589.286,,qwen3.5:0.8b,run1_p12,101.91,61.0,,,on
12589.816,,qwen3.5:0.8b,run1_p12,100.49,61.0,,,on
12590.343,,qwen3.5:0.8b,run1_p12,100.72,61.0,,,on
12590.871,,qwen3.5:0.8b,run1_p12,101.50,61.0,,,on
12591.398,,qwen3.5:0.8b,run1_p12,101.21,61.0,,,on
12591.927,,qwen3.5:0.8b,run1_p12,102.00,61.0,,,on
12592.455,,qwen3.5:0.8b,run1_p12,102.24,61.0,,,on
12592.981,,qwen3.5:0.8b,run1_p12,101.65,61.0,,,on
12593.506,,qwen3.5:0.8b,run1_p12,101.63,61.0,,,on
12594.030,,qwen3.5:0.8b,run1_p12,102.62,61.0,,,on
12594.554,,qwen3.5:0.8b,run1_p12,103.52,61.0,,,on
12595.086,,qwen3.5:0.8b,run1_p12,103.54,61.0,,,on
12595.614,,qwen3.5:0.8b,run1_p12,103.07,61.0,,,on
12596.144,,qwen3.5:0.8b,run1_p12,102.96,61.0,,,on
12596.669,,qwen3.5:0.8b,run1_p12,103.14,61.0,,,on
12597.195,,qwen3.5:0.8b,run1_p12,103.08,61.0,,,on
12597.720,,qwen3.5:0.8b,run1_p12,102.93,62.0,,,on
12598.244,,qwen3.5:0.8b,run1_p12,103.05,61.0,,,on
12598.771,,qwen3.5:0.8b,run1_p12,103.53,61.0,,,on
12599.295,,qwen3.5:0.8b,run1_p12,103.61,61.0,,,on
12599.823,,qwen3.5:0.8b,run1_p12,102.63,61.0,,,on
12600.346,,qwen3.5:0.8b,run1_p12,101.11,61.0,,,on
12600.872,,qwen3.5:0.8b,run1_p12,101.89,61.0,,,on
12601.399,,qwen3.5:0.8b,run1_p12,102.13,61.0,,,on
12601.928,,qwen3.5:0.8b,run1_p12,100.00,60.0,,,on
12602.461,,qwen3.5:0.8b,run1_p12,99.38,61.0,,,on
12602.986,,qwen3.5:0.8b,run1_p12,100.40,61.0,,,on
12603.511,,qwen3.5:0.8b,run1_p12,101.18,61.0,,,on
12604.034,,qwen3.5:0.8b,run1_p12,102.94,61.0,,,on
12604.561,,qwen3.5:0.8b,run1_p12,103.14,61.0,,,on
12605.084,,qwen3.5:0.8b,run1_p12,103.38,61.0,,,on
12605.613,,qwen3.5:0.8b,run1_p12,103.75,61.0,,,on
12606.200,,qwen3.5:0.8b,run1_p12,103.26,61.0,,,on
12606.731,,qwen3.5:0.8b,run1_p12,106.11,61.0,,,on
12607.256,,qwen3.5:0.8b,run1_p12,106.04,62.0,,,on
12607.781,,qwen3.5:0.8b,run1_p12,102.32,61.0,,,on
12608.309,,qwen3.5:0.8b,run1_p12,102.23,61.0,,,on
12608.832,,qwen3.5:0.8b,run1_p12,103.05,61.0,,,on
12609.370,,qwen3.5:0.8b,run1_p13,97.08,61.0,,,on
12609.900,,qwen3.5:0.8b,run1_p13,88.04,60.0,,,on
12610.435,,qwen3.5:0.8b,run1_p13,88.12,61.0,,,on
12610.966,,qwen3.5:0.8b,run1_p13,101.63,61.0,,,on
12611.491,,qwen3.5:0.8b,run1_p13,100.50,60.0,,,on
12612.019,,qwen3.5:0.8b,run1_p13,100.72,61.0,,,on
12612.543,,qwen3.5:0.8b,run1_p13,101.39,61.0,,,on
12613.068,,qwen3.5:0.8b,run1_p13,101.71,60.0,,,on
12613.591,,qwen3.5:0.8b,run1_p13,102.45,61.0,,,on
12614.116,,qwen3.5:0.8b,run1_p13,101.83,61.0,,,on
12614.638,,qwen3.5:0.8b,run1_p13,101.31,61.0,,,on
12615.170,,qwen3.5:0.8b,run1_p13,102.18,61.0,,,on
12615.696,,qwen3.5:0.8b,run1_p13,102.48,61.0,,,on
12616.220,,qwen3.5:0.8b,run1_p13,102.20,60.0,,,on
12616.744,,qwen3.5:0.8b,run1_p13,102.32,61.0,,,on
12617.269,,qwen3.5:0.8b,run1_p13,102.29,60.0,,,on
12617.794,,qwen3.5:0.8b,run1_p13,102.49,61.0,,,on
12618.321,,qwen3.5:0.8b,run1_p13,102.79,60.0,,,on
12618.846,,qwen3.5:0.8b,run1_p13,102.64,61.0,,,on
12619.369,,qwen3.5:0.8b,run1_p13,102.57,61.0,,,on
12619.894,,qwen3.5:0.8b,run1_p13,102.82,61.0,,,on
12620.424,,qwen3.5:0.8b,run1_p13,102.71,61.0,,,on
12620.955,,qwen3.5:0.8b,run1_p13,102.99,61.0,,,on
12621.479,,qwen3.5:0.8b,run1_p13,103.21,60.0,,,on
12622.002,,qwen3.5:0.8b,run1_p13,102.92,61.0,,,on
12622.529,,qwen3.5:0.8b,run1_p13,103.12,61.0,,,on
12623.059,,qwen3.5:0.8b,run1_p13,103.11,61.0,,,on
12623.583,,qwen3.5:0.8b,run1_p13,102.53,61.0,,,on
12624.106,,qwen3.5:0.8b,run1_p13,102.20,61.0,,,on
12624.632,,qwen3.5:0.8b,run1_p13,102.52,61.0,,,on
12625.157,,qwen3.5:0.8b,run1_p13,102.18,61.0,,,on
12625.682,,qwen3.5:0.8b,run1_p13,102.18,61.0,,,on
12626.206,,qwen3.5:0.8b,run1_p13,101.82,61.0,,,on
12626.736,,qwen3.5:0.8b,run1_p13,101.08,61.0,,,on
12627.261,,qwen3.5:0.8b,run1_p13,101.75,61.0,,,on
12627.792,,qwen3.5:0.8b,run1_p13,102.80,61.0,,,on
12628.315,,qwen3.5:0.8b,run1_p13,102.45,61.0,,,on
12628.856,,qwen3.5:0.8b,run1_p13,102.37,61.0,,,on
12629.388,,qwen3.5:0.8b,run1_p13,101.84,61.0,,,on
12629.913,,qwen3.5:0.8b,run1_p13,101.89,61.0,,,on
12630.437,,qwen3.5:0.8b,run1_p13,102.17,61.0,,,on
12630.971,,qwen3.5:0.8b,run1_p13,101.27,61.0,,,on
12631.494,,qwen3.5:0.8b,run1_p13,101.44,61.0,,,on
12632.021,,qwen3.5:0.8b,run1_p13,102.21,61.0,,,on
12632.545,,qwen3.5:0.8b,run1_p13,103.00,61.0,,,on
12633.072,,qwen3.5:0.8b,run1_p13,103.34,61.0,,,on
12633.634,,qwen3.5:0.8b,run1_p13,102.12,61.0,,,on
12634.160,,qwen3.5:0.8b,run1_p13,101.95,61.0,,,on
12634.684,,qwen3.5:0.8b,run1_p13,102.80,61.0,,,on
12635.225,,qwen3.5:0.8b,run1_p13,105.24,64.0,,,on
12635.766,,qwen3.5:0.8b,run1_p13,104.66,61.0,,,on
12636.292,,qwen3.5:0.8b,run1_p13,100.41,60.0,,,on
12636.816,,qwen3.5:0.8b,run1_p13,101.19,61.0,,,on
12637.357,,qwen3.5:0.8b,run1_p14,93.90,61.0,,,on
12637.883,,qwen3.5:0.8b,run1_p14,84.86,58.0,,,on
12638.407,,qwen3.5:0.8b,run1_p14,87.95,61.0,,,on
12638.932,,qwen3.5:0.8b,run1_p14,101.98,61.0,,,on
12639.456,,qwen3.5:0.8b,run1_p14,102.81,61.0,,,on
12639.979,,qwen3.5:0.8b,run1_p14,103.02,61.0,,,on
12640.504,,qwen3.5:0.8b,run1_p14,102.29,61.0,,,on
12641.027,,qwen3.5:0.8b,run1_p14,102.19,61.0,,,on
12641.552,,qwen3.5:0.8b,run1_p14,102.55,61.0,,,on
12642.078,,qwen3.5:0.8b,run1_p14,102.83,61.0,,,on
12642.605,,qwen3.5:0.8b,run1_p14,103.16,61.0,,,on
12643.131,,qwen3.5:0.8b,run1_p14,102.88,61.0,,,on
12643.655,,qwen3.5:0.8b,run1_p14,101.99,61.0,,,on
12644.179,,qwen3.5:0.8b,run1_p14,101.93,61.0,,,on
12644.702,,qwen3.5:0.8b,run1_p14,102.07,61.0,,,on
12645.224,,qwen3.5:0.8b,run1_p14,102.63,61.0,,,on
12645.749,,qwen3.5:0.8b,run1_p14,102.69,60.0,,,on
12646.272,,qwen3.5:0.8b,run1_p14,102.50,61.0,,,on
12646.793,,qwen3.5:0.8b,run1_p14,102.60,60.0,,,on
12647.317,,qwen3.5:0.8b,run1_p14,103.01,61.0,,,on
12647.839,,qwen3.5:0.8b,run1_p14,102.25,61.0,,,on
12648.364,,qwen3.5:0.8b,run1_p14,102.19,61.0,,,on
12648.917,,qwen3.5:0.8b,run1_p14,103.12,61.0,,,on
12649.441,,qwen3.5:0.8b,run1_p14,102.95,61.0,,,on
12649.965,,qwen3.5:0.8b,run1_p14,101.79,60.0,,,on
12650.492,,qwen3.5:0.8b,run1_p14,101.55,61.0,,,on
12651.018,,qwen3.5:0.8b,run1_p14,102.03,61.0,,,on
12651.543,,qwen3.5:0.8b,run1_p14,102.80,61.0,,,on
12652.077,,qwen3.5:0.8b,run2_p0,77.31,53.0,,,on
12652.603,,qwen3.5:0.8b,run2_p0,66.43,60.0,,,on
12653.128,,qwen3.5:0.8b,run2_p0,85.86,60.0,,,on
12653.651,,qwen3.5:0.8b,run2_p0,101.44,61.0,,,on
12654.179,,qwen3.5:0.8b,run2_p0,101.26,61.0,,,on
12654.702,,qwen3.5:0.8b,run2_p0,100.79,61.0,,,on
12655.226,,qwen3.5:0.8b,run2_p0,101.04,61.0,,,on
12655.754,,qwen3.5:0.8b,run2_p0,101.81,61.0,,,on
12836.527,,qwen3.5:0.8b,run2_p2,99.58,61.0,,,on
12837.063,,qwen3.5:0.8b,run2_p2,84.97,55.0,,,on
12837.590,,qwen3.5:0.8b,run2_p2,92.52,60.0,,,on
12838.120,,qwen3.5:0.8b,run2_p2,102.16,61.0,,,on
12838.645,,qwen3.5:0.8b,run2_p2,101.41,61.0,,,on
12839.181,,qwen3.5:0.8b,run2_p3,75.66,59.0,,,on
12839.733,,qwen3.5:0.8b,run2_p3,64.14,53.0,,,on
12840.261,,qwen3.5:0.8b,run2_p3,88.83,60.0,,,on
12840.788,,qwen3.5:0.8b,run2_p3,100.32,60.0,,,on
12841.316,,qwen3.5:0.8b,run2_p3,99.96,60.0,,,on
12841.844,,qwen3.5:0.8b,run2_p3,100.90,61.0,,,on
12842.371,,qwen3.5:0.8b,run2_p3,101.92,61.0,,,on
12842.894,,qwen3.5:0.8b,run2_p3,101.69,60.0,,,on
12843.420,,qwen3.5:0.8b,run2_p3,101.51,60.0,,,on
12843.949,,qwen3.5:0.8b,run2_p3,101.75,61.0,,,on
12844.472,,qwen3.5:0.8b,run2_p3,101.70,61.0,,,on
12845.002,,qwen3.5:0.8b,run2_p4,79.08,56.0,,,on
12845.525,,qwen3.5:0.8b,run2_p4,70.05,53.0,,,on
12846.052,,qwen3.5:0.8b,run2_p4,86.69,60.0,,,on
12846.578,,qwen3.5:0.8b,run2_p4,100.83,60.0,,,on
13027.640,,qwen3.5:0.8b,run2_p6,91.21,61.0,,,on
13028.167,,qwen3.5:0.8b,run2_p6,80.78,54.0,,,on
13028.694,,qwen3.5:0.8b,run2_p6,90.30,60.0,,,on
13029.218,,qwen3.5:0.8b,run2_p6,101.24,60.0,,,on
13029.744,,qwen3.5:0.8b,run2_p6,100.75,59.0,,,on
13030.267,,qwen3.5:0.8b,run2_p6,100.27,61.0,,,on
13030.796,,qwen3.5:0.8b,run2_p6,100.30,61.0,,,on
13031.321,,qwen3.5:0.8b,run2_p6,100.29,61.0,,,on
13031.846,,qwen3.5:0.8b,run2_p6,100.27,61.0,,,on
13032.369,,qwen3.5:0.8b,run2_p6,100.63,61.0,,,on
13032.904,,qwen3.5:0.8b,run2_p6,101.77,61.0,,,on
13033.428,,qwen3.5:0.8b,run2_p6,102.18,61.0,,,on
13033.953,,qwen3.5:0.8b,run2_p6,101.64,60.0,,,on
13034.478,,qwen3.5:0.8b,run2_p6,101.42,61.0,,,on
13035.001,,qwen3.5:0.8b,run2_p6,101.86,61.0,,,on
13035.524,,qwen3.5:0.8b,run2_p6,101.51,61.0,,,on
13036.053,,qwen3.5:0.8b,run2_p6,101.02,61.0,,,on
13036.580,,qwen3.5:0.8b,run2_p6,101.55,61.0,,,on
13037.104,,qwen3.5:0.8b,run2_p6,101.17,61.0,,,on
13037.631,,qwen3.5:0.8b,run2_p6,101.25,61.0,,,on
13038.158,,qwen3.5:0.8b,run2_p6,101.39,60.0,,,on
13038.688,,qwen3.5:0.8b,run2_p6,100.62,60.0,,,on
13039.221,,qwen3.5:0.8b,run2_p6,100.74,61.0,,,on
13039.746,,qwen3.5:0.8b,run2_p6,100.92,60.0,,,on
13040.276,,qwen3.5:0.8b,run2_p6,100.92,61.0,,,on
13040.799,,qwen3.5:0.8b,run2_p6,101.35,61.0,,,on
13041.327,,qwen3.5:0.8b,run2_p6,101.82,61.0,,,on
13041.855,,qwen3.5:0.8b,run2_p6,101.84,61.0,,,on
13042.381,,qwen3.5:0.8b,run2_p6,102.44,61.0,,,on
13042.907,,qwen3.5:0.8b,run2_p6,102.03,61.0,,,on
13043.432,,qwen3.5:0.8b,run2_p6,101.35,61.0,,,on
13043.956,,qwen3.5:0.8b,run2_p6,101.08,60.0,,,on
13044.485,,qwen3.5:0.8b,run2_p6,101.75,60.0,,,on
13045.017,,qwen3.5:0.8b,run2_p6,101.79,60.0,,,on
13045.544,,qwen3.5:0.8b,run2_p6,102.01,61.0,,,on
13046.068,,qwen3.5:0.8b,run2_p6,101.65,61.0,,,on
13046.592,,qwen3.5:0.8b,run2_p6,101.24,61.0,,,on
13047.120,,qwen3.5:0.8b,run2_p6,101.99,61.0,,,on
13047.643,,qwen3.5:0.8b,run2_p6,102.32,61.0,,,on
13048.170,,qwen3.5:0.8b,run2_p6,102.54,61.0,,,on
13048.698,,qwen3.5:0.8b,run2_p6,102.14,61.0,,,on
13049.221,,qwen3.5:0.8b,run2_p6,101.66,60.0,,,on
13049.744,,qwen3.5:0.8b,run2_p6,101.69,61.0,,,on
13050.270,,qwen3.5:0.8b,run2_p6,101.67,60.0,,,on
13050.792,,qwen3.5:0.8b,run2_p6,102.04,61.0,,,on
13051.316,,qwen3.5:0.8b,run2_p6,102.45,61.0,,,on
13051.840,,qwen3.5:0.8b,run2_p6,102.48,61.0,,,on
13052.368,,qwen3.5:0.8b,run2_p6,102.11,61.0,,,on
13052.895,,qwen3.5:0.8b,run2_p6,102.07,61.0,,,on
13053.449,,qwen3.5:0.8b,run2_p6,98.06,58.0,,,on
13053.975,,qwen3.5:0.8b,run2_p6,96.72,60.0,,,on
13054.503,,qwen3.5:0.8b,run2_p6,100.12,61.0,,,on
13055.026,,qwen3.5:0.8b,run2_p6,102.00,61.0,,,on
13055.550,,qwen3.5:0.8b,run2_p6,102.40,61.0,,,on
13056.081,,qwen3.5:0.8b,run2_p6,101.75,61.0,,,on
13056.606,,qwen3.5:0.8b,run2_p6,101.82,61.0,,,on
13057.134,,qwen3.5:0.8b,run2_p6,102.15,61.0,,,on
13057.658,,qwen3.5:0.8b,run2_p6,103.02,61.0,,,on
13058.182,,qwen3.5:0.8b,run2_p6,102.77,61.0,,,on
13058.710,,qwen3.5:0.8b,run2_p6,102.40,61.0,,,on
13059.236,,qwen3.5:0.8b,run2_p6,102.57,61.0,,,on
13059.761,,qwen3.5:0.8b,run2_p6,102.88,61.0,,,on
13060.288,,qwen3.5:0.8b,run2_p6,102.75,61.0,,,on
13060.814,,qwen3.5:0.8b,run2_p6,102.75,61.0,,,on
13061.341,,qwen3.5:0.8b,run2_p6,102.91,61.0,,,on
13061.866,,qwen3.5:0.8b,run2_p6,103.38,61.0,,,on
13062.391,,qwen3.5:0.8b,run2_p6,103.33,61.0,,,on
13062.948,,qwen3.5:0.8b,run2_p6,103.17,61.0,,,on
13063.472,,qwen3.5:0.8b,run2_p6,103.79,61.0,,,on
13063.996,,qwen3.5:0.8b,run2_p6,103.99,60.0,,,on
13064.519,,qwen3.5:0.8b,run2_p6,103.45,61.0,,,on
13065.044,,qwen3.5:0.8b,run2_p6,103.86,61.0,,,on
13065.571,,qwen3.5:0.8b,run2_p6,103.65,60.0,,,on
13066.148,,qwen3.5:0.8b,run2_p6,103.51,63.0,,,on
13066.671,,qwen3.5:0.8b,run2_p6,103.01,61.0,,,on
13067.202,,qwen3.5:0.8b,run2_p7,94.18,61.0,,,on
13067.729,,qwen3.5:0.8b,run2_p7,85.24,58.0,,,on
13068.254,,qwen3.5:0.8b,run2_p7,87.17,60.0,,,on
13068.781,,qwen3.5:0.8b,run2_p7,101.89,61.0,,,on
13069.305,,qwen3.5:0.8b,run2_p7,101.70,61.0,,,on
13069.831,,qwen3.5:0.8b,run2_p7,101.39,61.0,,,on
13070.355,,qwen3.5:0.8b,run2_p7,101.85,61.0,,,on
13070.885,,qwen3.5:0.8b,run2_p7,101.92,60.0,,,on
13071.413,,qwen3.5:0.8b,run2_p7,101.65,61.0,,,on
13071.937,,qwen3.5:0.8b,run2_p7,101.59,61.0,,,on
13072.462,,qwen3.5:0.8b,run2_p7,101.71,61.0,,,on
13072.986,,qwen3.5:0.8b,run2_p7,102.11,61.0,,,on
13073.514,,qwen3.5:0.8b,run2_p7,102.31,61.0,,,on
13074.045,,qwen3.5:0.8b,run2_p7,101.92,61.0,,,on
13074.573,,qwen3.5:0.8b,run2_p7,101.73,61.0,,,on
13075.101,,qwen3.5:0.8b,run2_p7,101.80,61.0,,,on
13075.632,,qwen3.5:0.8b,run2_p7,101.92,60.0,,,on
13076.155,,qwen3.5:0.8b,run2_p7,102.26,60.0,,,on
13076.679,,qwen3.5:0.8b,run2_p7,102.23,61.0,,,on
13077.205,,qwen3.5:0.8b,run2_p7,102.07,60.0,,,on
13077.728,,qwen3.5:0.8b,run2_p7,101.44,60.0,,,on
13078.253,,qwen3.5:0.8b,run2_p7,101.64,60.0,,,on
13078.781,,qwen3.5:0.8b,run2_p7,102.08,61.0,,,on
13079.311,,qwen3.5:0.8b,run2_p7,101.27,59.0,,,on
13079.836,,qwen3.5:0.8b,run2_p7,101.16,61.0,,,on
13080.363,,qwen3.5:0.8b,run2_p7,102.44,61.0,,,on
13080.886,,qwen3.5:0.8b,run2_p7,102.40,61.0,,,on
13081.412,,qwen3.5:0.8b,run2_p7,102.79,61.0,,,on
13081.936,,qwen3.5:0.8b,run2_p7,102.81,61.0,,,on
13082.461,,qwen3.5:0.8b,run2_p7,102.25,61.0,,,on
13082.986,,qwen3.5:0.8b,run2_p7,101.72,61.0,,,on
13083.510,,qwen3.5:0.8b,run2_p7,102.32,61.0,,,on
13084.034,,qwen3.5:0.8b,run2_p7,103.02,61.0,,,on
13084.559,,qwen3.5:0.8b,run2_p7,102.29,61.0,,,on
13085.084,,qwen3.5:0.8b,run2_p7,102.04,61.0,,,on
13085.610,,qwen3.5:0.8b,run2_p7,102.49,61.0,,,on
13086.181,,qwen3.5:0.8b,run2_p8,98.92,61.0,,,on
13086.707,,qwen3.5:0.8b,run2_p8,87.36,59.0,,,on
13087.231,,qwen3.5:0.8b,run2_p8,89.93,60.0,,,on
13087.757,,qwen3.5:0.8b,run2_p8,100.41,61.0,,,on
13088.283,,qwen3.5:0.8b,run2_p8,100.78,60.0,,,on
13088.806,,qwen3.5:0.8b,run2_p8,101.23,61.0,,,on
13089.337,,qwen3.5:0.8b,run2_p8,101.09,60.0,,,on
13089.862,,qwen3.5:0.8b,run2_p8,100.98,61.0,,,on
13090.387,,qwen3.5:0.8b,run2_p8,101.09,60.0,,,on
13090.913,,qwen3.5:0.8b,run2_p8,101.28,61.0,,,on
13091.446,,qwen3.5:0.8b,run2_p8,101.54,61.0,,,on
13091.972,,qwen3.5:0.8b,run2_p8,101.48,61.0,,,on
13092.501,,qwen3.5:0.8b,run2_p8,101.10,60.0,,,on
13093.026,,qwen3.5:0.8b,run2_p8,100.68,60.0,,,on
13093.550,,qwen3.5:0.8b,run2_p8,101.09,61.0,,,on
13094.074,,qwen3.5:0.8b,run2_p8,101.18,60.0,,,on
13094.612,,qwen3.5:0.8b,run2_p8,100.79,61.0,,,on
13095.142,,qwen3.5:0.8b,run2_p8,100.95,60.0,,,on
13095.669,,qwen3.5:0.8b,run2_p8,101.24,60.0,,,on
13096.195,,qwen3.5:0.8b,run2_p8,100.82,60.0,,,on
13096.722,,qwen3.5:0.8b,run2_p8,99.46,60.0,,,on
13097.249,,qwen3.5:0.8b,run2_p8,99.27,60.0,,,on
13097.776,,qwen3.5:0.8b,run2_p8,100.54,60.0,,,on
13098.302,,qwen3.5:0.8b,run2_p8,101.96,61.0,,,on
13098.825,,qwen3.5:0.8b,run2_p8,101.91,61.0,,,on
13099.361,,qwen3.5:0.8b,run2_p9,75.44,53.0,,,on
13099.889,,qwen3.5:0.8b,run2_p9,64.69,59.0,,,on
13100.420,,qwen3.5:0.8b,run2_p9,85.36,60.0,,,on
13100.953,,qwen3.5:0.8b,run2_p9,100.31,60.0,,,on
13101.485,,qwen3.5:0.8b,run2_p9,100.67,60.0,,,on
13102.012,,qwen3.5:0.8b,run2_p9,101.44,60.0,,,on
13102.536,,qwen3.5:0.8b,run2_p9,100.99,60.0,,,on
13103.062,,qwen3.5:0.8b,run2_p9,100.24,60.0,,,on
13103.590,,qwen3.5:0.8b,run2_p9,100.07,60.0,,,on
13104.116,,qwen3.5:0.8b,run2_p9,100.26,60.0,,,on
13104.643,,qwen3.5:0.8b,run2_p9,100.15,60.0,,,on
13105.167,,qwen3.5:0.8b,run2_p9,99.76,60.0,,,on
13105.693,,qwen3.5:0.8b,run2_p9,100.89,60.0,,,on
13106.217,,qwen3.5:0.8b,run2_p9,101.01,60.0,,,on
13106.742,,qwen3.5:0.8b,run2_p9,100.85,59.0,,,on
13107.266,,qwen3.5:0.8b,run2_p9,101.05,60.0,,,on
13107.791,,qwen3.5:0.8b,run2_p9,101.61,60.0,,,on
13108.319,,qwen3.5:0.8b,run2_p9,101.28,59.0,,,on
13108.846,,qwen3.5:0.8b,run2_p9,100.75,59.0,,,on
13109.373,,qwen3.5:0.8b,run2_p9,100.81,60.0,,,on
13109.904,,qwen3.5:0.8b,run2_p9,101.64,60.0,,,on
13110.428,,qwen3.5:0.8b,run2_p9,101.43,60.0,,,on
13110.953,,qwen3.5:0.8b,run2_p9,101.38,60.0,,,on
13111.482,,qwen3.5:0.8b,run2_p10,92.14,55.0,,,on
13112.008,,qwen3.5:0.8b,run2_p10,78.20,58.0,,,on
13112.536,,qwen3.5:0.8b,run2_p10,86.31,60.0,,,on
13113.061,,qwen3.5:0.8b,run2_p10,100.46,60.0,,,on
13113.586,,qwen3.5:0.8b,run2_p10,100.89,60.0,,,on
13114.112,,qwen3.5:0.8b,run2_p10,100.44,60.0,,,on
13114.639,,qwen3.5:0.8b,run2_p11,100.32,60.0,,,on
13115.170,,qwen3.5:0.8b,run2_p11,86.58,54.0,,,on
13115.694,,qwen3.5:0.8b,run2_p11,87.12,60.0,,,on
13116.218,,qwen3.5:0.8b,run2_p11,101.61,60.0,,,on
13116.745,,qwen3.5:0.8b,run2_p11,101.36,60.0,,,on
13117.268,,qwen3.5:0.8b,run2_p11,101.22,60.0,,,on
13117.793,,qwen3.5:0.8b,run2_p11,101.83,60.0,,,on
13118.317,,qwen3.5:0.8b,run2_p11,101.92,60.0,,,on
13118.840,,qwen3.5:0.8b,run2_p11,102.28,60.0,,,on
13119.364,,qwen3.5:0.8b,run2_p11,102.43,60.0,,,on
13119.888,,qwen3.5:0.8b,run2_p11,101.97,60.0,,,on
13120.417,,qwen3.5:0.8b,run2_p11,102.18,60.0,,,on
13120.941,,qwen3.5:0.8b,run2_p11,102.10,60.0,,,on
13121.465,,qwen3.5:0.8b,run2_p11,101.68,60.0,,,on
13121.991,,qwen3.5:0.8b,run2_p11,101.62,60.0,,,on
13122.517,,qwen3.5:0.8b,run2_p11,101.91,60.0,,,on
13123.045,,qwen3.5:0.8b,run2_p11,101.00,60.0,,,on
13123.568,,qwen3.5:0.8b,run2_p11,99.61,60.0,,,on
13124.093,,qwen3.5:0.8b,run2_p11,100.14,60.0,,,on
13124.616,,qwen3.5:0.8b,run2_p11,100.65,60.0,,,on
13125.143,,qwen3.5:0.8b,run2_p11,100.55,60.0,,,on
13125.666,,qwen3.5:0.8b,run2_p11,101.94,60.0,,,on
13126.189,,qwen3.5:0.8b,run2_p11,101.53,61.0,,,on
13126.712,,qwen3.5:0.8b,run2_p11,100.99,60.0,,,on
13127.237,,qwen3.5:0.8b,run2_p11,102.51,60.0,,,on
13127.761,,qwen3.5:0.8b,run2_p11,102.66,61.0,,,on
13128.283,,qwen3.5:0.8b,run2_p11,102.63,61.0,,,on
13128.810,,qwen3.5:0.8b,run2_p11,103.23,61.0,,,on
13129.334,,qwen3.5:0.8b,run2_p11,102.14,60.0,,,on
13129.858,,qwen3.5:0.8b,run2_p11,101.85,61.0,,,on
13130.381,,qwen3.5:0.8b,run2_p11,102.42,60.0,,,on
13130.908,,qwen3.5:0.8b,run2_p11,102.89,61.0,,,on
13131.434,,qwen3.5:0.8b,run2_p11,102.65,60.0,,,on
13131.961,,qwen3.5:0.8b,run2_p11,102.94,61.0,,,on
13132.486,,qwen3.5:0.8b,run2_p11,103.56,61.0,,,on
13133.061,,qwen3.5:0.8b,run2_p11,103.54,61.0,,,on
13133.585,,qwen3.5:0.8b,run2_p11,103.39,60.0,,,on
13134.119,,qwen3.5:0.8b,run2_p11,102.92,59.0,,,on
13134.643,,qwen3.5:0.8b,run2_p11,103.11,60.0,,,on
13135.167,,qwen3.5:0.8b,run2_p11,103.59,60.0,,,on
13135.691,,qwen3.5:0.8b,run2_p11,103.04,61.0,,,on
13136.215,,qwen3.5:0.8b,run2_p11,102.76,61.0,,,on
13136.737,,qwen3.5:0.8b,run2_p11,102.46,61.0,,,on
13137.263,,qwen3.5:0.8b,run2_p11,102.43,61.0,,,on
13137.794,,qwen3.5:0.8b,run2_p11,102.72,61.0,,,on
13138.319,,qwen3.5:0.8b,run2_p11,102.52,60.0,,,on
13138.843,,qwen3.5:0.8b,run2_p11,102.12,61.0,,,on
13139.365,,qwen3.5:0.8b,run2_p11,102.54,60.0,,,on
13139.898,,qwen3.5:0.8b,run2_p11,102.88,61.0,,,on
13140.426,,qwen3.5:0.8b,run2_p11,103.91,60.0,,,on
13140.953,,qwen3.5:0.8b,run2_p11,103.70,61.0,,,on
13141.477,,qwen3.5:0.8b,run2_p11,101.96,60.0,,,on
13142.004,,qwen3.5:0.8b,run2_p11,101.41,60.0,,,on
13142.527,,qwen3.5:0.8b,run2_p11,102.00,61.0,,,on
13143.055,,qwen3.5:0.8b,run2_p11,102.29,60.0,,,on
13143.579,,qwen3.5:0.8b,run2_p11,102.76,61.0,,,on
13144.105,,qwen3.5:0.8b,run2_p11,102.59,60.0,,,on
13144.632,,qwen3.5:0.8b,run2_p11,101.98,60.0,,,on
13145.155,,qwen3.5:0.8b,run2_p11,101.48,60.0,,,on
13145.686,,qwen3.5:0.8b,run2_p11,101.31,60.0,,,on
13146.212,,qwen3.5:0.8b,run2_p11,101.45,60.0,,,on
13146.736,,qwen3.5:0.8b,run2_p11,101.88,60.0,,,on
13147.260,,qwen3.5:0.8b,run2_p11,101.67,60.0,,,on
13147.783,,qwen3.5:0.8b,run2_p11,101.65,61.0,,,on
13148.313,,qwen3.5:0.8b,run2_p11,102.37,61.0,,,on
13148.844,,qwen3.5:0.8b,run2_p11,102.82,60.0,,,on
13149.370,,qwen3.5:0.8b,run2_p11,102.44,61.0,,,on
13149.898,,qwen3.5:0.8b,run2_p11,102.22,61.0,,,on
13150.421,,qwen3.5:0.8b,run2_p11,102.80,61.0,,,on
13150.948,,qwen3.5:0.8b,run2_p11,101.94,60.0,,,on
13151.487,,qwen3.5:0.8b,run2_p11,101.80,60.0,,,on
13152.016,,qwen3.5:0.8b,run2_p11,102.36,60.0,,,on
13152.540,,qwen3.5:0.8b,run2_p11,102.55,61.0,,,on
13153.133,,qwen3.5:0.8b,run2_p11,106.33,63.0,,,on
13153.658,,qwen3.5:0.8b,run2_p11,106.87,61.0,,,on
13154.186,,qwen3.5:0.8b,run2_p11,103.56,61.0,,,on
13154.764,,qwen3.5:0.8b,run2_p12,87.50,59.0,,,on
13155.293,,qwen3.5:0.8b,run2_p12,79.86,58.0,,,on
13155.817,,qwen3.5:0.8b,run2_p12,87.80,60.0,,,on
13156.342,,qwen3.5:0.8b,run2_p12,100.07,61.0,,,on
13156.866,,qwen3.5:0.8b,run2_p12,100.21,60.0,,,on
13157.391,,qwen3.5:0.8b,run2_p12,99.47,60.0,,,on
13157.917,,qwen3.5:0.8b,run2_p12,100.29,60.0,,,on
13158.443,,qwen3.5:0.8b,run2_p12,100.16,60.0,,,on
13158.968,,qwen3.5:0.8b,run2_p12,100.11,61.0,,,on
13159.498,,qwen3.5:0.8b,run2_p12,99.93,60.0,,,on
13160.035,,qwen3.5:0.8b,run2_p12,99.44,60.0,,,on
13160.560,,qwen3.5:0.8b,run2_p12,98.71,60.0,,,on
13161.086,,qwen3.5:0.8b,run2_p12,99.86,60.0,,,on
13161.614,,qwen3.5:0.8b,run2_p12,101.45,60.0,,,on
13162.140,,qwen3.5:0.8b,run2_p12,101.72,61.0,,,on
13162.668,,qwen3.5:0.8b,run2_p12,101.45,60.0,,,on
13163.193,,qwen3.5:0.8b,run2_p12,101.41,61.0,,,on
13163.717,,qwen3.5:0.8b,run2_p12,101.79,61.0,,,on
13164.246,,qwen3.5:0.8b,run2_p12,102.07,60.0,,,on
13164.772,,qwen3.5:0.8b,run2_p12,102.17,61.0,,,on
13165.304,,qwen3.5:0.8b,run2_p12,102.13,61.0,,,on
13165.830,,qwen3.5:0.8b,run2_p12,100.64,60.0,,,on
13166.357,,qwen3.5:0.8b,run2_p12,99.80,61.0,,,on
13166.886,,qwen3.5:0.8b,run2_p12,100.59,60.0,,,on
13167.411,,qwen3.5:0.8b,run2_p12,101.26,60.0,,,on
13167.936,,qwen3.5:0.8b,run2_p12,100.99,60.0,,,on
13168.458,,qwen3.5:0.8b,run2_p12,101.38,61.0,,,on
13168.988,,qwen3.5:0.8b,run2_p12,101.98,61.0,,,on
13169.518,,qwen3.5:0.8b,run2_p12,101.88,61.0,,,on
13170.045,,qwen3.5:0.8b,run2_p12,101.95,60.0,,,on
13170.569,,qwen3.5:0.8b,run2_p12,101.09,60.0,,,on
13171.092,,qwen3.5:0.8b,run2_p12,100.61,60.0,,,on
13171.619,,qwen3.5:0.8b,run2_p12,101.43,60.0,,,on
13172.147,,qwen3.5:0.8b,run2_p12,101.86,61.0,,,on
13172.674,,qwen3.5:0.8b,run2_p12,101.57,61.0,,,on
13173.199,,qwen3.5:0.8b,run2_p12,100.36,60.0,,,on
13173.725,,qwen3.5:0.8b,run2_p12,99.97,60.0,,,on
13174.250,,qwen3.5:0.8b,run2_p12,101.07,60.0,,,on
13174.780,,qwen3.5:0.8b,run2_p12,102.02,61.0,,,on
13175.304,,qwen3.5:0.8b,run2_p12,101.71,60.0,,,on
13175.829,,qwen3.5:0.8b,run2_p12,101.05,60.0,,,on
13176.362,,qwen3.5:0.8b,run2_p12,102.32,61.0,,,on
13176.884,,qwen3.5:0.8b,run2_p12,103.11,60.0,,,on
13177.409,,qwen3.5:0.8b,run2_p12,103.14,61.0,,,on
13177.937,,qwen3.5:0.8b,run2_p12,103.13,60.0,,,on
13178.467,,qwen3.5:0.8b,run2_p12,102.66,61.0,,,on
13178.992,,qwen3.5:0.8b,run2_p12,102.39,61.0,,,on
13179.520,,qwen3.5:0.8b,run2_p12,102.16,60.0,,,on
13180.044,,qwen3.5:0.8b,run2_p12,102.53,61.0,,,on
13180.599,,qwen3.5:0.8b,run2_p12,104.19,61.0,,,on
13181.124,,qwen3.5:0.8b,run2_p12,103.00,61.0,,,on
13181.653,,qwen3.5:0.8b,run2_p12,101.58,60.0,,,on
13182.176,,qwen3.5:0.8b,run2_p12,102.28,61.0,,,on
13182.700,,qwen3.5:0.8b,run2_p12,102.30,61.0,,,on
13183.224,,qwen3.5:0.8b,run2_p12,102.32,61.0,,,on
13183.754,,qwen3.5:0.8b,run2_p12,101.93,61.0,,,on
13184.279,,qwen3.5:0.8b,run2_p12,101.21,60.0,,,on
13184.805,,qwen3.5:0.8b,run2_p12,100.45,60.0,,,on
13185.330,,qwen3.5:0.8b,run2_p12,100.83,60.0,,,on
13185.854,,qwen3.5:0.8b,run2_p12,101.16,60.0,,,on
13186.376,,qwen3.5:0.8b,run2_p12,101.78,61.0,,,on
13186.901,,qwen3.5:0.8b,run2_p12,101.02,60.0,,,on
13187.427,,qwen3.5:0.8b,run2_p12,100.06,60.0,,,on
13187.950,,qwen3.5:0.8b,run2_p12,99.94,60.0,,,on
13188.476,,qwen3.5:0.8b,run2_p12,100.08,60.0,,,on
13189.005,,qwen3.5:0.8b,run2_p12,100.75,60.0,,,on
13189.534,,qwen3.5:0.8b,run2_p12,100.46,60.0,,,on
13190.088,,qwen3.5:0.8b,run2_p12,100.63,61.0,,,on
13190.627,,qwen3.5:0.8b,run2_p12,100.68,60.0,,,on
13191.154,,qwen3.5:0.8b,run2_p12,101.52,61.0,,,on
13191.680,,qwen3.5:0.8b,run2_p12,102.39,61.0,,,on
13192.207,,qwen3.5:0.8b,run2_p12,101.75,61.0,,,on
13192.734,,qwen3.5:0.8b,run2_p12,101.60,61.0,,,on
13193.259,,qwen3.5:0.8b,run2_p12,102.06,60.0,,,on
13193.839,,qwen3.5:0.8b,run2_p12,101.09,61.0,,,on
13194.367,,qwen3.5:0.8b,run2_p12,100.68,63.0,,,on
13194.893,,qwen3.5:0.8b,run2_p12,101.54,60.0,,,on
13195.417,,qwen3.5:0.8b,run2_p12,101.89,60.0,,,on
13195.945,,qwen3.5:0.8b,run2_p12,102.10,60.0,,,on
13196.473,,qwen3.5:0.8b,run2_p12,102.60,60.0,,,on
13196.998,,qwen3.5:0.8b,run2_p12,102.46,61.0,,,on
13197.526,,qwen3.5:0.8b,run2_p12,101.97,61.0,,,on
13198.053,,qwen3.5:0.8b,run2_p12,101.71,61.0,,,on
13198.580,,qwen3.5:0.8b,run2_p12,101.28,60.0,,,on
13199.111,,qwen3.5:0.8b,run2_p13,100.04,60.0,,,on
13199.638,,qwen3.5:0.8b,run2_p13,87.03,58.0,,,on
13200.165,,qwen3.5:0.8b,run2_p13,86.92,60.0,,,on
13200.693,,qwen3.5:0.8b,run2_p13,98.90,60.0,,,on
13201.219,,qwen3.5:0.8b,run2_p13,99.28,60.0,,,on
13201.753,,qwen3.5:0.8b,run2_p13,100.83,60.0,,,on
13202.278,,qwen3.5:0.8b,run2_p13,101.84,60.0,,,on
13202.807,,qwen3.5:0.8b,run2_p13,101.55,61.0,,,on
13203.335,,qwen3.5:0.8b,run2_p13,101.55,61.0,,,on
13203.861,,qwen3.5:0.8b,run2_p13,100.96,61.0,,,on
13204.387,,qwen3.5:0.8b,run2_p13,100.74,60.0,,,on
13204.911,,qwen3.5:0.8b,run2_p13,101.46,61.0,,,on
13205.434,,qwen3.5:0.8b,run2_p13,101.44,61.0,,,on
13205.960,,qwen3.5:0.8b,run2_p13,102.01,61.0,,,on
13206.486,,qwen3.5:0.8b,run2_p13,101.91,60.0,,,on
13207.010,,qwen3.5:0.8b,run2_p13,101.00,60.0,,,on
13207.535,,qwen3.5:0.8b,run2_p13,101.78,61.0,,,on
13208.060,,qwen3.5:0.8b,run2_p13,102.52,61.0,,,on
13208.593,,qwen3.5:0.8b,run2_p13,102.22,61.0,,,on
13209.118,,qwen3.5:0.8b,run2_p13,101.92,61.0,,,on
13209.648,,qwen3.5:0.8b,run2_p13,101.80,61.0,,,on
13210.170,,qwen3.5:0.8b,run2_p13,102.32,61.0,,,on
13210.696,,qwen3.5:0.8b,run2_p13,102.79,61.0,,,on
13211.219,,qwen3.5:0.8b,run2_p13,102.83,61.0,,,on
13211.744,,qwen3.5:0.8b,run2_p13,102.56,61.0,,,on
13212.269,,qwen3.5:0.8b,run2_p13,102.29,61.0,,,on
13212.794,,qwen3.5:0.8b,run2_p13,101.81,61.0,,,on
13213.318,,qwen3.5:0.8b,run2_p13,102.33,61.0,,,on
13213.850,,qwen3.5:0.8b,run2_p13,103.07,61.0,,,on
13214.375,,qwen3.5:0.8b,run2_p13,102.75,61.0,,,on
13214.902,,qwen3.5:0.8b,run2_p13,102.29,60.0,,,on
13215.432,,qwen3.5:0.8b,run2_p13,102.42,61.0,,,on
13215.956,,qwen3.5:0.8b,run2_p13,102.69,61.0,,,on
13216.479,,qwen3.5:0.8b,run2_p13,102.31,61.0,,,on
13217.006,,qwen3.5:0.8b,run2_p13,102.38,61.0,,,on
13217.529,,qwen3.5:0.8b,run2_p13,103.07,61.0,,,on
13218.051,,qwen3.5:0.8b,run2_p13,102.53,61.0,,,on
13218.585,,qwen3.5:0.8b,run2_p13,102.50,61.0,,,on
13219.112,,qwen3.5:0.8b,run2_p13,102.54,61.0,,,on
13219.639,,qwen3.5:0.8b,run2_p13,102.64,61.0,,,on
13220.166,,qwen3.5:0.8b,run2_p13,103.25,61.0,,,on
13220.693,,qwen3.5:0.8b,run2_p13,102.59,61.0,,,on
13221.220,,qwen3.5:0.8b,run2_p13,101.80,59.0,,,on
13221.750,,qwen3.5:0.8b,run2_p13,101.90,61.0,,,on
13222.279,,qwen3.5:0.8b,run2_p13,102.55,61.0,,,on
13222.804,,qwen3.5:0.8b,run2_p13,102.95,61.0,,,on
13223.329,,qwen3.5:0.8b,run2_p13,103.24,61.0,,,on
13223.853,,qwen3.5:0.8b,run2_p13,103.24,61.0,,,on
13224.387,,qwen3.5:0.8b,run2_p13,102.11,61.0,,,on
13224.914,,qwen3.5:0.8b,run2_p13,103.06,61.0,,,on
13225.443,,qwen3.5:0.8b,run2_p14,103.05,61.0,,,on
13225.973,,qwen3.5:0.8b,run2_p14,90.91,59.0,,,on
13226.496,,qwen3.5:0.8b,run2_p14,90.79,60.0,,,on
13227.019,,qwen3.5:0.8b,run2_p14,101.54,61.0,,,on
13227.542,,qwen3.5:0.8b,run2_p14,101.26,61.0,,,on
13228.068,,qwen3.5:0.8b,run2_p14,101.62,61.0,,,on
13228.596,,qwen3.5:0.8b,run2_p14,102.26,61.0,,,on
13229.118,,qwen3.5:0.8b,run2_p14,101.63,61.0,,,on
13229.641,,qwen3.5:0.8b,run2_p14,101.00,61.0,,,on
13230.167,,qwen3.5:0.8b,run2_p14,101.01,61.0,,,on
13230.696,,qwen3.5:0.8b,run2_p14,101.65,61.0,,,on
13231.221,,qwen3.5:0.8b,run2_p14,102.85,61.0,,,on
13231.746,,qwen3.5:0.8b,run2_p14,102.32,61.0,,,on
13232.271,,qwen3.5:0.8b,run2_p14,102.08,61.0,,,on
13232.794,,qwen3.5:0.8b,run2_p14,102.61,61.0,,,on
13233.319,,qwen3.5:0.8b,run2_p14,101.61,61.0,,,on
13233.842,,qwen3.5:0.8b,run2_p14,101.44,61.0,,,on
13234.366,,qwen3.5:0.8b,run2_p14,102.37,61.0,,,on
13234.889,,qwen3.5:0.8b,run2_p14,102.33,61.0,,,on
13235.412,,qwen3.5:0.8b,run2_p14,102.64,61.0,,,on
13235.936,,qwen3.5:0.8b,run2_p14,102.69,61.0,,,on
13236.463,,qwen3.5:0.8b,run2_p14,102.91,61.0,,,on
13236.985,,qwen3.5:0.8b,run2_p14,103.43,61.0,,,on
13237.510,,qwen3.5:0.8b,run2_p14,102.93,61.0,,,on
13238.034,,qwen3.5:0.8b,run2_p14,103.25,61.0,,,on
13238.560,,qwen3.5:0.8b,run2_p14,103.31,61.0,,,on
13239.084,,qwen3.5:0.8b,run2_p14,103.00,61.0,,,on
13239.608,,qwen3.5:0.8b,run2_p14,102.99,61.0,,,on
13240.131,,qwen3.5:0.8b,run2_p14,103.23,61.0,,,on
13240.655,,qwen3.5:0.8b,run2_p14,103.25,61.0,,,on
13241.183,,qwen3.5:0.8b,run2_p14,103.01,61.0,,,on
13241.709,,qwen3.5:0.8b,run2_p14,102.94,61.0,,,on
13242.234,,qwen3.5:0.8b,run2_p14,103.45,61.0,,,on
13242.760,,qwen3.5:0.8b,run2_p14,103.51,61.0,,,on
13243.287,,qwen3.5:0.8b,run2_p14,103.80,61.0,,,on
13243.810,,qwen3.5:0.8b,run2_p14,103.87,61.0,,,on
13244.333,,qwen3.5:0.8b,run2_p14,103.64,60.0,,,on
13244.859,,qwen3.5:0.8b,run2_p14,103.49,61.0,,,on
13245.384,,qwen3.5:0.8b,run3_p0,101.53,60.0,,,on
13245.912,,qwen3.5:0.8b,run3_p0,92.44,59.0,,,on
13246.436,,qwen3.5:0.8b,run3_p0,91.39,61.0,,,on
13246.962,,qwen3.5:0.8b,run3_p0,101.59,60.0,,,on
13247.484,,qwen3.5:0.8b,run3_p0,101.82,61.0,,,on
13248.019,,qwen3.5:0.8b,run3_p0,101.99,61.0,,,on
13248.544,,qwen3.5:0.8b,run3_p1,102.15,61.0,,,on
13249.086,,qwen3.5:0.8b,run3_p1,91.22,55.0,,,on
13249.625,,qwen3.5:0.8b,run3_p1,91.10,60.0,,,on
13250.161,,qwen3.5:0.8b,run3_p1,102.16,61.0,,,on
13250.695,,qwen3.5:0.8b,run3_p1,102.26,61.0,,,on
13251.221,,qwen3.5:0.8b,run3_p1,102.19,61.0,,,on
13251.745,,qwen3.5:0.8b,run3_p1,102.14,61.0,,,on
13252.271,,qwen3.5:0.8b,run3_p1,102.15,61.0,,,on
13252.800,,qwen3.5:0.8b,run3_p1,102.38,61.0,,,on
13253.328,,qwen3.5:0.8b,run3_p1,103.22,60.0,,,on
13253.857,,qwen3.5:0.8b,run3_p1,103.32,61.0,,,on
13254.383,,qwen3.5:0.8b,run3_p1,102.95,61.0,,,on
13254.908,,qwen3.5:0.8b,run3_p1,102.57,61.0,,,on
13255.435,,qwen3.5:0.8b,run3_p1,102.30,61.0,,,on
13255.959,,qwen3.5:0.8b,run3_p1,102.58,61.0,,,on
13256.490,,qwen3.5:0.8b,run3_p1,102.11,61.0,,,on
13257.017,,qwen3.5:0.8b,run3_p1,102.17,61.0,,,on
13257.543,,qwen3.5:0.8b,run3_p1,102.34,61.0,,,on
13258.067,,qwen3.5:0.8b,run3_p1,102.41,61.0,,,on
13258.595,,qwen3.5:0.8b,run3_p1,102.61,61.0,,,on
13259.117,,qwen3.5:0.8b,run3_p1,102.52,61.0,,,on
13259.641,,qwen3.5:0.8b,run3_p1,102.21,61.0,,,on
13260.167,,qwen3.5:0.8b,run3_p1,102.50,61.0,,,on
13260.701,,qwen3.5:0.8b,run3_p1,102.92,60.0,,,on
13261.224,,qwen3.5:0.8b,run3_p1,102.32,61.0,,,on
13261.787,,qwen3.5:0.8b,run3_p1,102.65,61.0,,,on
13262.310,,qwen3.5:0.8b,run3_p1,103.42,61.0,,,on
13262.846,,qwen3.5:0.8b,run3_p1,102.93,61.0,,,on
13263.376,,qwen3.5:0.8b,run3_p1,102.04,60.0,,,on
13263.899,,qwen3.5:0.8b,run3_p1,102.29,61.0,,,on
13264.426,,qwen3.5:0.8b,run3_p1,102.63,61.0,,,on
13264.954,,qwen3.5:0.8b,run3_p1,101.83,61.0,,,on
13265.482,,qwen3.5:0.8b,run3_p1,101.35,61.0,,,on
13266.005,,qwen3.5:0.8b,run3_p1,101.90,61.0,,,on
13266.534,,qwen3.5:0.8b,run3_p1,102.31,61.0,,,on
13267.060,,qwen3.5:0.8b,run3_p1,102.18,61.0,,,on
13267.586,,qwen3.5:0.8b,run3_p1,102.14,61.0,,,on
13268.111,,qwen3.5:0.8b,run3_p1,102.34,61.0,,,on
13268.643,,qwen3.5:0.8b,run3_p1,102.76,61.0,,,on
13269.167,,qwen3.5:0.8b,run3_p1,102.43,61.0,,,on
13269.694,,qwen3.5:0.8b,run3_p1,102.10,61.0,,,on
13270.217,,qwen3.5:0.8b,run3_p1,102.42,61.0,,,on
13270.743,,qwen3.5:0.8b,run3_p1,102.25,61.0,,,on
13271.269,,qwen3.5:0.8b,run3_p1,102.54,61.0,,,on
13271.800,,qwen3.5:0.8b,run3_p1,102.68,61.0,,,on
13272.325,,qwen3.5:0.8b,run3_p1,102.79,61.0,,,on
13272.849,,qwen3.5:0.8b,run3_p1,102.61,61.0,,,on
13273.374,,qwen3.5:0.8b,run3_p1,102.61,61.0,,,on
13273.955,,qwen3.5:0.8b,run3_p1,98.72,61.0,,,on
13274.481,,qwen3.5:0.8b,run3_p1,96.53,59.0,,,on
13275.011,,qwen3.5:0.8b,run3_p1,99.71,61.0,,,on
13275.534,,qwen3.5:0.8b,run3_p1,101.22,61.0,,,on
13276.058,,qwen3.5:0.8b,run3_p1,102.30,61.0,,,on
13276.583,,qwen3.5:0.8b,run3_p1,101.82,61.0,,,on
13277.113,,qwen3.5:0.8b,run3_p1,101.22,61.0,,,on
13277.638,,qwen3.5:0.8b,run3_p1,101.31,60.0,,,on
13278.160,,qwen3.5:0.8b,run3_p1,101.70,61.0,,,on
13278.691,,qwen3.5:0.8b,run3_p1,102.32,61.0,,,on
13279.218,,qwen3.5:0.8b,run3_p1,101.99,60.0,,,on
13279.743,,qwen3.5:0.8b,run3_p1,101.35,60.0,,,on
13280.271,,qwen3.5:0.8b,run3_p1,101.33,61.0,,,on
13280.800,,qwen3.5:0.8b,run3_p1,102.19,61.0,,,on
13281.325,,qwen3.5:0.8b,run3_p1,102.76,61.0,,,on
13281.852,,qwen3.5:0.8b,run3_p1,101.59,61.0,,,on
13282.378,,qwen3.5:0.8b,run3_p1,101.61,61.0,,,on
13282.901,,qwen3.5:0.8b,run3_p1,103.04,61.0,,,on
13283.425,,qwen3.5:0.8b,run3_p1,103.25,61.0,,,on
13283.952,,qwen3.5:0.8b,run3_p1,102.93,61.0,,,on
13284.482,,qwen3.5:0.8b,run3_p1,102.99,61.0,,,on
13285.008,,qwen3.5:0.8b,run3_p1,102.84,61.0,,,on
13285.531,,qwen3.5:0.8b,run3_p1,102.40,61.0,,,on
13286.054,,qwen3.5:0.8b,run3_p1,102.17,61.0,,,on
13286.618,,qwen3.5:0.8b,run3_p1,101.67,61.0,,,on
13287.144,,qwen3.5:0.8b,run3_p1,102.51,62.0,,,on
13287.666,,qwen3.5:0.8b,run3_p1,102.09,60.0,,,on
13288.191,,qwen3.5:0.8b,run3_p1,100.76,61.0,,,on
13288.718,,qwen3.5:0.8b,run3_p1,102.08,61.0,,,on
13289.243,,qwen3.5:0.8b,run3_p1,102.06,61.0,,,on
13289.766,,qwen3.5:0.8b,run3_p1,101.92,61.0,,,on
13290.292,,qwen3.5:0.8b,run3_p1,101.84,61.0,,,on
13290.816,,qwen3.5:0.8b,run3_p1,101.76,61.0,,,on
13291.342,,qwen3.5:0.8b,run3_p1,102.67,61.0,,,on
13291.868,,qwen3.5:0.8b,run3_p1,102.78,61.0,,,on
13292.395,,qwen3.5:0.8b,run3_p1,102.54,61.0,,,on
13292.920,,qwen3.5:0.8b,run3_p1,102.10,61.0,,,on
13293.445,,qwen3.5:0.8b,run3_p1,101.91,61.0,,,on
13293.968,,qwen3.5:0.8b,run3_p1,101.97,61.0,,,on
13294.492,,qwen3.5:0.8b,run3_p1,102.54,61.0,,,on
13295.020,,qwen3.5:0.8b,run3_p1,103.04,61.0,,,on
13295.543,,qwen3.5:0.8b,run3_p1,103.12,61.0,,,on
13296.067,,qwen3.5:0.8b,run3_p1,102.73,61.0,,,on
13296.592,,qwen3.5:0.8b,run3_p1,102.53,61.0,,,on
13297.117,,qwen3.5:0.8b,run3_p1,102.47,61.0,,,on
13297.645,,qwen3.5:0.8b,run3_p1,103.12,61.0,,,on
13298.169,,qwen3.5:0.8b,run3_p1,102.87,61.0,,,on
13298.693,,qwen3.5:0.8b,run3_p1,102.54,61.0,,,on
13299.216,,qwen3.5:0.8b,run3_p1,102.92,60.0,,,on
13299.741,,qwen3.5:0.8b,run3_p1,104.39,64.0,,,on
13300.266,,qwen3.5:0.8b,run3_p1,104.39,61.0,,,on
13300.790,,qwen3.5:0.8b,run3_p1,102.52,60.0,,,on
13301.320,,qwen3.5:0.8b,run3_p1,102.44,61.0,,,on
13301.844,,qwen3.5:0.8b,run3_p1,102.73,61.0,,,on
13302.371,,qwen3.5:0.8b,run3_p1,102.82,61.0,,,on
13302.894,,qwen3.5:0.8b,run3_p1,102.57,61.0,,,on
13303.419,,qwen3.5:0.8b,run3_p1,102.69,61.0,,,on
13303.945,,qwen3.5:0.8b,run3_p1,102.65,61.0,,,on
13304.473,,qwen3.5:0.8b,run3_p1,102.69,61.0,,,on
13304.997,,qwen3.5:0.8b,run3_p1,102.89,61.0,,,on
13305.523,,qwen3.5:0.8b,run3_p1,102.63,60.0,,,on
13306.065,,qwen3.5:0.8b,run3_p1,102.27,61.0,,,on
13306.591,,qwen3.5:0.8b,run3_p1,102.08,61.0,,,on
13307.114,,qwen3.5:0.8b,run3_p1,102.08,61.0,,,on
13307.647,,qwen3.5:0.8b,run3_p1,102.56,61.0,,,on
13308.175,,qwen3.5:0.8b,run3_p1,102.85,61.0,,,on
13308.714,,qwen3.5:0.8b,run3_p1,102.36,61.0,,,on
13309.245,,qwen3.5:0.8b,run3_p1,102.92,61.0,,,on
13309.773,,qwen3.5:0.8b,run3_p1,102.99,61.0,,,on
13310.308,,qwen3.5:0.8b,run3_p1,102.75,61.0,,,on
13310.846,,qwen3.5:0.8b,run3_p1,103.18,61.0,,,on
13311.378,,qwen3.5:0.8b,run3_p1,103.13,61.0,,,on
13311.909,,qwen3.5:0.8b,run3_p1,103.60,61.0,,,on
13312.477,,qwen3.5:0.8b,run3_p1,102.26,60.0,,,on
13313.007,,qwen3.5:0.8b,run3_p1,100.82,61.0,,,on
13313.538,,qwen3.5:0.8b,run3_p1,101.31,61.0,,,on
13314.062,,qwen3.5:0.8b,run3_p1,102.16,61.0,,,on
13314.589,,qwen3.5:0.8b,run3_p1,102.80,61.0,,,on
13315.117,,qwen3.5:0.8b,run3_p1,102.65,61.0,,,on
13315.654,,qwen3.5:0.8b,run3_p1,102.76,61.0,,,on
13316.176,,qwen3.5:0.8b,run3_p1,102.51,61.0,,,on
13316.703,,qwen3.5:0.8b,run3_p1,102.32,61.0,,,on
13317.227,,qwen3.5:0.8b,run3_p1,102.75,61.0,,,on
13317.761,,qwen3.5:0.8b,run3_p1,103.12,61.0,,,on
13318.284,,qwen3.5:0.8b,run3_p1,102.74,61.0,,,on
13318.808,,qwen3.5:0.8b,run3_p1,102.58,61.0,,,on
13319.334,,qwen3.5:0.8b,run3_p1,102.66,61.0,,,on
13319.862,,qwen3.5:0.8b,run3_p1,102.84,61.0,,,on
13320.388,,qwen3.5:0.8b,run3_p1,103.00,61.0,,,on
13320.915,,qwen3.5:0.8b,run3_p1,102.68,61.0,,,on
13321.439,,qwen3.5:0.8b,run3_p1,102.16,61.0,,,on
13321.966,,qwen3.5:0.8b,run3_p1,102.33,60.0,,,on
13322.494,,qwen3.5:0.8b,run3_p1,102.43,61.0,,,on
13323.023,,qwen3.5:0.8b,run3_p1,102.08,61.0,,,on
13323.552,,qwen3.5:0.8b,run3_p1,102.13,61.0,,,on
13324.079,,qwen3.5:0.8b,run3_p1,102.12,61.0,,,on
13324.604,,qwen3.5:0.8b,run3_p1,102.02,61.0,,,on
13325.133,,qwen3.5:0.8b,run3_p1,102.54,61.0,,,on
13325.665,,qwen3.5:0.8b,run3_p1,101.62,64.0,,,on
13326.189,,qwen3.5:0.8b,run3_p1,101.30,61.0,,,on
13326.715,,qwen3.5:0.8b,run3_p1,101.94,61.0,,,on
13327.240,,qwen3.5:0.8b,run3_p1,101.96,61.0,,,on
13327.765,,qwen3.5:0.8b,run3_p1,102.43,61.0,,,on
13328.295,,qwen3.5:0.8b,run3_p2,78.81,61.0,,,on
13328.828,,qwen3.5:0.8b,run3_p2,67.22,53.0,,,on
13329.354,,qwen3.5:0.8b,run3_p2,90.44,61.0,,,on
13329.881,,qwen3.5:0.8b,run3_p2,101.42,60.0,,,on
13330.404,,qwen3.5:0.8b,run3_p2,101.17,61.0,,,on
13330.928,,qwen3.5:0.8b,run3_p2,101.71,60.0,,,on
13331.454,,qwen3.5:0.8b,run3_p2,102.21,60.0,,,on
13331.978,,qwen3.5:0.8b,run3_p2,101.92,59.0,,,on
13332.504,,qwen3.5:0.8b,run3_p2,101.65,60.0,,,on
13333.029,,qwen3.5:0.8b,run3_p2,101.86,61.0,,,on
13333.555,,qwen3.5:0.8b,run3_p2,102.32,61.0,,,on
13334.128,,qwen3.5:0.8b,run3_p3,86.72,61.0,,,on
13334.653,,qwen3.5:0.8b,run3_p3,77.64,53.0,,,on
13335.180,,qwen3.5:0.8b,run3_p3,92.90,60.0,,,on
13335.706,,qwen3.5:0.8b,run3_p3,100.72,60.0,,,on
13336.230,,qwen3.5:0.8b,run3_p3,101.31,60.0,,,on
13336.763,,qwen3.5:0.8b,run3_p3,102.39,60.0,,,on
13337.287,,qwen3.5:0.8b,run3_p3,101.87,60.0,,,on
13337.814,,qwen3.5:0.8b,run3_p3,101.17,60.0,,,on
13338.355,,qwen3.5:0.8b,run3_p3,101.76,61.0,,,on
13338.880,,qwen3.5:0.8b,run3_p3,101.94,60.0,,,on
13339.406,,qwen3.5:0.8b,run3_p3,101.18,60.0,,,on
13339.935,,qwen3.5:0.8b,run3_p3,101.32,60.0,,,on
13340.461,,qwen3.5:0.8b,run3_p3,101.21,60.0,,,on
13340.986,,qwen3.5:0.8b,run3_p3,101.59,60.0,,,on
13341.515,,qwen3.5:0.8b,run3_p4,75.75,54.0,,,on
13342.045,,qwen3.5:0.8b,run3_p4,65.64,57.0,,,on
13342.569,,qwen3.5:0.8b,run3_p4,86.19,60.0,,,on
13343.104,,qwen3.5:0.8b,run3_p4,101.89,60.0,,,on
13343.628,,qwen3.5:0.8b,run3_p4,102.27,60.0,,,on
13344.151,,qwen3.5:0.8b,run3_p4,101.59,60.0,,,on
13344.679,,qwen3.5:0.8b,run3_p4,101.25,60.0,,,on
13345.208,,qwen3.5:0.8b,run3_p4,101.30,60.0,,,on
13345.732,,qwen3.5:0.8b,run3_p4,101.99,60.0,,,on
13346.257,,qwen3.5:0.8b,run3_p4,101.56,60.0,,,on
13346.783,,qwen3.5:0.8b,run3_p4,101.31,60.0,,,on
13347.308,,qwen3.5:0.8b,run3_p4,101.73,60.0,,,on
13347.833,,qwen3.5:0.8b,run3_p4,101.34,61.0,,,on
13348.357,,qwen3.5:0.8b,run3_p4,101.38,61.0,,,on
13348.881,,qwen3.5:0.8b,run3_p4,101.35,61.0,,,on
13349.404,,qwen3.5:0.8b,run3_p4,101.91,61.0,,,on
13349.927,,qwen3.5:0.8b,run3_p4,103.02,61.0,,,on
13350.453,,qwen3.5:0.8b,run3_p4,102.35,60.0,,,on
13350.984,,qwen3.5:0.8b,run3_p4,101.76,60.0,,,on
13351.511,,qwen3.5:0.8b,run3_p4,102.30,61.0,,,on
13352.044,,qwen3.5:0.8b,run3_p4,102.18,60.0,,,on
13352.571,,qwen3.5:0.8b,run3_p4,101.81,60.0,,,on
13353.099,,qwen3.5:0.8b,run3_p4,102.43,60.0,,,on
13353.621,,qwen3.5:0.8b,run3_p4,102.85,60.0,,,on
13354.144,,qwen3.5:0.8b,run3_p4,102.88,61.0,,,on
13354.668,,qwen3.5:0.8b,run3_p4,102.71,61.0,,,on
13355.191,,qwen3.5:0.8b,run3_p4,103.10,60.0,,,on
13355.714,,qwen3.5:0.8b,run3_p4,103.07,60.0,,,on
13356.239,,qwen3.5:0.8b,run3_p4,102.98,61.0,,,on
13356.762,,qwen3.5:0.8b,run3_p4,103.09,61.0,,,on
13357.294,,qwen3.5:0.8b,run3_p4,102.80,61.0,,,on
13357.821,,qwen3.5:0.8b,run3_p4,102.84,61.0,,,on
13358.345,,qwen3.5:0.8b,run3_p4,102.82,61.0,,,on
13358.868,,qwen3.5:0.8b,run3_p4,102.81,61.0,,,on
13359.390,,qwen3.5:0.8b,run3_p4,103.27,61.0,,,on
13359.913,,qwen3.5:0.8b,run3_p4,103.49,61.0,,,on
13360.435,,qwen3.5:0.8b,run3_p4,102.90,61.0,,,on
13360.958,,qwen3.5:0.8b,run3_p4,103.18,61.0,,,on
13361.481,,qwen3.5:0.8b,run3_p4,103.73,61.0,,,on
13362.004,,qwen3.5:0.8b,run3_p4,103.05,61.0,,,on
13362.531,,qwen3.5:0.8b,run3_p4,102.87,61.0,,,on
13363.053,,qwen3.5:0.8b,run3_p4,103.47,61.0,,,on
13363.576,,qwen3.5:0.8b,run3_p4,103.20,61.0,,,on
13364.101,,qwen3.5:0.8b,run3_p4,103.29,61.0,,,on
13364.626,,qwen3.5:0.8b,run3_p4,103.48,61.0,,,on
13365.149,,qwen3.5:0.8b,run3_p4,103.30,61.0,,,on
13365.673,,qwen3.5:0.8b,run3_p4,103.45,61.0,,,on
13366.196,,qwen3.5:0.8b,run3_p4,103.40,61.0,,,on
13366.718,,qwen3.5:0.8b,run3_p4,103.92,60.0,,,on
13367.248,,qwen3.5:0.8b,run3_p5,103.36,61.0,,,on
13367.775,,qwen3.5:0.8b,run3_p5,88.34,59.0,,,on
13368.299,,qwen3.5:0.8b,run3_p5,88.41,60.0,,,on
13368.825,,qwen3.5:0.8b,run3_p5,102.17,60.0,,,on
13369.351,,qwen3.5:0.8b,run3_p5,101.95,61.0,,,on
13369.875,,qwen3.5:0.8b,run3_p5,101.81,61.0,,,on
13370.399,,qwen3.5:0.8b,run3_p5,102.28,61.0,,,on
13370.927,,qwen3.5:0.8b,run3_p5,102.04,60.0,,,on
13371.455,,qwen3.5:0.8b,run3_p5,102.16,60.0,,,on
13371.980,,qwen3.5:0.8b,run3_p5,102.26,61.0,,,on
13372.504,,qwen3.5:0.8b,run3_p5,102.07,61.0,,,on
13373.029,,qwen3.5:0.8b,run3_p5,102.06,61.0,,,on
13373.553,,qwen3.5:0.8b,run3_p5,102.26,61.0,,,on
13374.077,,qwen3.5:0.8b,run3_p5,102.15,61.0,,,on
13374.601,,qwen3.5:0.8b,run3_p5,102.20,61.0,,,on
13375.124,,qwen3.5:0.8b,run3_p5,102.76,61.0,,,on
13375.649,,qwen3.5:0.8b,run3_p5,102.96,61.0,,,on
13376.173,,qwen3.5:0.8b,run3_p5,102.66,61.0,,,on
13376.700,,qwen3.5:0.8b,run3_p5,102.19,61.0,,,on
13377.224,,qwen3.5:0.8b,run3_p5,102.01,61.0,,,on
13377.747,,qwen3.5:0.8b,run3_p5,101.66,60.0,,,on
13378.270,,qwen3.5:0.8b,run3_p5,102.11,61.0,,,on
13378.794,,qwen3.5:0.8b,run3_p5,102.88,61.0,,,on
13379.317,,qwen3.5:0.8b,run3_p5,102.62,61.0,,,on
13379.843,,qwen3.5:0.8b,run3_p5,102.43,61.0,,,on
13380.368,,qwen3.5:0.8b,run3_p5,102.14,61.0,,,on
13380.894,,qwen3.5:0.8b,run3_p5,102.45,61.0,,,on
13381.418,,qwen3.5:0.8b,run3_p5,102.69,61.0,,,on
13381.940,,qwen3.5:0.8b,run3_p5,102.71,61.0,,,on
13382.484,,qwen3.5:0.8b,run3_p5,102.26,61.0,,,on
13383.010,,qwen3.5:0.8b,run3_p5,101.78,61.0,,,on
13383.537,,qwen3.5:0.8b,run3_p5,101.99,61.0,,,on
13384.065,,qwen3.5:0.8b,run3_p5,101.23,60.0,,,on
13384.591,,qwen3.5:0.8b,run3_p5,100.40,61.0,,,on
13385.119,,qwen3.5:0.8b,run3_p5,100.43,60.0,,,on
13385.646,,qwen3.5:0.8b,run3_p5,100.15,60.0,,,on
13386.173,,qwen3.5:0.8b,run3_p5,100.88,60.0,,,on
13386.696,,qwen3.5:0.8b,run3_p5,101.25,60.0,,,on
13387.219,,qwen3.5:0.8b,run3_p5,101.28,60.0,,,on
13387.749,,qwen3.5:0.8b,run3_p5,101.25,60.0,,,on
13388.273,,qwen3.5:0.8b,run3_p5,100.57,61.0,,,on
13388.797,,qwen3.5:0.8b,run3_p5,100.46,61.0,,,on
13389.321,,qwen3.5:0.8b,run3_p5,101.01,60.0,,,on
13389.848,,qwen3.5:0.8b,run3_p5,101.17,60.0,,,on
13390.372,,qwen3.5:0.8b,run3_p5,101.32,60.0,,,on
13390.898,,qwen3.5:0.8b,run3_p5,101.85,60.0,,,on
13391.448,,qwen3.5:0.8b,run3_p5,101.29,60.0,,,on
13391.973,,qwen3.5:0.8b,run3_p5,100.68,61.0,,,on
13392.502,,qwen3.5:0.8b,run3_p5,101.53,61.0,,,on
13393.180,,qwen3.5:0.8b,run3_p5,100.02,60.0,,,on
13393.705,,qwen3.5:0.8b,run3_p5,98.10,59.0,,,on
13394.232,,qwen3.5:0.8b,run3_p5,99.14,60.0,,,on
13394.758,,qwen3.5:0.8b,run3_p5,100.25,60.0,,,on
13395.285,,qwen3.5:0.8b,run3_p5,100.47,60.0,,,on
13395.811,,qwen3.5:0.8b,run3_p5,100.40,61.0,,,on
13396.339,,qwen3.5:0.8b,run3_p5,101.03,60.0,,,on
13396.869,,qwen3.5:0.8b,run3_p5,100.62,60.0,,,on
13397.398,,qwen3.5:0.8b,run3_p5,100.21,60.0,,,on
13397.924,,qwen3.5:0.8b,run3_p5,100.98,61.0,,,on
13398.461,,qwen3.5:0.8b,run3_p5,100.69,60.0,,,on
13398.991,,qwen3.5:0.8b,run3_p5,100.42,60.0,,,on
13399.515,,qwen3.5:0.8b,run3_p5,101.17,60.0,,,on
13400.043,,qwen3.5:0.8b,run3_p5,101.34,60.0,,,on
13400.571,,qwen3.5:0.8b,run3_p5,100.77,60.0,,,on
13401.102,,qwen3.5:0.8b,run3_p5,100.61,61.0,,,on
13401.629,,qwen3.5:0.8b,run3_p5,100.64,60.0,,,on
13402.157,,qwen3.5:0.8b,run3_p5,101.31,61.0,,,on
13402.681,,qwen3.5:0.8b,run3_p5,101.25,60.0,,,on
13403.208,,qwen3.5:0.8b,run3_p5,101.15,61.0,,,on
13403.733,,qwen3.5:0.8b,run3_p5,101.71,61.0,,,on
13404.255,,qwen3.5:0.8b,run3_p5,101.83,60.0,,,on
13404.784,,qwen3.5:0.8b,run3_p5,102.06,61.0,,,on
13405.308,,qwen3.5:0.8b,run3_p5,101.51,60.0,,,on
13405.833,,qwen3.5:0.8b,run3_p5,101.02,61.0,,,on
13406.357,,qwen3.5:0.8b,run3_p5,101.36,61.0,,,on
13406.883,,qwen3.5:0.8b,run3_p5,101.35,60.0,,,on
13407.415,,qwen3.5:0.8b,run3_p5,101.52,62.0,,,on
13407.940,,qwen3.5:0.8b,run3_p5,101.52,60.0,,,on
13408.465,,qwen3.5:0.8b,run3_p5,100.15,60.0,,,on
13408.991,,qwen3.5:0.8b,run3_p6,92.66,55.0,,,on
13409.517,,qwen3.5:0.8b,run3_p6,84.04,60.0,,,on
13410.043,,qwen3.5:0.8b,run3_p6,85.94,60.0,,,on
13410.570,,qwen3.5:0.8b,run3_p6,99.34,60.0,,,on
13411.097,,qwen3.5:0.8b,run3_p6,99.62,60.0,,,on
13411.626,,qwen3.5:0.8b,run3_p6,99.98,60.0,,,on
13412.154,,qwen3.5:0.8b,run3_p6,99.50,60.0,,,on
13412.683,,qwen3.5:0.8b,run3_p6,99.52,60.0,,,on
13413.208,,qwen3.5:0.8b,run3_p6,99.28,60.0,,,on
13413.731,,qwen3.5:0.8b,run3_p6,100.27,60.0,,,on
13414.256,,qwen3.5:0.8b,run3_p6,100.87,60.0,,,on
13414.784,,qwen3.5:0.8b,run3_p6,101.43,60.0,,,on
13415.310,,qwen3.5:0.8b,run3_p6,101.35,60.0,,,on
13415.836,,qwen3.5:0.8b,run3_p6,100.82,60.0,,,on
13416.359,,qwen3.5:0.8b,run3_p6,101.38,60.0,,,on
13416.883,,qwen3.5:0.8b,run3_p6,101.67,60.0,,,on
13417.408,,qwen3.5:0.8b,run3_p6,100.90,60.0,,,on
13417.932,,qwen3.5:0.8b,run3_p6,100.47,60.0,,,on
13418.458,,qwen3.5:0.8b,run3_p6,100.85,60.0,,,on
13418.984,,qwen3.5:0.8b,run3_p6,101.50,60.0,,,on
13419.511,,qwen3.5:0.8b,run3_p6,101.27,61.0,,,on
13420.034,,qwen3.5:0.8b,run3_p6,101.26,61.0,,,on
13420.560,,qwen3.5:0.8b,run3_p6,100.64,61.0,,,on
13421.083,,qwen3.5:0.8b,run3_p6,101.17,60.0,,,on
13421.606,,qwen3.5:0.8b,run3_p6,101.39,60.0,,,on
13422.130,,qwen3.5:0.8b,run3_p6,100.79,60.0,,,on
13422.655,,qwen3.5:0.8b,run3_p6,100.93,61.0,,,on
13423.179,,qwen3.5:0.8b,run3_p6,100.71,60.0,,,on
13423.702,,qwen3.5:0.8b,run3_p6,100.78,60.0,,,on
13424.225,,qwen3.5:0.8b,run3_p6,101.29,60.0,,,on
13424.749,,qwen3.5:0.8b,run3_p6,101.37,60.0,,,on
13425.273,,qwen3.5:0.8b,run3_p6,102.08,61.0,,,on
13425.799,,qwen3.5:0.8b,run3_p6,102.25,60.0,,,on
13426.325,,qwen3.5:0.8b,run3_p6,102.15,61.0,,,on
13426.851,,qwen3.5:0.8b,run3_p6,102.50,60.0,,,on
13427.378,,qwen3.5:0.8b,run3_p6,101.91,60.0,,,on
13427.908,,qwen3.5:0.8b,run3_p6,101.80,60.0,,,on
13428.436,,qwen3.5:0.8b,run3_p6,102.42,61.0,,,on
13428.966,,qwen3.5:0.8b,run3_p6,102.33,60.0,,,on
13429.494,,qwen3.5:0.8b,run3_p6,102.21,61.0,,,on
13430.018,,qwen3.5:0.8b,run3_p6,102.18,60.0,,,on
13430.545,,qwen3.5:0.8b,run3_p6,101.22,60.0,,,on
13431.070,,qwen3.5:0.8b,run3_p6,101.17,61.0,,,on
13431.603,,qwen3.5:0.8b,run3_p6,101.61,61.0,,,on
13432.128,,qwen3.5:0.8b,run3_p6,101.40,60.0,,,on
13432.653,,qwen3.5:0.8b,run3_p6,101.59,61.0,,,on
13433.181,,qwen3.5:0.8b,run3_p6,102.12,60.0,,,on
13433.707,,qwen3.5:0.8b,run3_p6,101.74,61.0,,,on
13434.232,,qwen3.5:0.8b,run3_p6,101.66,61.0,,,on
13434.758,,qwen3.5:0.8b,run3_p6,102.13,61.0,,,on
13435.284,,qwen3.5:0.8b,run3_p6,102.78,61.0,,,on
13435.809,,qwen3.5:0.8b,run3_p6,103.24,60.0,,,on
13436.333,,qwen3.5:0.8b,run3_p6,101.92,60.0,,,on
13436.857,,qwen3.5:0.8b,run3_p6,100.72,60.0,,,on
13437.384,,qwen3.5:0.8b,run3_p6,100.87,60.0,,,on
13437.908,,qwen3.5:0.8b,run3_p6,101.58,60.0,,,on
13438.432,,qwen3.5:0.8b,run3_p6,101.71,61.0,,,on
13438.955,,qwen3.5:0.8b,run3_p6,102.01,61.0,,,on
13439.482,,qwen3.5:0.8b,run3_p6,102.00,60.0,,,on
13440.009,,qwen3.5:0.8b,run3_p6,101.67,60.0,,,on
13440.549,,qwen3.5:0.8b,run3_p6,101.73,60.0,,,on
13441.075,,qwen3.5:0.8b,run3_p6,101.34,61.0,,,on
13441.601,,qwen3.5:0.8b,run3_p6,101.97,61.0,,,on
13442.127,,qwen3.5:0.8b,run3_p6,101.98,61.0,,,on
13442.649,,qwen3.5:0.8b,run3_p6,102.04,60.0,,,on
13443.175,,qwen3.5:0.8b,run3_p6,102.49,61.0,,,on
13443.706,,qwen3.5:0.8b,run3_p6,102.16,61.0,,,on
13444.232,,qwen3.5:0.8b,run3_p6,101.71,61.0,,,on
13444.757,,qwen3.5:0.8b,run3_p6,101.72,60.0,,,on
13445.290,,qwen3.5:0.8b,run3_p6,102.00,61.0,,,on
13445.818,,qwen3.5:0.8b,run3_p6,101.90,60.0,,,on
13446.342,,qwen3.5:0.8b,run3_p6,101.21,61.0,,,on
13446.870,,qwen3.5:0.8b,run3_p6,101.49,61.0,,,on
13447.395,,qwen3.5:0.8b,run3_p6,101.32,60.0,,,on
13447.925,,qwen3.5:0.8b,run3_p6,100.58,60.0,,,on
13448.452,,qwen3.5:0.8b,run3_p6,101.80,60.0,,,on
13449.010,,qwen3.5:0.8b,run3_p6,101.73,60.0,,,on
13449.533,,qwen3.5:0.8b,run3_p6,101.58,62.0,,,on
13450.059,,qwen3.5:0.8b,run3_p6,101.56,61.0,,,on
13450.584,,qwen3.5:0.8b,run3_p7,85.68,60.0,,,on
13451.127,,qwen3.5:0.8b,run3_p7,75.84,53.0,,,on
13451.653,,qwen3.5:0.8b,run3_p7,85.53,60.0,,,on
13452.179,,qwen3.5:0.8b,run3_p7,100.28,60.0,,,on
13452.707,,qwen3.5:0.8b,run3_p7,100.00,60.0,,,on
13453.233,,qwen3.5:0.8b,run3_p7,100.10,60.0,,,on
13453.760,,qwen3.5:0.8b,run3_p7,100.43,60.0,,,on
13454.287,,qwen3.5:0.8b,run3_p7,100.13,60.0,,,on
13454.814,,qwen3.5:0.8b,run3_p7,100.38,60.0,,,on
13455.337,,qwen3.5:0.8b,run3_p7,100.53,60.0,,,on
13455.864,,qwen3.5:0.8b,run3_p7,100.32,60.0,,,on
13456.389,,qwen3.5:0.8b,run3_p7,100.12,60.0,,,on
13456.915,,qwen3.5:0.8b,run3_p7,100.37,60.0,,,on
13457.441,,qwen3.5:0.8b,run3_p7,100.79,60.0,,,on
13457.970,,qwen3.5:0.8b,run3_p7,101.14,61.0,,,on
13458.501,,qwen3.5:0.8b,run3_p7,100.95,60.0,,,on
13459.028,,qwen3.5:0.8b,run3_p7,100.27,60.0,,,on
13459.553,,qwen3.5:0.8b,run3_p7,100.48,60.0,,,on
13460.079,,qwen3.5:0.8b,run3_p7,101.12,60.0,,,on
13460.625,,qwen3.5:0.8b,run3_p7,100.68,60.0,,,on
13461.152,,qwen3.5:0.8b,run3_p7,100.74,60.0,,,on
13461.679,,qwen3.5:0.8b,run3_p7,100.82,60.0,,,on
13462.206,,qwen3.5:0.8b,run3_p7,101.15,60.0,,,on
13462.734,,qwen3.5:0.8b,run3_p7,101.33,60.0,,,on
13463.263,,qwen3.5:0.8b,run3_p7,100.85,60.0,,,on
13463.832,,qwen3.5:0.8b,run3_p8,85.75,55.0,,,on
13464.362,,qwen3.5:0.8b,run3_p8,76.28,58.0,,,on
13464.890,,qwen3.5:0.8b,run3_p8,89.37,60.0,,,on
13465.419,,qwen3.5:0.8b,run3_p8,100.27,60.0,,,on
13465.943,,qwen3.5:0.8b,run3_p8,100.56,60.0,,,on
13466.467,,qwen3.5:0.8b,run3_p8,100.13,60.0,,,on
13466.993,,qwen3.5:0.8b,run3_p8,99.98,60.0,,,on
13467.519,,qwen3.5:0.8b,run3_p8,99.93,59.0,,,on
13468.046,,qwen3.5:0.8b,run3_p8,100.15,60.0,,,on
13468.574,,qwen3.5:0.8b,run3_p8,100.22,60.0,,,on
13469.099,,qwen3.5:0.8b,run3_p8,100.56,60.0,,,on
13469.624,,qwen3.5:0.8b,run3_p8,100.31,60.0,,,on
13470.150,,qwen3.5:0.8b,run3_p8,99.32,60.0,,,on
13470.678,,qwen3.5:0.8b,run3_p8,99.70,60.0,,,on
13471.210,,qwen3.5:0.8b,run3_p8,100.54,60.0,,,on
13471.737,,qwen3.5:0.8b,run3_p8,100.71,60.0,,,on
13472.261,,qwen3.5:0.8b,run3_p8,100.26,60.0,,,on
13472.787,,qwen3.5:0.8b,run3_p8,100.33,60.0,,,on
13473.312,,qwen3.5:0.8b,run3_p8,101.18,60.0,,,on
13473.837,,qwen3.5:0.8b,run3_p8,101.10,60.0,,,on
13474.361,,qwen3.5:0.8b,run3_p8,101.33,60.0,,,on
13474.886,,qwen3.5:0.8b,run3_p8,101.02,60.0,,,on
13475.409,,qwen3.5:0.8b,run3_p8,100.99,60.0,,,on
13475.932,,qwen3.5:0.8b,run3_p8,101.25,59.0,,,on
13476.457,,qwen3.5:0.8b,run3_p9,79.06,56.0,,,on
13476.987,,qwen3.5:0.8b,run3_p9,66.89,53.0,,,on
13477.515,,qwen3.5:0.8b,run3_p9,88.26,59.0,,,on
13478.041,,qwen3.5:0.8b,run3_p9,100.02,60.0,,,on
13478.565,,qwen3.5:0.8b,run3_p9,100.51,60.0,,,on
13479.089,,qwen3.5:0.8b,run3_p9,100.90,60.0,,,on
13479.613,,qwen3.5:0.8b,run3_p9,101.22,60.0,,,on
13480.137,,qwen3.5:0.8b,run3_p9,100.97,60.0,,,on
13480.662,,qwen3.5:0.8b,run3_p9,100.45,60.0,,,on
13481.188,,qwen3.5:0.8b,run3_p9,100.68,60.0,,,on
13481.713,,qwen3.5:0.8b,run3_p9,101.33,60.0,,,on
13482.236,,qwen3.5:0.8b,run3_p9,101.28,60.0,,,on
13482.760,,qwen3.5:0.8b,run3_p9,101.51,60.0,,,on
13483.284,,qwen3.5:0.8b,run3_p9,101.34,60.0,,,on
13483.807,,qwen3.5:0.8b,run3_p9,101.31,60.0,,,on
13484.329,,qwen3.5:0.8b,run3_p9,101.95,60.0,,,on
13484.854,,qwen3.5:0.8b,run3_p9,101.63,60.0,,,on
13485.378,,qwen3.5:0.8b,run3_p9,101.21,60.0,,,on
13485.903,,qwen3.5:0.8b,run3_p9,101.14,60.0,,,on
13486.429,,qwen3.5:0.8b,run3_p9,100.56,60.0,,,on
13486.957,,qwen3.5:0.8b,run3_p9,100.91,60.0,,,on
13487.482,,qwen3.5:0.8b,run3_p9,100.57,59.0,,,on
13488.008,,qwen3.5:0.8b,run3_p9,100.78,60.0,,,on
13488.538,,qwen3.5:0.8b,run3_p9,101.68,60.0,,,on
13489.067,,qwen3.5:0.8b,run3_p9,101.70,60.0,,,on
13489.591,,qwen3.5:0.8b,run3_p9,101.62,60.0,,,on
13490.119,,qwen3.5:0.8b,run3_p9,101.17,60.0,,,on
13490.644,,qwen3.5:0.8b,run3_p9,101.58,61.0,,,on
13491.172,,qwen3.5:0.8b,run3_p9,101.74,60.0,,,on
13491.699,,qwen3.5:0.8b,run3_p9,101.71,60.0,,,on
13492.223,,qwen3.5:0.8b,run3_p9,101.37,60.0,,,on
13492.756,,qwen3.5:0.8b,run3_p9,101.38,60.0,,,on
13493.283,,qwen3.5:0.8b,run3_p9,101.51,60.0,,,on
13493.807,,qwen3.5:0.8b,run3_p9,101.66,60.0,,,on
13494.332,,qwen3.5:0.8b,run3_p9,101.88,60.0,,,on
13494.858,,qwen3.5:0.8b,run3_p9,101.64,60.0,,,on
13495.382,,qwen3.5:0.8b,run3_p9,101.84,61.0,,,on
13495.905,,qwen3.5:0.8b,run3_p9,102.23,60.0,,,on
13496.429,,qwen3.5:0.8b,run3_p9,102.23,60.0,,,on
13496.952,,qwen3.5:0.8b,run3_p9,102.35,60.0,,,on
13497.476,,qwen3.5:0.8b,run3_p9,102.00,60.0,,,on
13497.999,,qwen3.5:0.8b,run3_p9,101.55,60.0,,,on
13498.522,,qwen3.5:0.8b,run3_p9,101.43,60.0,,,on
13499.047,,qwen3.5:0.8b,run3_p9,101.98,60.0,,,on
13499.571,,qwen3.5:0.8b,run3_p9,102.30,60.0,,,on
13500.095,,qwen3.5:0.8b,run3_p9,102.22,60.0,,,on
13500.621,,qwen3.5:0.8b,run3_p9,102.42,60.0,,,on
13501.154,,qwen3.5:0.8b,run3_p9,102.28,60.0,,,on
13501.679,,qwen3.5:0.8b,run3_p9,102.27,60.0,,,on
13502.204,,qwen3.5:0.8b,run3_p9,102.53,60.0,,,on
13502.742,,qwen3.5:0.8b,run3_p9,103.47,61.0,,,on
13503.267,,qwen3.5:0.8b,run3_p9,104.08,61.0,,,on
13503.792,,qwen3.5:0.8b,run3_p9,102.57,60.0,,,on
13504.317,,qwen3.5:0.8b,run3_p9,101.47,60.0,,,on
13504.847,,qwen3.5:0.8b,run3_p9,101.52,61.0,,,on
13505.373,,qwen3.5:0.8b,run3_p9,101.68,60.0,,,on
13505.899,,qwen3.5:0.8b,run3_p9,101.84,60.0,,,on
13506.425,,qwen3.5:0.8b,run3_p9,101.02,60.0,,,on
13506.956,,qwen3.5:0.8b,run3_p9,100.90,60.0,,,on
13507.481,,qwen3.5:0.8b,run3_p9,101.39,60.0,,,on
13508.010,,qwen3.5:0.8b,run3_p9,101.53,60.0,,,on
13508.534,,qwen3.5:0.8b,run3_p9,102.22,60.0,,,on
13509.060,,qwen3.5:0.8b,run3_p9,102.41,60.0,,,on
13509.586,,qwen3.5:0.8b,run3_p9,101.58,60.0,,,on
13510.110,,qwen3.5:0.8b,run3_p9,101.38,60.0,,,on
13510.635,,qwen3.5:0.8b,run3_p9,101.42,60.0,,,on
13511.161,,qwen3.5:0.8b,run3_p9,101.17,61.0,,,on
13511.685,,qwen3.5:0.8b,run3_p9,101.03,61.0,,,on
13512.216,,qwen3.5:0.8b,run3_p9,101.11,60.0,,,on
13512.740,,qwen3.5:0.8b,run3_p9,101.04,60.0,,,on
13513.264,,qwen3.5:0.8b,run3_p9,101.08,60.0,,,on
13513.789,,qwen3.5:0.8b,run3_p9,100.82,60.0,,,on
13514.316,,qwen3.5:0.8b,run3_p9,101.58,61.0,,,on
13514.850,,qwen3.5:0.8b,run3_p9,101.42,60.0,,,on
13515.373,,qwen3.5:0.8b,run3_p9,100.93,60.0,,,on
13515.904,,qwen3.5:0.8b,run3_p9,101.08,60.0,,,on
13516.437,,qwen3.5:0.8b,run3_p9,102.31,63.0,,,on
13516.965,,qwen3.5:0.8b,run3_p9,101.50,61.0,,,on
13517.494,,qwen3.5:0.8b,run3_p9,100.01,60.0,,,on
13518.019,,qwen3.5:0.8b,run3_p9,101.10,59.0,,,on
13518.556,,qwen3.5:0.8b,run3_p9,101.13,61.0,,,on
13519.089,,qwen3.5:0.8b,run3_p10,75.69,54.0,,,on
13519.613,,qwen3.5:0.8b,run3_p10,66.59,57.0,,,on
13520.139,,qwen3.5:0.8b,run3_p10,86.00,59.0,,,on
13520.669,,qwen3.5:0.8b,run3_p10,99.69,60.0,,,on
13521.194,,qwen3.5:0.8b,run3_p10,99.90,60.0,,,on
13521.720,,qwen3.5:0.8b,run3_p10,100.12,60.0,,,on
13522.245,,qwen3.5:0.8b,run3_p10,100.20,60.0,,,on
13522.769,,qwen3.5:0.8b,run3_p11,100.10,60.0,,,on
13523.295,,qwen3.5:0.8b,run3_p11,92.17,55.0,,,on
13523.822,,qwen3.5:0.8b,run3_p11,92.40,59.0,,,on
13524.348,,qwen3.5:0.8b,run3_p11,100.07,60.0,,,on
13524.875,,qwen3.5:0.8b,run3_p11,99.67,59.0,,,on
13525.399,,qwen3.5:0.8b,run3_p11,100.29,59.0,,,on
13525.922,,qwen3.5:0.8b,run3_p11,100.15,60.0,,,on
13526.453,,qwen3.5:0.8b,run3_p11,99.54,60.0,,,on
13526.980,,qwen3.5:0.8b,run3_p11,99.97,60.0,,,on
13527.506,,qwen3.5:0.8b,run3_p11,100.39,60.0,,,on
13528.032,,qwen3.5:0.8b,run3_p11,100.07,60.0,,,on
13528.560,,qwen3.5:0.8b,run3_p11,100.69,60.0,,,on
13529.086,,qwen3.5:0.8b,run3_p11,101.00,60.0,,,on
13529.613,,qwen3.5:0.8b,run3_p11,100.74,60.0,,,on
13530.140,,qwen3.5:0.8b,run3_p11,100.43,59.0,,,on
13530.663,,qwen3.5:0.8b,run3_p11,100.56,60.0,,,on
13531.189,,qwen3.5:0.8b,run3_p11,100.63,60.0,,,on
13531.713,,qwen3.5:0.8b,run3_p11,100.64,60.0,,,on
13532.240,,qwen3.5:0.8b,run3_p11,100.54,60.0,,,on
13532.765,,qwen3.5:0.8b,run3_p11,100.26,60.0,,,on
13533.291,,qwen3.5:0.8b,run3_p11,100.25,60.0,,,on
13533.825,,qwen3.5:0.8b,run3_p11,100.47,60.0,,,on
13534.350,,qwen3.5:0.8b,run3_p11,100.57,60.0,,,on
13534.878,,qwen3.5:0.8b,run3_p11,101.02,60.0,,,on
13535.405,,qwen3.5:0.8b,run3_p11,100.12,60.0,,,on
13535.931,,qwen3.5:0.8b,run3_p11,99.63,60.0,,,on
13536.453,,qwen3.5:0.8b,run3_p11,100.76,60.0,,,on
13536.979,,qwen3.5:0.8b,run3_p11,101.34,60.0,,,on
13537.504,,qwen3.5:0.8b,run3_p11,101.23,60.0,,,on
13538.032,,qwen3.5:0.8b,run3_p11,101.37,60.0,,,on
13538.559,,qwen3.5:0.8b,run3_p11,101.55,61.0,,,on
13539.082,,qwen3.5:0.8b,run3_p11,101.65,60.0,,,on
13539.605,,qwen3.5:0.8b,run3_p11,100.85,60.0,,,on
13540.128,,qwen3.5:0.8b,run3_p11,100.96,60.0,,,on
13540.653,,qwen3.5:0.8b,run3_p11,101.85,60.0,,,on
13541.180,,qwen3.5:0.8b,run3_p11,101.32,60.0,,,on
13541.705,,qwen3.5:0.8b,run3_p11,101.13,60.0,,,on
13542.230,,qwen3.5:0.8b,run3_p11,101.42,60.0,,,on
13542.753,,qwen3.5:0.8b,run3_p11,100.78,60.0,,,on
13543.277,,qwen3.5:0.8b,run3_p11,100.74,60.0,,,on
13543.803,,qwen3.5:0.8b,run3_p11,100.75,60.0,,,on
13544.328,,qwen3.5:0.8b,run3_p11,100.97,60.0,,,on
13544.854,,qwen3.5:0.8b,run3_p11,101.11,60.0,,,on
13545.381,,qwen3.5:0.8b,run3_p11,101.45,61.0,,,on
13545.907,,qwen3.5:0.8b,run3_p11,101.18,60.0,,,on
13546.430,,qwen3.5:0.8b,run3_p11,101.24,60.0,,,on
13546.956,,qwen3.5:0.8b,run3_p11,101.77,60.0,,,on
13547.486,,qwen3.5:0.8b,run3_p11,101.63,61.0,,,on
13548.018,,qwen3.5:0.8b,run3_p11,102.03,60.0,,,on
13548.545,,qwen3.5:0.8b,run3_p11,101.51,60.0,,,on
13549.074,,qwen3.5:0.8b,run3_p11,100.89,60.0,,,on
13549.603,,qwen3.5:0.8b,run3_p11,103.53,58.0,,,on
13550.128,,qwen3.5:0.8b,run3_p11,103.70,61.0,,,on
13550.657,,qwen3.5:0.8b,run3_p11,100.42,61.0,,,on
13551.182,,qwen3.5:0.8b,run3_p11,100.20,60.0,,,on
13551.707,,qwen3.5:0.8b,run3_p11,100.90,60.0,,,on
13552.238,,qwen3.5:0.8b,run3_p11,101.24,60.0,,,on
13552.766,,qwen3.5:0.8b,run3_p11,100.68,61.0,,,on
13553.290,,qwen3.5:0.8b,run3_p11,100.67,61.0,,,on
13553.817,,qwen3.5:0.8b,run3_p11,100.53,60.0,,,on
13554.341,,qwen3.5:0.8b,run3_p11,101.00,60.0,,,on
13554.867,,qwen3.5:0.8b,run3_p11,101.72,60.0,,,on
13555.393,,qwen3.5:0.8b,run3_p11,101.67,60.0,,,on
13555.919,,qwen3.5:0.8b,run3_p11,101.73,61.0,,,on
13556.444,,qwen3.5:0.8b,run3_p11,101.88,60.0,,,on
13556.967,,qwen3.5:0.8b,run3_p11,101.94,60.0,,,on
13557.493,,qwen3.5:0.8b,run3_p11,102.02,60.0,,,on
13558.020,,qwen3.5:0.8b,run3_p11,101.74,61.0,,,on
13558.542,,qwen3.5:0.8b,run3_p11,101.57,60.0,,,on
13559.067,,qwen3.5:0.8b,run3_p11,101.40,60.0,,,on
13559.608,,qwen3.5:0.8b,run3_p11,101.37,60.0,,,on
13560.139,,qwen3.5:0.8b,run3_p11,101.89,60.0,,,on
13560.671,,qwen3.5:0.8b,run3_p11,101.64,60.0,,,on
13561.195,,qwen3.5:0.8b,run3_p11,101.64,60.0,,,on
13561.720,,qwen3.5:0.8b,run3_p11,101.19,61.0,,,on
13562.244,,qwen3.5:0.8b,run3_p11,101.10,59.0,,,on
13562.770,,qwen3.5:0.8b,run3_p11,101.13,60.0,,,on
13563.295,,qwen3.5:0.8b,run3_p11,102.77,60.0,,,on
13563.818,,qwen3.5:0.8b,run3_p11,103.11,60.0,,,on
13564.347,,qwen3.5:0.8b,run3_p12,80.80,54.0,,,on
13564.871,,qwen3.5:0.8b,run3_p12,70.60,58.0,,,on
13565.394,,qwen3.5:0.8b,run3_p12,86.03,60.0,,,on
13565.918,,qwen3.5:0.8b,run3_p12,100.71,60.0,,,on
13566.444,,qwen3.5:0.8b,run3_p12,100.42,60.0,,,on
13566.972,,qwen3.5:0.8b,run3_p12,100.38,60.0,,,on
13567.494,,qwen3.5:0.8b,run3_p12,100.59,60.0,,,on
13568.020,,qwen3.5:0.8b,run3_p12,100.63,60.0,,,on
13568.544,,qwen3.5:0.8b,run3_p12,100.57,60.0,,,on
13569.069,,qwen3.5:0.8b,run3_p12,101.24,60.0,,,on
13569.594,,qwen3.5:0.8b,run3_p12,101.32,61.0,,,on
13570.122,,qwen3.5:0.8b,run3_p12,100.96,60.0,,,on
13570.652,,qwen3.5:0.8b,run3_p12,100.83,60.0,,,on
13571.175,,qwen3.5:0.8b,run3_p12,101.20,60.0,,,on
13571.698,,qwen3.5:0.8b,run3_p12,101.43,60.0,,,on
13572.225,,qwen3.5:0.8b,run3_p12,101.34,60.0,,,on
13572.750,,qwen3.5:0.8b,run3_p12,101.17,60.0,,,on
13573.273,,qwen3.5:0.8b,run3_p12,101.14,60.0,,,on
13573.801,,qwen3.5:0.8b,run3_p12,101.09,60.0,,,on
13574.330,,qwen3.5:0.8b,run3_p12,100.96,60.0,,,on
13574.854,,qwen3.5:0.8b,run3_p12,101.06,61.0,,,on
13575.379,,qwen3.5:0.8b,run3_p12,101.37,60.0,,,on
13575.902,,qwen3.5:0.8b,run3_p12,101.17,60.0,,,on
13576.428,,qwen3.5:0.8b,run3_p12,100.99,61.0,,,on
13576.953,,qwen3.5:0.8b,run3_p12,101.07,60.0,,,on
13577.477,,qwen3.5:0.8b,run3_p12,101.71,60.0,,,on
13578.001,,qwen3.5:0.8b,run3_p12,101.92,60.0,,,on
13578.529,,qwen3.5:0.8b,run3_p12,101.47,60.0,,,on
13579.053,,qwen3.5:0.8b,run3_p12,100.86,60.0,,,on
13579.579,,qwen3.5:0.8b,run3_p12,100.73,60.0,,,on
13580.106,,qwen3.5:0.8b,run3_p12,101.17,60.0,,,on
13580.628,,qwen3.5:0.8b,run3_p12,101.51,60.0,,,on
13581.154,,qwen3.5:0.8b,run3_p12,101.36,60.0,,,on
13581.682,,qwen3.5:0.8b,run3_p12,101.49,61.0,,,on
13582.206,,qwen3.5:0.8b,run3_p12,102.09,60.0,,,on
13582.732,,qwen3.5:0.8b,run3_p12,101.88,60.0,,,on
13583.258,,qwen3.5:0.8b,run3_p12,101.36,61.0,,,on
13583.792,,qwen3.5:0.8b,run3_p12,101.16,61.0,,,on
13584.319,,qwen3.5:0.8b,run3_p12,101.51,60.0,,,on
13584.850,,qwen3.5:0.8b,run3_p12,101.75,60.0,,,on
13585.375,,qwen3.5:0.8b,run3_p12,102.35,61.0,,,on
13585.903,,qwen3.5:0.8b,run3_p12,102.13,60.0,,,on
13586.429,,qwen3.5:0.8b,run3_p12,101.84,60.0,,,on
13586.952,,qwen3.5:0.8b,run3_p12,101.43,60.0,,,on
13587.476,,qwen3.5:0.8b,run3_p12,101.59,61.0,,,on
13588.000,,qwen3.5:0.8b,run3_p12,101.97,61.0,,,on
13588.523,,qwen3.5:0.8b,run3_p12,101.95,61.0,,,on
13589.047,,qwen3.5:0.8b,run3_p12,102.09,61.0,,,on
13589.574,,qwen3.5:0.8b,run3_p12,102.17,61.0,,,on
13590.097,,qwen3.5:0.8b,run3_p12,102.39,61.0,,,on
13590.649,,qwen3.5:0.8b,run3_p12,102.48,61.0,,,on
13591.173,,qwen3.5:0.8b,run3_p12,103.03,61.0,,,on
13591.696,,qwen3.5:0.8b,run3_p12,102.22,60.0,,,on
13592.219,,qwen3.5:0.8b,run3_p12,100.94,61.0,,,on
13592.742,,qwen3.5:0.8b,run3_p12,100.96,61.0,,,on
13593.265,,qwen3.5:0.8b,run3_p12,101.74,61.0,,,on
13593.792,,qwen3.5:0.8b,run3_p12,102.05,61.0,,,on
13594.318,,qwen3.5:0.8b,run3_p12,102.09,61.0,,,on
13594.869,,qwen3.5:0.8b,run3_p13,83.32,61.0,,,on
13595.396,,qwen3.5:0.8b,run3_p13,75.92,53.0,,,on
13595.921,,qwen3.5:0.8b,run3_p13,92.44,60.0,,,on
13596.444,,qwen3.5:0.8b,run3_p13,100.83,60.0,,,on
13596.968,,qwen3.5:0.8b,run3_p13,100.68,60.0,,,on
13597.492,,qwen3.5:0.8b,run3_p13,100.38,60.0,,,on
13598.020,,qwen3.5:0.8b,run3_p13,100.73,60.0,,,on
13598.546,,qwen3.5:0.8b,run3_p13,100.90,60.0,,,on
13599.070,,qwen3.5:0.8b,run3_p13,101.02,60.0,,,on
13599.594,,qwen3.5:0.8b,run3_p13,101.23,60.0,,,on
13600.120,,qwen3.5:0.8b,run3_p13,101.17,61.0,,,on
13600.644,,qwen3.5:0.8b,run3_p13,101.19,61.0,,,on
13601.167,,qwen3.5:0.8b,run3_p13,101.60,60.0,,,on
13601.690,,qwen3.5:0.8b,run3_p13,101.57,60.0,,,on
13602.214,,qwen3.5:0.8b,run3_p13,101.58,60.0,,,on
13602.740,,qwen3.5:0.8b,run3_p13,101.81,61.0,,,on
13603.264,,qwen3.5:0.8b,run3_p13,101.25,60.0,,,on
13603.787,,qwen3.5:0.8b,run3_p13,101.09,60.0,,,on
13604.314,,qwen3.5:0.8b,run3_p13,101.33,61.0,,,on
13604.865,,qwen3.5:0.8b,run3_p13,101.48,60.0,,,on
13605.392,,qwen3.5:0.8b,run3_p13,101.50,60.0,,,on
13605.916,,qwen3.5:0.8b,run3_p13,101.15,60.0,,,on
13606.446,,qwen3.5:0.8b,run3_p13,101.25,60.0,,,on
13606.970,,qwen3.5:0.8b,run3_p13,101.29,60.0,,,on
13607.492,,qwen3.5:0.8b,run3_p13,101.63,60.0,,,on
13608.015,,qwen3.5:0.8b,run3_p13,101.50,60.0,,,on
13608.543,,qwen3.5:0.8b,run3_p13,100.86,60.0,,,on
13609.067,,qwen3.5:0.8b,run3_p13,101.09,60.0,,,on
13609.602,,qwen3.5:0.8b,run3_p13,101.32,60.0,,,on
13610.135,,qwen3.5:0.8b,run3_p13,101.37,60.0,,,on
13610.661,,qwen3.5:0.8b,run3_p13,101.64,60.0,,,on
13611.244,,qwen3.5:0.8b,run3_p13,101.95,61.0,,,on
13611.769,,qwen3.5:0.8b,run3_p13,101.96,60.0,,,on
13612.294,,qwen3.5:0.8b,run3_p13,102.14,60.0,,,on
13612.819,,qwen3.5:0.8b,run3_p13,101.71,61.0,,,on
13613.346,,qwen3.5:0.8b,run3_p13,101.66,61.0,,,on
13613.872,,qwen3.5:0.8b,run3_p13,102.31,61.0,,,on
13614.398,,qwen3.5:0.8b,run3_p13,102.12,60.0,,,on
13614.926,,qwen3.5:0.8b,run3_p13,101.54,60.0,,,on
13615.453,,qwen3.5:0.8b,run3_p13,101.70,60.0,,,on
13615.978,,qwen3.5:0.8b,run3_p13,101.99,60.0,,,on
13616.509,,qwen3.5:0.8b,run3_p13,101.28,61.0,,,on
13617.033,,qwen3.5:0.8b,run3_p13,101.82,61.0,,,on
13617.558,,qwen3.5:0.8b,run3_p13,102.56,60.0,,,on
13618.081,,qwen3.5:0.8b,run3_p13,102.53,61.0,,,on
13618.608,,qwen3.5:0.8b,run3_p13,102.58,61.0,,,on
13619.138,,qwen3.5:0.8b,run3_p13,102.84,61.0,,,on
13619.665,,qwen3.5:0.8b,run3_p13,102.22,60.0,,,on
13620.193,,qwen3.5:0.8b,run3_p13,101.50,60.0,,,on
13620.718,,qwen3.5:0.8b,run3_p13,101.24,60.0,,,on
13621.264,,qwen3.5:0.8b,run3_p13,103.68,61.0,,,on
13621.793,,qwen3.5:0.8b,run3_p13,103.88,61.0,,,on
13622.319,,qwen3.5:0.8b,run3_p13,100.85,60.0,,,on
13622.845,,qwen3.5:0.8b,run3_p13,100.52,60.0,,,on
13623.373,,qwen3.5:0.8b,run3_p13,100.75,60.0,,,on
13623.898,,qwen3.5:0.8b,run3_p13,100.48,60.0,,,on
13624.448,,qwen3.5:0.8b,run3_p13,100.82,60.0,,,on
13624.972,,qwen3.5:0.8b,run3_p13,101.61,61.0,,,on
13625.497,,qwen3.5:0.8b,run3_p13,101.89,60.0,,,on
13626.026,,qwen3.5:0.8b,run3_p13,101.99,60.0,,,on
13626.557,,qwen3.5:0.8b,run3_p13,101.53,61.0,,,on
13627.081,,qwen3.5:0.8b,run3_p13,101.08,60.0,,,on
13627.604,,qwen3.5:0.8b,run3_p13,101.09,60.0,,,on
13628.137,,qwen3.5:0.8b,run3_p13,101.54,61.0,,,on
13628.664,,qwen3.5:0.8b,run3_p13,101.48,60.0,,,on
13629.194,,qwen3.5:0.8b,run3_p13,101.82,60.0,,,on
13629.719,,qwen3.5:0.8b,run3_p13,101.88,61.0,,,on
13630.242,,qwen3.5:0.8b,run3_p13,101.57,61.0,,,on
13630.765,,qwen3.5:0.8b,run3_p13,102.21,60.0,,,on
13631.288,,qwen3.5:0.8b,run3_p13,102.02,60.0,,,on
13631.812,,qwen3.5:0.8b,run3_p13,101.13,61.0,,,on
13632.339,,qwen3.5:0.8b,run3_p13,101.13,61.0,,,on
13632.865,,qwen3.5:0.8b,run3_p13,101.55,61.0,,,on
13633.391,,qwen3.5:0.8b,run3_p13,101.43,61.0,,,on
13633.913,,qwen3.5:0.8b,run3_p13,101.28,61.0,,,on
13634.440,,qwen3.5:0.8b,run3_p13,101.28,60.0,,,on
13634.965,,qwen3.5:0.8b,run3_p13,100.40,61.0,,,on
13635.491,,qwen3.5:0.8b,run3_p13,100.81,60.0,,,on
13636.016,,qwen3.5:0.8b,run3_p13,101.22,60.0,,,on
13636.540,,qwen3.5:0.8b,run3_p13,100.77,60.0,,,on
13637.065,,qwen3.5:0.8b,run3_p13,101.72,61.0,,,on
13637.588,,qwen3.5:0.8b,run3_p13,101.98,60.0,,,on
13638.113,,qwen3.5:0.8b,run3_p13,101.57,60.0,,,on
13638.638,,qwen3.5:0.8b,run3_p13,101.79,60.0,,,on
13639.162,,qwen3.5:0.8b,run3_p13,101.90,61.0,,,on
13639.690,,qwen3.5:0.8b,run3_p13,101.76,60.0,,,on
13640.216,,qwen3.5:0.8b,run3_p13,100.86,61.0,,,on
13640.740,,qwen3.5:0.8b,run3_p13,101.60,60.0,,,on
13641.265,,qwen3.5:0.8b,run3_p13,102.43,61.0,,,on
13641.792,,qwen3.5:0.8b,run3_p13,101.98,60.0,,,on
13642.316,,qwen3.5:0.8b,run3_p13,101.19,60.0,,,on
13642.847,,qwen3.5:0.8b,run3_p13,101.09,60.0,,,on
13643.371,,qwen3.5:0.8b,run3_p13,101.13,60.0,,,on
13643.898,,qwen3.5:0.8b,run3_p13,101.83,61.0,,,on
13644.422,,qwen3.5:0.8b,run3_p13,101.73,61.0,,,on
13644.948,,qwen3.5:0.8b,run3_p13,100.80,60.0,,,on
13645.471,,qwen3.5:0.8b,run3_p13,99.90,60.0,,,on
13646.000,,qwen3.5:0.8b,run3_p13,99.84,60.0,,,on
13646.525,,qwen3.5:0.8b,run3_p13,100.63,60.0,,,on
13647.050,,qwen3.5:0.8b,run3_p13,100.37,60.0,,,on
13647.573,,qwen3.5:0.8b,run3_p13,100.69,59.0,,,on
13648.100,,qwen3.5:0.8b,run3_p13,101.45,61.0,,,on
13648.633,,qwen3.5:0.8b,run3_p13,103.31,60.0,,,on
13649.158,,qwen3.5:0.8b,run3_p13,102.41,61.0,,,on
13649.684,,qwen3.5:0.8b,run3_p13,99.79,61.0,,,on
13650.210,,qwen3.5:0.8b,run3_p14,78.86,60.0,,,on
13650.735,,qwen3.5:0.8b,run3_p14,67.70,53.0,,,on
13651.263,,qwen3.5:0.8b,run3_p14,88.71,60.0,,,on
13651.793,,qwen3.5:0.8b,run3_p14,100.37,60.0,,,on
13652.317,,qwen3.5:0.8b,run3_p14,100.41,60.0,,,on
13652.846,,qwen3.5:0.8b,run3_p14,100.86,60.0,,,on
13653.372,,qwen3.5:0.8b,run3_p14,101.37,60.0,,,on
13653.896,,qwen3.5:0.8b,run3_p14,101.04,60.0,,,on
13654.422,,qwen3.5:0.8b,run3_p14,100.75,60.0,,,on
13654.949,,qwen3.5:0.8b,run3_p14,100.66,61.0,,,on
13655.475,,qwen3.5:0.8b,run3_p14,101.03,60.0,,,on
13655.999,,qwen3.5:0.8b,run3_p14,100.98,60.0,,,on
13656.526,,qwen3.5:0.8b,run3_p14,100.66,60.0,,,on
13657.050,,qwen3.5:0.8b,run3_p14,100.25,60.0,,,on
13657.576,,qwen3.5:0.8b,run3_p14,100.50,60.0,,,on
13658.098,,qwen3.5:0.8b,run3_p14,101.02,60.0,,,on
13658.622,,qwen3.5:0.8b,run3_p14,101.45,60.0,,,on
13659.146,,qwen3.5:0.8b,run3_p14,101.57,61.0,,,on
13659.669,,qwen3.5:0.8b,run3_p14,101.57,60.0,,,on
13660.195,,qwen3.5:0.8b,run3_p14,101.01,61.0,,,on
13660.720,,qwen3.5:0.8b,run3_p14,101.21,61.0,,,on
13661.244,,qwen3.5:0.8b,run3_p14,101.01,60.0,,,on
13661.773,,qwen3.5:0.8b,run3_p14,100.20,60.0,,,on
13662.298,,qwen3.5:0.8b,run3_p14,100.84,60.0,,,on
13662.823,,qwen3.5:0.8b,run3_p14,101.23,60.0,,,on
13663.348,,qwen3.5:0.8b,run3_p14,101.09,61.0,,,on
13663.873,,qwen3.5:0.8b,run3_p14,100.92,60.0,,,on
13664.398,,qwen3.5:0.8b,run3_p14,101.11,60.0,,,on
13664.922,,qwen3.5:0.8b,run3_p14,101.32,60.0,,,on
13665.451,,qwen3.5:0.8b,run3_p14,101.31,61.0,,,on
13665.976,,qwen3.5:0.8b,run3_p14,101.39,60.0,,,on
13666.503,,qwen3.5:0.8b,run3_p14,101.22,60.0,,,on
13667.026,,qwen3.5:0.8b,run3_p14,101.38,60.0,,,on
13690.533,,qwen3.5:0.8b,idle,36.09,47.0,,,off
13691.057,,qwen3.5:0.8b,idle,35.12,47.0,,,off
13691.580,,qwen3.5:0.8b,idle,28.27,46.0,,,off
13692.107,,qwen3.5:0.8b,idle,20.68,45.0,,,off
13692.631,,qwen3.5:0.8b,idle,18.41,45.0,,,off
13693.157,,qwen3.5:0.8b,idle,17.50,45.0,,,off
13693.682,,qwen3.5:0.8b,idle,17.48,45.0,,,off
13694.215,,qwen3.5:0.8b,idle,17.51,45.0,,,off
13694.742,,qwen3.5:0.8b,idle,17.65,45.0,,,off
13695.266,,qwen3.5:0.8b,idle,17.48,45.0,,,off
13695.791,,qwen3.5:0.8b,idle,16.73,45.0,,,off
13696.321,,qwen3.5:0.8b,idle,16.79,45.0,,,off
13696.848,,qwen3.5:0.8b,idle,17.51,45.0,,,off
13697.380,,qwen3.5:0.8b,idle,17.84,44.0,,,off
13697.905,,qwen3.5:0.8b,idle,17.26,44.0,,,off
13698.440,,qwen3.5:0.8b,idle,17.14,44.0,,,off
13698.977,,qwen3.5:0.8b,idle,17.36,44.0,,,off
13699.512,,qwen3.5:0.8b,idle,17.68,44.0,,,off
13700.046,,qwen3.5:0.8b,idle,17.52,44.0,,,off
13700.574,,qwen3.5:0.8b,idle,17.00,44.0,,,off
13701.138,,qwen3.5:0.8b,run1_p0,16.95,44.0,,,off
13701.669,,qwen3.5:0.8b,run1_p0,22.52,44.0,,,off
13702.200,,qwen3.5:0.8b,run1_p1,45.18,52.0,,,off
13702.731,,qwen3.5:0.8b,run1_p1,71.56,49.0,,,off
13703.257,,qwen3.5:0.8b,run1_p1,84.84,54.0,,,off
13703.781,,qwen3.5:0.8b,run1_p2,73.13,49.0,,,off
13704.310,,qwen3.5:0.8b,run1_p2,63.38,47.0,,,off
13704.845,,qwen3.5:0.8b,run1_p3,70.05,54.0,,,off
13705.372,,qwen3.5:0.8b,run1_p3,72.78,48.0,,,off
13705.897,,qwen3.5:0.8b,run1_p3,84.33,55.0,,,off
13706.448,,qwen3.5:0.8b,run1_p3,96.58,54.0,,,off
13706.990,,qwen3.5:0.8b,run1_p4,85.80,50.0,,,off
13707.515,,qwen3.5:0.8b,run1_p4,75.99,54.0,,,off
13708.043,,qwen3.5:0.8b,run1_p4,86.66,55.0,,,off
13708.572,,qwen3.5:0.8b,run1_p5,72.24,49.0,,,off
13709.101,,qwen3.5:0.8b,run1_p6,60.62,53.0,,,off
13709.627,,qwen3.5:0.8b,run1_p6,68.68,54.0,,,off
13710.155,,qwen3.5:0.8b,run1_p6,85.51,55.0,,,off
13710.686,,qwen3.5:0.8b,run1_p6,96.60,56.0,,,off
13711.213,,qwen3.5:0.8b,run1_p6,96.66,56.0,,,off
13711.740,,qwen3.5:0.8b,run1_p6,96.33,56.0,,,off
13712.264,,qwen3.5:0.8b,run1_p6,96.57,56.0,,,off
13712.790,,qwen3.5:0.8b,run1_p6,96.98,56.0,,,off
13713.313,,qwen3.5:0.8b,run1_p6,96.86,56.0,,,off
13713.837,,qwen3.5:0.8b,run1_p6,96.80,57.0,,,off
13714.361,,qwen3.5:0.8b,run1_p6,97.22,56.0,,,off
13714.889,,qwen3.5:0.8b,run1_p6,97.95,57.0,,,off
13715.417,,qwen3.5:0.8b,run1_p6,98.19,57.0,,,off
13715.940,,qwen3.5:0.8b,run1_p6,97.88,57.0,,,off
13716.467,,qwen3.5:0.8b,run1_p6,97.39,57.0,,,off
13717.009,,qwen3.5:0.8b,run1_p7,77.75,51.0,,,off
13717.532,,qwen3.5:0.8b,run1_p7,66.29,55.0,,,off
13718.057,,qwen3.5:0.8b,run1_p7,85.70,57.0,,,off
13718.579,,qwen3.5:0.8b,run1_p7,97.40,57.0,,,off
13719.105,,qwen3.5:0.8b,run1_p7,97.80,57.0,,,off
13719.629,,qwen3.5:0.8b,run1_p7,97.66,57.0,,,off
13720.162,,qwen3.5:0.8b,run1_p7,97.58,57.0,,,off
13720.685,,qwen3.5:0.8b,run1_p7,98.08,58.0,,,off
13721.216,,qwen3.5:0.8b,run1_p7,97.82,58.0,,,off
13721.739,,qwen3.5:0.8b,run1_p7,97.98,58.0,,,off
13722.262,,qwen3.5:0.8b,run1_p7,98.29,58.0,,,off
13722.806,,qwen3.5:0.8b,run1_p8,95.57,58.0,,,off
13723.330,,qwen3.5:0.8b,run1_p8,84.49,57.0,,,off
13723.854,,qwen3.5:0.8b,run1_p8,86.79,58.0,,,off
13724.402,,qwen3.5:0.8b,run1_p8,98.43,58.0,,,off
13724.925,,qwen3.5:0.8b,run1_p8,98.32,59.0,,,off
13725.451,,qwen3.5:0.8b,run1_p8,97.96,58.0,,,off
13725.977,,qwen3.5:0.8b,run1_p8,98.29,59.0,,,off
13726.499,,qwen3.5:0.8b,run1_p8,98.57,59.0,,,off
13727.029,,qwen3.5:0.8b,run1_p8,98.78,59.0,,,off
13727.556,,qwen3.5:0.8b,run1_p8,98.85,59.0,,,off
13728.080,,qwen3.5:0.8b,run1_p8,98.83,59.0,,,off
13728.609,,qwen3.5:0.8b,run1_p9,91.83,59.0,,,off
13729.133,,qwen3.5:0.8b,run1_p9,81.06,53.0,,,off
13729.666,,qwen3.5:0.8b,run1_p9,87.75,59.0,,,off
13730.197,,qwen3.5:0.8b,run1_p10,87.29,53.0,,,off
13730.722,,qwen3.5:0.8b,run1_p10,76.74,58.0,,,off
13731.248,,qwen3.5:0.8b,run1_p10,88.44,59.0,,,off
13731.773,,qwen3.5:0.8b,run1_p10,99.46,59.0,,,off
13732.303,,qwen3.5:0.8b,run1_p11,87.48,59.0,,,off
13732.860,,qwen3.5:0.8b,run1_p11,80.00,57.0,,,off
13733.384,,qwen3.5:0.8b,run1_p11,90.48,59.0,,,off
13733.909,,qwen3.5:0.8b,run1_p11,99.35,59.0,,,off
13734.437,,qwen3.5:0.8b,run1_p11,99.72,60.0,,,off
13734.963,,qwen3.5:0.8b,run1_p11,99.36,60.0,,,off
13735.487,,qwen3.5:0.8b,run1_p11,99.62,59.0,,,off
13736.011,,qwen3.5:0.8b,run1_p11,99.71,60.0,,,off
13736.535,,qwen3.5:0.8b,run1_p11,99.99,59.0,,,off
13737.060,,qwen3.5:0.8b,run1_p11,100.19,60.0,,,off
13737.584,,qwen3.5:0.8b,run1_p11,100.10,60.0,,,off
13738.109,,qwen3.5:0.8b,run1_p11,100.22,60.0,,,off
13738.647,,qwen3.5:0.8b,run1_p11,100.51,60.0,,,off
13739.170,,qwen3.5:0.8b,run1_p11,100.25,59.0,,,off
13739.693,,qwen3.5:0.8b,run1_p11,100.40,60.0,,,off
13740.219,,qwen3.5:0.8b,run1_p11,100.54,60.0,,,off
13740.742,,qwen3.5:0.8b,run1_p11,100.48,60.0,,,off
13741.268,,qwen3.5:0.8b,run1_p11,100.49,60.0,,,off
13741.793,,qwen3.5:0.8b,run1_p11,100.11,60.0,,,off
13742.324,,qwen3.5:0.8b,run1_p12,74.02,56.0,,,off
13742.851,,qwen3.5:0.8b,run1_p12,60.50,53.0,,,off
13743.379,,qwen3.5:0.8b,run1_p12,88.91,59.0,,,off
13743.909,,qwen3.5:0.8b,run1_p13,81.62,53.0,,,off
13744.435,,qwen3.5:0.8b,run1_p13,70.07,58.0,,,off
13744.958,,qwen3.5:0.8b,run1_p13,86.44,59.0,,,off
13745.492,,qwen3.5:0.8b,run1_p13,97.90,60.0,,,off
13746.019,,qwen3.5:0.8b,run1_p13,98.34,60.0,,,off
13746.545,,qwen3.5:0.8b,run1_p14,87.30,60.0,,,off
13747.070,,qwen3.5:0.8b,run1_p14,78.44,53.0,,,off
13747.597,,qwen3.5:0.8b,run1_p14,89.36,59.0,,,off
13748.121,,qwen3.5:0.8b,run1_p14,98.71,60.0,,,off
13748.647,,qwen3.5:0.8b,run1_p14,98.80,59.0,,,off
13749.177,,qwen3.5:0.8b,run1_p14,98.81,60.0,,,off
13749.701,,qwen3.5:0.8b,run1_p14,99.67,60.0,,,off
13750.225,,qwen3.5:0.8b,run1_p14,99.48,60.0,,,off
13750.750,,qwen3.5:0.8b,run1_p14,99.17,60.0,,,off
13751.273,,qwen3.5:0.8b,run1_p14,99.06,60.0,,,off
13751.799,,qwen3.5:0.8b,run1_p14,99.24,60.0,,,off
13752.322,,qwen3.5:0.8b,run1_p14,99.33,60.0,,,off
13752.847,,qwen3.5:0.8b,run1_p14,99.65,60.0,,,off
13753.375,,qwen3.5:0.8b,run1_p14,99.93,60.0,,,off
13753.904,,qwen3.5:0.8b,run1_p14,100.27,60.0,,,off
13754.429,,qwen3.5:0.8b,run1_p14,100.01,60.0,,,off
13754.958,,qwen3.5:0.8b,run2_p0,76.27,60.0,,,off
13755.485,,qwen3.5:0.8b,run2_p0,68.08,53.0,,,off
13756.018,,qwen3.5:0.8b,run2_p1,66.86,59.0,,,off
13756.543,,qwen3.5:0.8b,run2_p1,66.85,53.0,,,off
13757.070,,qwen3.5:0.8b,run2_p1,85.95,60.0,,,off
13757.595,,qwen3.5:0.8b,run2_p1,99.15,60.0,,,off
13758.123,,qwen3.5:0.8b,run2_p2,90.38,58.0,,,off
13758.646,,qwen3.5:0.8b,run2_p2,80.09,58.0,,,off
13759.176,,qwen3.5:0.8b,run2_p3,71.13,55.0,,,off
13759.706,,qwen3.5:0.8b,run2_p3,73.89,57.0,,,off
13760.230,,qwen3.5:0.8b,run2_p3,85.93,59.0,,,off
13760.754,,qwen3.5:0.8b,run2_p3,98.39,60.0,,,off
13761.281,,qwen3.5:0.8b,run2_p4,98.89,60.0,,,off
13761.805,,qwen3.5:0.8b,run2_p4,88.66,54.0,,,off
13762.332,,qwen3.5:0.8b,run2_p5,85.43,59.0,,,off
13762.856,,qwen3.5:0.8b,run2_p5,87.55,55.0,,,off
13763.408,,qwen3.5:0.8b,run2_p6,73.02,59.0,,,off
13763.932,,qwen3.5:0.8b,run2_p6,75.07,53.0,,,off
13764.457,,qwen3.5:0.8b,run2_p6,87.71,60.0,,,off
13764.985,,qwen3.5:0.8b,run2_p6,98.83,60.0,,,off
13765.517,,qwen3.5:0.8b,run2_p6,98.50,60.0,,,off
13766.039,,qwen3.5:0.8b,run2_p6,98.29,60.0,,,off
13766.565,,qwen3.5:0.8b,run2_p6,98.84,60.0,,,off
13767.088,,qwen3.5:0.8b,run2_p6,98.83,60.0,,,off
13767.613,,qwen3.5:0.8b,run2_p6,99.12,60.0,,,off
13768.137,,qwen3.5:0.8b,run2_p6,99.15,60.0,,,off
13768.722,,qwen3.5:0.8b,run2_p6,98.98,60.0,,,off
13769.249,,qwen3.5:0.8b,run2_p7,98.31,60.0,,,off
13769.777,,qwen3.5:0.8b,run2_p7,87.71,54.0,,,off
13770.305,,qwen3.5:0.8b,run2_p7,88.72,60.0,,,off
13770.828,,qwen3.5:0.8b,run2_p7,99.77,60.0,,,off
13771.351,,qwen3.5:0.8b,run2_p7,100.19,60.0,,,off
13771.879,,qwen3.5:0.8b,run2_p7,100.67,60.0,,,off
13772.410,,qwen3.5:0.8b,run2_p7,100.36,60.0,,,off
13772.932,,qwen3.5:0.8b,run2_p7,100.26,61.0,,,off
13773.456,,qwen3.5:0.8b,run2_p7,100.49,60.0,,,off
13773.981,,qwen3.5:0.8b,run2_p7,100.29,60.0,,,off
13774.506,,qwen3.5:0.8b,run2_p7,100.45,60.0,,,off
13775.032,,qwen3.5:0.8b,run2_p8,99.85,60.0,,,off
13775.560,,qwen3.5:0.8b,run2_p8,90.88,58.0,,,off
13776.086,,qwen3.5:0.8b,run2_p8,90.89,60.0,,,off
13776.611,,qwen3.5:0.8b,run2_p8,100.41,60.0,,,off
13777.138,,qwen3.5:0.8b,run2_p8,100.34,61.0,,,off
13777.665,,qwen3.5:0.8b,run2_p8,100.40,60.0,,,off
13778.194,,qwen3.5:0.8b,run2_p8,100.30,60.0,,,off
13778.718,,qwen3.5:0.8b,run2_p8,100.25,61.0,,,off
13779.244,,qwen3.5:0.8b,run2_p8,100.81,60.0,,,off
13779.768,,qwen3.5:0.8b,run2_p8,100.36,61.0,,,off
13780.298,,qwen3.5:0.8b,run2_p8,100.04,61.0,,,off
13780.821,,qwen3.5:0.8b,run2_p8,100.01,61.0,,,off
13781.410,,qwen3.5:0.8b,run2_p9,78.35,55.0,,,off
13781.932,,qwen3.5:0.8b,run2_p9,70.07,58.0,,,off
13782.477,,qwen3.5:0.8b,run2_p10,85.04,60.0,,,off
13783.004,,qwen3.5:0.8b,run2_p10,84.60,54.0,,,off
13783.529,,qwen3.5:0.8b,run2_p10,91.24,60.0,,,off
13784.051,,qwen3.5:0.8b,run2_p10,99.98,60.0,,,off
13784.581,,qwen3.5:0.8b,run2_p11,99.70,57.0,,,off
13785.122,,qwen3.5:0.8b,run2_p11,86.58,60.0,,,off
13785.649,,qwen3.5:0.8b,run2_p11,87.84,61.0,,,off
13786.173,,qwen3.5:0.8b,run2_p11,100.65,60.0,,,off
13786.700,,qwen3.5:0.8b,run2_p11,100.27,60.0,,,off
13787.225,,qwen3.5:0.8b,run2_p11,100.06,60.0,,,off
13787.752,,qwen3.5:0.8b,run2_p11,100.40,61.0,,,off
13788.275,,qwen3.5:0.8b,run2_p11,99.72,61.0,,,off
13788.804,,qwen3.5:0.8b,run2_p11,99.82,61.0,,,off
13789.329,,qwen3.5:0.8b,run2_p11,100.32,61.0,,,off
13789.855,,qwen3.5:0.8b,run2_p11,100.35,60.0,,,off
13790.381,,qwen3.5:0.8b,run2_p11,99.61,61.0,,,off
13790.912,,qwen3.5:0.8b,run2_p11,100.02,61.0,,,off
13791.436,,qwen3.5:0.8b,run2_p11,100.70,60.0,,,off
13791.960,,qwen3.5:0.8b,run2_p11,101.31,61.0,,,off
13792.486,,qwen3.5:0.8b,run2_p11,101.56,60.0,,,off
13793.013,,qwen3.5:0.8b,run2_p11,100.71,61.0,,,off
13793.539,,qwen3.5:0.8b,run2_p11,100.53,61.0,,,off
13794.063,,qwen3.5:0.8b,run2_p11,101.11,61.0,,,off
13794.588,,qwen3.5:0.8b,run2_p12,92.64,61.0,,,off
13795.171,,qwen3.5:0.8b,run2_p12,78.16,60.0,,,off
13795.697,,qwen3.5:0.8b,run2_p12,88.15,60.0,,,off
13796.227,,qwen3.5:0.8b,run2_p12,100.01,60.0,,,off
13796.762,,qwen3.5:0.8b,run2_p13,98.45,61.0,,,off
13797.334,,qwen3.5:0.8b,run2_p13,89.86,60.0,,,off
13797.857,,qwen3.5:0.8b,run2_p13,91.26,61.0,,,off
13798.381,,qwen3.5:0.8b,run2_p13,100.09,61.0,,,off
13798.939,,qwen3.5:0.8b,run2_p14,92.62,61.0,,,off
13799.466,,qwen3.5:0.8b,run2_p14,85.83,56.0,,,off
13799.991,,qwen3.5:0.8b,run2_p14,88.37,60.0,,,off
13800.517,,qwen3.5:0.8b,run2_p14,99.96,60.0,,,off
13801.041,,qwen3.5:0.8b,run2_p14,98.64,60.0,,,off
13801.570,,qwen3.5:0.8b,run2_p14,98.65,60.0,,,off
13802.095,,qwen3.5:0.8b,run2_p14,99.74,61.0,,,off
13802.619,,qwen3.5:0.8b,run2_p14,99.41,61.0,,,off
13803.142,,qwen3.5:0.8b,run2_p14,99.56,60.0,,,off
13803.667,,qwen3.5:0.8b,run2_p14,100.16,61.0,,,off
13804.191,,qwen3.5:0.8b,run2_p14,99.97,61.0,,,off
13804.716,,qwen3.5:0.8b,run2_p14,99.96,61.0,,,off
13805.239,,qwen3.5:0.8b,run2_p14,99.75,61.0,,,off
13805.765,,qwen3.5:0.8b,run2_p14,98.82,61.0,,,off
13806.290,,qwen3.5:0.8b,run2_p14,99.19,61.0,,,off
13806.818,,qwen3.5:0.8b,run2_p14,100.48,61.0,,,off
13807.344,,qwen3.5:0.8b,run2_p14,100.33,61.0,,,off
13807.882,,qwen3.5:0.8b,run3_p0,95.34,61.0,,,off
13808.408,,qwen3.5:0.8b,run3_p0,85.00,54.0,,,off
13808.937,,qwen3.5:0.8b,run3_p1,65.73,59.0,,,off
13809.460,,qwen3.5:0.8b,run3_p1,68.16,53.0,,,off
13809.988,,qwen3.5:0.8b,run3_p1,86.31,60.0,,,off
13810.516,,qwen3.5:0.8b,run3_p2,75.24,53.0,,,off
13811.054,,qwen3.5:0.8b,run3_p2,66.34,59.0,,,off
13811.608,,qwen3.5:0.8b,run3_p3,81.62,55.0,,,off
13812.134,,qwen3.5:0.8b,run3_p3,78.18,59.0,,,off
13812.662,,qwen3.5:0.8b,run3_p3,90.38,60.0,,,off
13813.188,,qwen3.5:0.8b,run3_p3,99.29,60.0,,,off
13813.719,,qwen3.5:0.8b,run3_p4,95.57,59.0,,,off
13814.246,,qwen3.5:0.8b,run3_p4,83.13,55.0,,,off
13814.770,,qwen3.5:0.8b,run3_p5,84.79,60.0,,,off
13815.296,,qwen3.5:0.8b,run3_p6,85.21,54.0,,,off
13815.825,,qwen3.5:0.8b,run3_p6,75.78,54.0,,,off
13816.357,,qwen3.5:0.8b,run3_p6,87.93,59.0,,,off
13816.886,,qwen3.5:0.8b,run3_p6,99.72,60.0,,,off
13817.411,,qwen3.5:0.8b,run3_p6,99.06,60.0,,,off
13817.936,,qwen3.5:0.8b,run3_p6,99.51,60.0,,,off
13818.459,,qwen3.5:0.8b,run3_p6,99.83,60.0,,,off
13818.985,,qwen3.5:0.8b,run3_p6,99.27,60.0,,,off
13819.510,,qwen3.5:0.8b,run3_p6,99.18,60.0,,,off
13820.035,,qwen3.5:0.8b,run3_p6,98.91,60.0,,,off
13820.558,,qwen3.5:0.8b,run3_p6,98.67,59.0,,,off
13821.085,,qwen3.5:0.8b,run3_p6,99.05,60.0,,,off
13821.619,,qwen3.5:0.8b,run3_p7,75.73,55.0,,,off
13822.148,,qwen3.5:0.8b,run3_p7,66.33,53.0,,,off
13822.675,,qwen3.5:0.8b,run3_p7,84.85,60.0,,,off
13823.204,,qwen3.5:0.8b,run3_p7,99.39,60.0,,,off
13823.731,,qwen3.5:0.8b,run3_p7,99.03,59.0,,,off
13824.254,,qwen3.5:0.8b,run3_p7,98.87,60.0,,,off
13824.778,,qwen3.5:0.8b,run3_p7,99.38,60.0,,,off
13825.307,,qwen3.5:0.8b,run3_p7,99.17,60.0,,,off
13825.834,,qwen3.5:0.8b,run3_p7,98.92,60.0,,,off
13826.358,,qwen3.5:0.8b,run3_p7,99.84,60.0,,,off
13826.881,,qwen3.5:0.8b,run3_p7,100.03,60.0,,,off
13827.405,,qwen3.5:0.8b,run3_p7,99.70,60.0,,,off
13827.967,,qwen3.5:0.8b,run3_p7,100.10,60.0,,,off
13828.493,,qwen3.5:0.8b,run3_p7,100.56,60.0,,,off
13829.026,,qwen3.5:0.8b,run3_p8,77.26,55.0,,,off
13829.552,,qwen3.5:0.8b,run3_p8,63.54,53.0,,,off
13830.077,,qwen3.5:0.8b,run3_p8,86.58,59.0,,,off
13830.603,,qwen3.5:0.8b,run3_p8,100.30,60.0,,,off
13831.130,,qwen3.5:0.8b,run3_p8,100.20,60.0,,,off
13831.677,,qwen3.5:0.8b,run3_p8,100.38,60.0,,,off
13832.205,,qwen3.5:0.8b,run3_p8,100.83,60.0,,,off
13832.727,,qwen3.5:0.8b,run3_p8,100.53,60.0,,,off
13833.254,,qwen3.5:0.8b,run3_p8,100.64,60.0,,,off
13833.778,,qwen3.5:0.8b,run3_p8,100.39,60.0,,,off
13834.306,,qwen3.5:0.8b,run3_p8,100.37,60.0,,,off
13834.837,,qwen3.5:0.8b,run3_p9,97.91,60.0,,,off
13835.365,,qwen3.5:0.8b,run3_p9,85.45,55.0,,,off
13835.889,,qwen3.5:0.8b,run3_p9,88.17,60.0,,,off
13836.415,,qwen3.5:0.8b,run3_p10,84.54,60.0,,,off
13836.969,,qwen3.5:0.8b,run3_p10,71.66,53.0,,,off
13837.492,,qwen3.5:0.8b,run3_p10,87.80,60.0,,,off
13838.021,,qwen3.5:0.8b,run3_p10,100.68,60.0,,,off
13838.545,,qwen3.5:0.8b,run3_p10,100.72,60.0,,,off
13839.070,,qwen3.5:0.8b,run3_p10,100.51,60.0,,,off
13839.594,,qwen3.5:0.8b,run3_p10,100.76,60.0,,,off
13840.134,,qwen3.5:0.8b,run3_p11,83.02,54.0,,,off
13840.657,,qwen3.5:0.8b,run3_p11,70.21,58.0,,,off
13841.189,,qwen3.5:0.8b,run3_p11,92.59,60.0,,,off
13841.713,,qwen3.5:0.8b,run3_p11,100.53,60.0,,,off
13842.238,,qwen3.5:0.8b,run3_p11,100.01,60.0,,,off
13842.762,,qwen3.5:0.8b,run3_p11,100.26,60.0,,,off
13843.286,,qwen3.5:0.8b,run3_p11,100.85,61.0,,,off
13843.809,,qwen3.5:0.8b,run3_p11,100.88,60.0,,,off
13844.333,,qwen3.5:0.8b,run3_p11,100.33,60.0,,,off
13844.856,,qwen3.5:0.8b,run3_p11,100.83,60.0,,,off
13845.383,,qwen3.5:0.8b,run3_p11,100.91,60.0,,,off
13845.910,,qwen3.5:0.8b,run3_p11,100.69,61.0,,,off
13846.434,,qwen3.5:0.8b,run3_p11,101.12,60.0,,,off
13846.958,,qwen3.5:0.8b,run3_p11,101.20,60.0,,,off
13847.484,,qwen3.5:0.8b,run3_p11,101.43,60.0,,,off
13848.007,,qwen3.5:0.8b,run3_p11,101.43,60.0,,,off
13848.530,,qwen3.5:0.8b,run3_p11,100.96,60.0,,,off
13849.054,,qwen3.5:0.8b,run3_p11,101.00,61.0,,,off
13849.577,,qwen3.5:0.8b,run3_p11,101.55,61.0,,,off
13850.104,,qwen3.5:0.8b,run3_p11,101.40,61.0,,,off
13850.630,,qwen3.5:0.8b,run3_p11,100.85,60.0,,,off
13851.156,,qwen3.5:0.8b,run3_p11,100.36,60.0,,,off
13851.680,,qwen3.5:0.8b,run3_p11,100.64,61.0,,,off
13852.205,,qwen3.5:0.8b,run3_p11,101.51,61.0,,,off
13852.729,,qwen3.5:0.8b,run3_p12,99.74,60.0,,,off
13853.258,,qwen3.5:0.8b,run3_p12,90.71,59.0,,,off
13853.781,,qwen3.5:0.8b,run3_p12,90.37,61.0,,,off
13854.305,,qwen3.5:0.8b,run3_p12,100.62,61.0,,,off
13854.829,,qwen3.5:0.8b,run3_p13,76.42,54.0,,,off
13855.381,,qwen3.5:0.8b,run3_p13,65.13,58.0,,,off
13855.905,,qwen3.5:0.8b,run3_p13,89.07,60.0,,,off
13856.427,,qwen3.5:0.8b,run3_p13,100.68,60.0,,,off
13856.950,,qwen3.5:0.8b,run3_p13,100.22,60.0,,,off
13857.477,,qwen3.5:0.8b,run3_p13,100.43,60.0,,,off
13858.005,,qwen3.5:0.8b,run3_p14,100.94,61.0,,,off
13858.531,,qwen3.5:0.8b,run3_p14,90.22,55.0,,,off
13859.057,,qwen3.5:0.8b,run3_p14,90.38,60.0,,,off
13859.584,,qwen3.5:0.8b,run3_p14,100.05,60.0,,,off
13860.112,,qwen3.5:0.8b,run3_p14,100.04,60.0,,,off
13860.639,,qwen3.5:0.8b,run3_p14,100.10,60.0,,,off
13861.167,,qwen3.5:0.8b,run3_p14,99.88,60.0,,,off
13861.695,,qwen3.5:0.8b,run3_p14,100.18,61.0,,,off
13862.219,,qwen3.5:0.8b,run3_p14,100.12,60.0,,,off
13862.743,,qwen3.5:0.8b,run3_p14,100.51,61.0,,,off
13863.267,,qwen3.5:0.8b,run3_p14,100.70,60.0,,,off
13863.796,,qwen3.5:0.8b,run3_p14,100.56,61.0,,,off
13864.320,,qwen3.5:0.8b,run3_p14,100.40,61.0,,,off
13864.847,,qwen3.5:0.8b,run3_p14,99.88,61.0,,,off
13865.375,,qwen3.5:0.8b,run3_p14,99.75,61.0,,,off
13865.901,,qwen3.5:0.8b,run3_p14,100.19,60.0,,,off
13902.571,,qwen3.5:4b,idle,23.07,47.0,,,on
13903.098,,qwen3.5:4b,idle,19.47,47.0,,,on
13903.624,,qwen3.5:4b,idle,18.17,47.0,,,on
13904.148,,qwen3.5:4b,idle,17.97,47.0,,,on
13904.674,,qwen3.5:4b,idle,17.93,46.0,,,on
13905.207,,qwen3.5:4b,idle,17.99,46.0,,,on
13905.732,,qwen3.5:4b,idle,18.17,46.0,,,on
13906.256,,qwen3.5:4b,idle,17.86,46.0,,,on
13906.786,,qwen3.5:4b,idle,17.44,46.0,,,on
13907.315,,qwen3.5:4b,idle,17.54,46.0,,,on
13907.840,,qwen3.5:4b,idle,17.97,46.0,,,on
13908.372,,qwen3.5:4b,idle,17.92,45.0,,,on
13908.898,,qwen3.5:4b,idle,17.40,45.0,,,on
13909.424,,qwen3.5:4b,idle,17.42,45.0,,,on
13909.948,,qwen3.5:4b,idle,17.90,45.0,,,on
13910.473,,qwen3.5:4b,idle,17.72,45.0,,,on
13910.998,,qwen3.5:4b,idle,16.97,45.0,,,on
13911.528,,qwen3.5:4b,idle,16.74,45.0,,,on
13912.055,,qwen3.5:4b,idle,17.43,45.0,,,on
13912.596,,qwen3.5:4b,run1_p0,17.62,45.0,,,on
13913.146,,qwen3.5:4b,run1_p0,18.77,45.0,,,on
13913.692,,qwen3.5:4b,run1_p0,68.34,56.0,,,on
13914.222,,qwen3.5:4b,run1_p0,113.80,58.0,,,on
13914.746,,qwen3.5:4b,run1_p0,120.82,60.0,,,on
13915.270,,qwen3.5:4b,run1_p0,120.60,59.0,,,on
13915.793,,qwen3.5:4b,run1_p0,121.04,60.0,,,on
13916.317,,qwen3.5:4b,run1_p0,121.55,60.0,,,on
13916.841,,qwen3.5:4b,run1_p0,121.74,60.0,,,on
13917.366,,qwen3.5:4b,run1_p0,121.76,60.0,,,on
13917.941,,qwen3.5:4b,run1_p1,110.06,60.0,,,on
13918.465,,qwen3.5:4b,run1_p1,97.30,60.0,,,on
13918.991,,qwen3.5:4b,run1_p1,109.07,61.0,,,on
13919.516,,qwen3.5:4b,run1_p1,121.94,61.0,,,on
13920.045,,qwen3.5:4b,run1_p1,122.33,61.0,,,on
13920.572,,qwen3.5:4b,run1_p1,122.36,61.0,,,on
13921.096,,qwen3.5:4b,run1_p1,122.38,62.0,,,on
13921.620,,qwen3.5:4b,run1_p1,122.57,62.0,,,on
13922.143,,qwen3.5:4b,run1_p1,122.25,62.0,,,on
13922.671,,qwen3.5:4b,run1_p1,122.78,62.0,,,on
13923.195,,qwen3.5:4b,run1_p1,123.19,62.0,,,on
13923.722,,qwen3.5:4b,run1_p1,123.52,62.0,,,on
13924.246,,qwen3.5:4b,run1_p1,123.44,62.0,,,on
13924.772,,qwen3.5:4b,run1_p1,123.05,63.0,,,on
13925.302,,qwen3.5:4b,run1_p1,123.43,62.0,,,on
13925.826,,qwen3.5:4b,run1_p1,123.35,63.0,,,on
13926.350,,qwen3.5:4b,run1_p1,123.16,63.0,,,on
13926.874,,qwen3.5:4b,run1_p1,123.71,63.0,,,on
13927.401,,qwen3.5:4b,run1_p1,123.69,62.0,,,on
13927.924,,qwen3.5:4b,run1_p1,122.86,62.0,,,on
13928.447,,qwen3.5:4b,run1_p1,123.37,61.0,,,on
13928.975,,qwen3.5:4b,run1_p1,123.92,63.0,,,on
13929.499,,qwen3.5:4b,run1_p1,123.73,64.0,,,on
13930.022,,qwen3.5:4b,run1_p1,124.07,63.0,,,on
13930.543,,qwen3.5:4b,run1_p1,123.75,62.0,,,on
13931.068,,qwen3.5:4b,run1_p1,123.68,63.0,,,on
13931.591,,qwen3.5:4b,run1_p1,123.97,63.0,,,on
13932.114,,qwen3.5:4b,run1_p1,123.30,63.0,,,on
13932.638,,qwen3.5:4b,run1_p1,123.09,63.0,,,on
13933.161,,qwen3.5:4b,run1_p1,123.86,64.0,,,on
13933.690,,qwen3.5:4b,run1_p1,123.80,63.0,,,on
13934.213,,qwen3.5:4b,run1_p1,123.57,63.0,,,on
13934.739,,qwen3.5:4b,run1_p1,124.07,63.0,,,on
13935.266,,qwen3.5:4b,run1_p1,124.69,64.0,,,on
13935.793,,qwen3.5:4b,run1_p1,123.92,64.0,,,on
13936.344,,qwen3.5:4b,run1_p1,123.60,63.0,,,on
13936.870,,qwen3.5:4b,run1_p1,124.20,64.0,,,on
13937.395,,qwen3.5:4b,run1_p1,124.56,64.0,,,on
13937.919,,qwen3.5:4b,run1_p1,124.41,64.0,,,on
13938.445,,qwen3.5:4b,run1_p1,123.67,64.0,,,on
13938.968,,qwen3.5:4b,run1_p1,124.40,64.0,,,on
13939.492,,qwen3.5:4b,run1_p1,125.16,64.0,,,on
13940.018,,qwen3.5:4b,run1_p1,124.79,64.0,,,on
13940.541,,qwen3.5:4b,run1_p1,124.32,64.0,,,on
13941.068,,qwen3.5:4b,run1_p1,124.18,64.0,,,on
13941.590,,qwen3.5:4b,run1_p1,124.24,64.0,,,on
13942.115,,qwen3.5:4b,run1_p1,124.40,64.0,,,on
13942.640,,qwen3.5:4b,run1_p1,124.18,64.0,,,on
13943.162,,qwen3.5:4b,run1_p1,123.97,65.0,,,on
13943.687,,qwen3.5:4b,run1_p1,125.00,64.0,,,on
13944.213,,qwen3.5:4b,run1_p1,124.97,64.0,,,on
13944.737,,qwen3.5:4b,run1_p1,124.49,64.0,,,on
13945.259,,qwen3.5:4b,run1_p1,124.02,64.0,,,on
13945.809,,qwen3.5:4b,run1_p1,124.64,65.0,,,on
13946.332,,qwen3.5:4b,run1_p1,125.78,64.0,,,on
13946.856,,qwen3.5:4b,run1_p1,124.90,65.0,,,on
13947.381,,qwen3.5:4b,run1_p1,124.51,64.0,,,on
13947.904,,qwen3.5:4b,run1_p1,125.10,64.0,,,on
13948.427,,qwen3.5:4b,run1_p1,124.98,65.0,,,on
13948.951,,qwen3.5:4b,run1_p1,125.14,64.0,,,on
13949.474,,qwen3.5:4b,run1_p1,125.42,65.0,,,on
13949.998,,qwen3.5:4b,run1_p1,125.46,65.0,,,on
13950.522,,qwen3.5:4b,run1_p1,125.13,64.0,,,on
13951.048,,qwen3.5:4b,run1_p1,125.40,64.0,,,on
13951.570,,qwen3.5:4b,run1_p1,125.93,65.0,,,on
13952.094,,qwen3.5:4b,run1_p1,126.05,65.0,,,on
13952.617,,qwen3.5:4b,run1_p1,125.65,65.0,,,on
13953.141,,qwen3.5:4b,run1_p1,125.70,64.0,,,on
13953.663,,qwen3.5:4b,run1_p1,125.48,65.0,,,on
13954.186,,qwen3.5:4b,run1_p1,125.21,65.0,,,on
13954.709,,qwen3.5:4b,run1_p1,125.30,65.0,,,on
13955.232,,qwen3.5:4b,run1_p1,124.93,64.0,,,on
13955.759,,qwen3.5:4b,run1_p1,125.02,65.0,,,on
13956.283,,qwen3.5:4b,run1_p1,125.51,65.0,,,on
13956.807,,qwen3.5:4b,run1_p1,125.47,65.0,,,on
13957.330,,qwen3.5:4b,run1_p1,125.03,65.0,,,on
13957.853,,qwen3.5:4b,run1_p1,125.35,65.0,,,on
13958.376,,qwen3.5:4b,run1_p1,125.57,65.0,,,on
13958.902,,qwen3.5:4b,run1_p1,125.78,65.0,,,on
13959.425,,qwen3.5:4b,run1_p1,125.86,65.0,,,on
13959.948,,qwen3.5:4b,run1_p1,126.04,65.0,,,on
13960.472,,qwen3.5:4b,run1_p1,126.30,65.0,,,on
13960.996,,qwen3.5:4b,run1_p1,125.66,65.0,,,on
13961.520,,qwen3.5:4b,run1_p1,125.90,64.0,,,on
13962.045,,qwen3.5:4b,run1_p1,125.73,65.0,,,on
13962.568,,qwen3.5:4b,run1_p1,125.38,65.0,,,on
13963.093,,qwen3.5:4b,run1_p1,125.72,65.0,,,on
13963.618,,qwen3.5:4b,run1_p1,125.68,65.0,,,on
13964.144,,qwen3.5:4b,run1_p1,125.46,65.0,,,on
13964.667,,qwen3.5:4b,run1_p1,125.75,66.0,,,on
13965.190,,qwen3.5:4b,run1_p1,125.62,65.0,,,on
13965.713,,qwen3.5:4b,run1_p1,126.03,64.0,,,on
13966.236,,qwen3.5:4b,run1_p1,126.06,65.0,,,on
13966.762,,qwen3.5:4b,run1_p1,126.11,65.0,,,on
13967.283,,qwen3.5:4b,run1_p1,126.37,65.0,,,on
13967.807,,qwen3.5:4b,run1_p1,125.80,64.0,,,on
13968.329,,qwen3.5:4b,run1_p1,125.36,65.0,,,on
13968.854,,qwen3.5:4b,run1_p1,126.00,65.0,,,on
13969.378,,qwen3.5:4b,run1_p1,125.79,65.0,,,on
13969.906,,qwen3.5:4b,run1_p1,125.67,65.0,,,on
13970.428,,qwen3.5:4b,run1_p1,126.18,65.0,,,on
13970.965,,qwen3.5:4b,run1_p1,126.17,65.0,,,on
13971.491,,qwen3.5:4b,run1_p1,125.74,65.0,,,on
13972.015,,qwen3.5:4b,run1_p1,124.70,65.0,,,on
13972.538,,qwen3.5:4b,run1_p1,125.35,65.0,,,on
13973.060,,qwen3.5:4b,run1_p1,126.70,65.0,,,on
13973.583,,qwen3.5:4b,run1_p1,126.92,65.0,,,on
13974.109,,qwen3.5:4b,run1_p1,127.22,65.0,,,on
13974.636,,qwen3.5:4b,run1_p1,127.35,65.0,,,on
13975.159,,qwen3.5:4b,run1_p1,126.90,65.0,,,on
13975.682,,qwen3.5:4b,run1_p1,126.18,65.0,,,on
13976.205,,qwen3.5:4b,run1_p1,126.05,66.0,,,on
13976.729,,qwen3.5:4b,run1_p1,125.89,65.0,,,on
13977.250,,qwen3.5:4b,run1_p1,125.84,66.0,,,on
13977.775,,qwen3.5:4b,run1_p1,125.51,65.0,,,on
13978.300,,qwen3.5:4b,run1_p1,125.69,65.0,,,on
13978.827,,qwen3.5:4b,run1_p1,125.64,65.0,,,on
13979.350,,qwen3.5:4b,run1_p1,125.11,65.0,,,on
13979.874,,qwen3.5:4b,run1_p1,125.46,65.0,,,on
13980.398,,qwen3.5:4b,run1_p1,125.50,65.0,,,on
13980.922,,qwen3.5:4b,run1_p1,125.57,65.0,,,on
13981.445,,qwen3.5:4b,run1_p1,125.57,65.0,,,on
13981.973,,qwen3.5:4b,run1_p1,125.36,66.0,,,on
13982.498,,qwen3.5:4b,run1_p1,125.53,65.0,,,on
13983.024,,qwen3.5:4b,run1_p1,125.33,65.0,,,on
13983.546,,qwen3.5:4b,run1_p1,125.10,65.0,,,on
13984.105,,qwen3.5:4b,run1_p1,124.97,65.0,,,on
13984.633,,qwen3.5:4b,run1_p1,131.93,68.0,,,on
13985.157,,qwen3.5:4b,run1_p1,124.66,69.0,,,on
13985.682,,qwen3.5:4b,run1_p1,117.89,64.0,,,on
13986.207,,qwen3.5:4b,run1_p1,124.85,65.0,,,on
13986.730,,qwen3.5:4b,run1_p1,125.41,65.0,,,on
13987.254,,qwen3.5:4b,run1_p1,124.67,65.0,,,on
13987.777,,qwen3.5:4b,run1_p1,124.12,66.0,,,on
13988.307,,qwen3.5:4b,run1_p1,125.25,65.0,,,on
13988.831,,qwen3.5:4b,run1_p1,125.75,65.0,,,on
13989.354,,qwen3.5:4b,run1_p1,125.19,65.0,,,on
13989.878,,qwen3.5:4b,run1_p1,125.05,65.0,,,on
13990.403,,qwen3.5:4b,run1_p1,125.31,65.0,,,on
13990.927,,qwen3.5:4b,run1_p1,125.14,65.0,,,on
13991.463,,qwen3.5:4b,run1_p1,124.87,65.0,,,on
13991.986,,qwen3.5:4b,run1_p1,125.06,66.0,,,on
13992.513,,qwen3.5:4b,run1_p1,125.76,65.0,,,on
13993.037,,qwen3.5:4b,run1_p1,125.23,65.0,,,on
13993.561,,qwen3.5:4b,run1_p1,124.78,65.0,,,on
13994.085,,qwen3.5:4b,run1_p1,125.68,65.0,,,on
13994.608,,qwen3.5:4b,run1_p1,125.79,65.0,,,on
13995.134,,qwen3.5:4b,run1_p1,125.46,65.0,,,on
13995.661,,qwen3.5:4b,run1_p1,125.52,65.0,,,on
13996.187,,qwen3.5:4b,run1_p1,125.97,65.0,,,on
13996.710,,qwen3.5:4b,run1_p1,125.72,65.0,,,on
13997.233,,qwen3.5:4b,run1_p1,125.04,65.0,,,on
13997.758,,qwen3.5:4b,run1_p1,124.87,65.0,,,on
13998.281,,qwen3.5:4b,run1_p1,125.39,65.0,,,on
13998.803,,qwen3.5:4b,run1_p1,125.40,65.0,,,on
13999.328,,qwen3.5:4b,run1_p1,124.98,65.0,,,on
13999.852,,qwen3.5:4b,run1_p1,124.81,65.0,,,on
14000.374,,qwen3.5:4b,run1_p1,124.37,65.0,,,on
14000.905,,qwen3.5:4b,run1_p1,125.32,65.0,,,on
14001.429,,qwen3.5:4b,run1_p1,125.68,65.0,,,on
14001.954,,qwen3.5:4b,run1_p1,125.40,65.0,,,on
14002.476,,qwen3.5:4b,run1_p1,125.20,65.0,,,on
14003.000,,qwen3.5:4b,run1_p1,125.42,65.0,,,on
14003.529,,qwen3.5:4b,run1_p1,125.15,65.0,,,on
14004.052,,qwen3.5:4b,run1_p1,125.66,65.0,,,on
14004.575,,qwen3.5:4b,run1_p1,125.47,65.0,,,on
14005.100,,qwen3.5:4b,run1_p1,125.34,65.0,,,on
14005.623,,qwen3.5:4b,run1_p1,125.48,65.0,,,on
14006.147,,qwen3.5:4b,run1_p1,125.52,65.0,,,on
14006.671,,qwen3.5:4b,run1_p1,126.13,65.0,,,on
14007.195,,qwen3.5:4b,run1_p1,126.10,65.0,,,on
14007.722,,qwen3.5:4b,run1_p1,125.35,65.0,,,on
14008.245,,qwen3.5:4b,run1_p1,125.38,66.0,,,on
14008.768,,qwen3.5:4b,run1_p1,125.74,65.0,,,on
14009.291,,qwen3.5:4b,run1_p1,125.94,65.0,,,on
14009.812,,qwen3.5:4b,run1_p1,126.01,65.0,,,on
14010.336,,qwen3.5:4b,run1_p1,125.52,64.0,,,on
14010.858,,qwen3.5:4b,run1_p1,125.47,65.0,,,on
14011.383,,qwen3.5:4b,run1_p1,126.07,64.0,,,on
14011.906,,qwen3.5:4b,run1_p1,125.73,65.0,,,on
14012.429,,qwen3.5:4b,run1_p1,125.72,65.0,,,on
14012.954,,qwen3.5:4b,run1_p1,125.53,65.0,,,on
14013.480,,qwen3.5:4b,run1_p1,125.48,64.0,,,on
14014.004,,qwen3.5:4b,run1_p1,125.54,65.0,,,on
14014.531,,qwen3.5:4b,run1_p1,124.90,65.0,,,on
14015.056,,qwen3.5:4b,run1_p1,125.33,65.0,,,on
14015.580,,qwen3.5:4b,run1_p1,126.20,65.0,,,on
14016.102,,qwen3.5:4b,run1_p1,126.03,65.0,,,on
14016.624,,qwen3.5:4b,run1_p1,126.09,65.0,,,on
14017.155,,qwen3.5:4b,run1_p1,125.96,65.0,,,on
14017.680,,qwen3.5:4b,run1_p1,126.13,65.0,,,on
14018.204,,qwen3.5:4b,run1_p1,126.07,65.0,,,on
14018.740,,qwen3.5:4b,run1_p1,127.23,65.0,,,on
14019.268,,qwen3.5:4b,run1_p1,133.37,66.0,,,on
14019.791,,qwen3.5:4b,run1_p1,130.90,66.0,,,on
14020.316,,qwen3.5:4b,run1_p1,127.06,65.0,,,on
14020.849,,qwen3.5:4b,run1_p1,126.54,65.0,,,on
14021.373,,qwen3.5:4b,run1_p1,126.43,64.0,,,on
14021.895,,qwen3.5:4b,run1_p1,125.98,64.0,,,on
14022.418,,qwen3.5:4b,run1_p1,125.47,64.0,,,on
14022.943,,qwen3.5:4b,run1_p1,125.45,65.0,,,on
14023.472,,qwen3.5:4b,run1_p2,118.11,66.0,,,on
14023.996,,qwen3.5:4b,run1_p2,103.32,63.0,,,on
14024.519,,qwen3.5:4b,run1_p2,112.02,64.0,,,on
14025.041,,qwen3.5:4b,run1_p2,124.97,64.0,,,on
14025.565,,qwen3.5:4b,run1_p2,125.46,65.0,,,on
14026.088,,qwen3.5:4b,run1_p2,126.09,64.0,,,on
14026.612,,qwen3.5:4b,run1_p2,125.81,65.0,,,on
14027.136,,qwen3.5:4b,run1_p2,125.57,65.0,,,on
14027.659,,qwen3.5:4b,run1_p2,125.00,65.0,,,on
14028.183,,qwen3.5:4b,run1_p2,124.95,65.0,,,on
14028.706,,qwen3.5:4b,run1_p2,125.34,64.0,,,on
14029.230,,qwen3.5:4b,run1_p2,125.35,64.0,,,on
14029.755,,qwen3.5:4b,run1_p2,125.58,64.0,,,on
14030.278,,qwen3.5:4b,run1_p2,125.85,65.0,,,on
14030.801,,qwen3.5:4b,run1_p2,125.11,65.0,,,on
14031.326,,qwen3.5:4b,run1_p2,124.75,65.0,,,on
14031.849,,qwen3.5:4b,run1_p2,125.40,65.0,,,on
14032.373,,qwen3.5:4b,run1_p2,126.16,65.0,,,on
14032.901,,qwen3.5:4b,run1_p2,125.67,64.0,,,on
14033.426,,qwen3.5:4b,run1_p2,125.77,65.0,,,on
14033.964,,qwen3.5:4b,run1_p2,125.93,65.0,,,on
14034.489,,qwen3.5:4b,run1_p2,125.46,65.0,,,on
14035.013,,qwen3.5:4b,run1_p2,125.38,65.0,,,on
14035.540,,qwen3.5:4b,run1_p2,125.74,65.0,,,on
14036.063,,qwen3.5:4b,run1_p2,124.92,65.0,,,on
14036.586,,qwen3.5:4b,run1_p2,125.10,65.0,,,on
14037.130,,qwen3.5:4b,run1_p3,118.88,56.0,,,on
14037.653,,qwen3.5:4b,run1_p3,103.93,64.0,,,on
14038.180,,qwen3.5:4b,run1_p3,110.17,64.0,,,on
14038.703,,qwen3.5:4b,run1_p3,124.51,64.0,,,on
14039.226,,qwen3.5:4b,run1_p3,125.47,64.0,,,on
14039.766,,qwen3.5:4b,run1_p3,125.51,65.0,,,on
14040.290,,qwen3.5:4b,run1_p3,125.55,64.0,,,on
14040.814,,qwen3.5:4b,run1_p3,125.09,64.0,,,on
14041.336,,qwen3.5:4b,run1_p3,124.99,64.0,,,on
14041.860,,qwen3.5:4b,run1_p3,125.81,64.0,,,on
14042.382,,qwen3.5:4b,run1_p3,125.62,65.0,,,on
14042.908,,qwen3.5:4b,run1_p3,125.20,65.0,,,on
14043.430,,qwen3.5:4b,run1_p3,124.99,65.0,,,on
14043.954,,qwen3.5:4b,run1_p3,125.35,64.0,,,on
14044.477,,qwen3.5:4b,run1_p3,125.49,64.0,,,on
14045.003,,qwen3.5:4b,run1_p3,124.92,65.0,,,on
14045.527,,qwen3.5:4b,run1_p3,124.47,64.0,,,on
14046.051,,qwen3.5:4b,run1_p3,124.92,64.0,,,on
14046.602,,qwen3.5:4b,run1_p4,116.86,64.0,,,on
14047.137,,qwen3.5:4b,run1_p4,106.66,63.0,,,on
14047.660,,qwen3.5:4b,run1_p4,114.52,64.0,,,on
14048.184,,qwen3.5:4b,run1_p4,125.30,64.0,,,on
14048.710,,qwen3.5:4b,run1_p4,124.73,64.0,,,on
14049.234,,qwen3.5:4b,run1_p4,124.78,65.0,,,on
14049.757,,qwen3.5:4b,run1_p4,125.23,64.0,,,on
14050.320,,qwen3.5:4b,run1_p5,114.52,65.0,,,on
14050.847,,qwen3.5:4b,run1_p5,103.05,64.0,,,on
14051.372,,qwen3.5:4b,run1_p5,106.39,64.0,,,on
14051.895,,qwen3.5:4b,run1_p5,125.05,64.0,,,on
14052.417,,qwen3.5:4b,run1_p5,125.58,64.0,,,on
14052.941,,qwen3.5:4b,run1_p5,125.44,64.0,,,on
14053.465,,qwen3.5:4b,run1_p5,125.96,64.0,,,on
14053.987,,qwen3.5:4b,run1_p5,125.43,64.0,,,on
14054.511,,qwen3.5:4b,run1_p5,124.60,64.0,,,on
14055.038,,qwen3.5:4b,run1_p5,125.42,65.0,,,on
14055.561,,qwen3.5:4b,run1_p5,126.15,65.0,,,on
14056.085,,qwen3.5:4b,run1_p5,125.25,64.0,,,on
14056.611,,qwen3.5:4b,run1_p5,124.84,64.0,,,on
14057.134,,qwen3.5:4b,run1_p5,125.18,64.0,,,on
14057.659,,qwen3.5:4b,run1_p5,125.71,64.0,,,on
14058.183,,qwen3.5:4b,run1_p5,125.57,64.0,,,on
14058.708,,qwen3.5:4b,run1_p5,125.46,65.0,,,on
14059.238,,qwen3.5:4b,run1_p5,125.67,65.0,,,on
14059.761,,qwen3.5:4b,run1_p5,125.52,65.0,,,on
14060.284,,qwen3.5:4b,run1_p5,125.26,64.0,,,on
14060.807,,qwen3.5:4b,run1_p5,125.43,65.0,,,on
14061.334,,qwen3.5:4b,run1_p5,125.78,64.0,,,on
14061.857,,qwen3.5:4b,run1_p5,125.54,64.0,,,on
14062.382,,qwen3.5:4b,run1_p5,124.90,64.0,,,on
14062.905,,qwen3.5:4b,run1_p5,125.10,64.0,,,on
14063.432,,qwen3.5:4b,run1_p5,125.20,65.0,,,on
14063.954,,qwen3.5:4b,run1_p5,125.69,65.0,,,on
14064.477,,qwen3.5:4b,run1_p5,125.99,65.0,,,on
14065.001,,qwen3.5:4b,run1_p5,125.30,64.0,,,on
14065.526,,qwen3.5:4b,run1_p5,125.27,64.0,,,on
14066.062,,qwen3.5:4b,run1_p5,125.58,64.0,,,on
14066.584,,qwen3.5:4b,run1_p5,125.79,64.0,,,on
14067.106,,qwen3.5:4b,run1_p5,125.86,64.0,,,on
14067.631,,qwen3.5:4b,run1_p5,125.97,65.0,,,on
14068.156,,qwen3.5:4b,run1_p5,125.70,64.0,,,on
14068.679,,qwen3.5:4b,run1_p5,125.29,63.0,,,on
14069.202,,qwen3.5:4b,run1_p5,125.68,65.0,,,on
14069.725,,qwen3.5:4b,run1_p5,126.37,65.0,,,on
14070.248,,qwen3.5:4b,run1_p5,125.25,65.0,,,on
14070.770,,qwen3.5:4b,run1_p5,124.98,65.0,,,on
14071.293,,qwen3.5:4b,run1_p5,125.59,64.0,,,on
14071.817,,qwen3.5:4b,run1_p5,126.19,66.0,,,on
14072.341,,qwen3.5:4b,run1_p5,126.53,64.0,,,on
14072.866,,qwen3.5:4b,run1_p5,125.88,65.0,,,on
14073.388,,qwen3.5:4b,run1_p5,126.30,64.0,,,on
14073.910,,qwen3.5:4b,run1_p5,126.46,65.0,,,on
14074.434,,qwen3.5:4b,run1_p5,125.61,64.0,,,on
14074.957,,qwen3.5:4b,run1_p5,125.47,64.0,,,on
14075.479,,qwen3.5:4b,run1_p5,125.81,64.0,,,on
14076.003,,qwen3.5:4b,run1_p5,126.03,65.0,,,on
14076.526,,qwen3.5:4b,run1_p5,125.29,64.0,,,on
14077.053,,qwen3.5:4b,run1_p5,125.67,65.0,,,on
14077.576,,qwen3.5:4b,run1_p5,125.83,65.0,,,on
14078.099,,qwen3.5:4b,run1_p5,125.91,65.0,,,on
14078.622,,qwen3.5:4b,run1_p5,126.37,65.0,,,on
14079.145,,qwen3.5:4b,run1_p5,126.18,63.0,,,on
14079.669,,qwen3.5:4b,run1_p5,125.94,65.0,,,on
14080.192,,qwen3.5:4b,run1_p5,125.79,65.0,,,on
14080.715,,qwen3.5:4b,run1_p5,125.57,64.0,,,on
14081.237,,qwen3.5:4b,run1_p5,126.02,64.0,,,on
14081.765,,qwen3.5:4b,run1_p5,126.32,65.0,,,on
14082.291,,qwen3.5:4b,run1_p5,126.27,65.0,,,on
14082.812,,qwen3.5:4b,run1_p5,125.81,64.0,,,on
14083.336,,qwen3.5:4b,run1_p5,125.63,64.0,,,on
14083.880,,qwen3.5:4b,run1_p5,125.76,65.0,,,on
14084.403,,qwen3.5:4b,run1_p5,125.94,65.0,,,on
14084.931,,qwen3.5:4b,run1_p5,125.30,64.0,,,on
14085.456,,qwen3.5:4b,run1_p5,125.15,65.0,,,on
14085.981,,qwen3.5:4b,run1_p5,125.19,65.0,,,on
14086.507,,qwen3.5:4b,run1_p6,109.58,64.0,,,on
14087.030,,qwen3.5:4b,run1_p6,95.55,54.0,,,on
14087.553,,qwen3.5:4b,run1_p6,111.31,64.0,,,on
14088.075,,qwen3.5:4b,run1_p6,125.65,64.0,,,on
14088.598,,qwen3.5:4b,run1_p6,125.94,65.0,,,on
14089.122,,qwen3.5:4b,run1_p6,125.23,64.0,,,on
14089.647,,qwen3.5:4b,run1_p6,124.60,64.0,,,on
14090.173,,qwen3.5:4b,run1_p6,125.09,65.0,,,on
14090.701,,qwen3.5:4b,run1_p6,125.45,64.0,,,on
14091.223,,qwen3.5:4b,run1_p6,125.62,64.0,,,on
14091.750,,qwen3.5:4b,run1_p6,126.07,64.0,,,on
14092.274,,qwen3.5:4b,run1_p6,125.71,64.0,,,on
14092.797,,qwen3.5:4b,run1_p6,125.60,64.0,,,on
14093.320,,qwen3.5:4b,run1_p6,125.56,65.0,,,on
14093.892,,qwen3.5:4b,run1_p6,125.89,65.0,,,on
14094.415,,qwen3.5:4b,run1_p6,125.94,63.0,,,on
14094.938,,qwen3.5:4b,run1_p6,125.67,65.0,,,on
14095.463,,qwen3.5:4b,run1_p6,125.46,65.0,,,on
14095.990,,qwen3.5:4b,run1_p6,125.08,65.0,,,on
14096.511,,qwen3.5:4b,run1_p6,124.74,64.0,,,on
14097.035,,qwen3.5:4b,run1_p6,125.02,65.0,,,on
14097.559,,qwen3.5:4b,run1_p6,124.84,64.0,,,on
14098.082,,qwen3.5:4b,run1_p6,124.95,64.0,,,on
14098.605,,qwen3.5:4b,run1_p6,125.40,65.0,,,on
14099.128,,qwen3.5:4b,run1_p6,124.62,64.0,,,on
14099.654,,qwen3.5:4b,run1_p6,124.48,64.0,,,on
14100.177,,qwen3.5:4b,run1_p6,125.19,64.0,,,on
14100.701,,qwen3.5:4b,run1_p6,124.81,64.0,,,on
14101.224,,qwen3.5:4b,run1_p6,124.40,64.0,,,on
14101.748,,qwen3.5:4b,run1_p6,124.98,65.0,,,on
14102.271,,qwen3.5:4b,run1_p6,125.38,64.0,,,on
14102.794,,qwen3.5:4b,run1_p6,125.31,64.0,,,on
14103.324,,qwen3.5:4b,run1_p6,125.28,64.0,,,on
14103.849,,qwen3.5:4b,run1_p6,125.68,65.0,,,on
14104.374,,qwen3.5:4b,run1_p6,125.23,64.0,,,on
14104.897,,qwen3.5:4b,run1_p6,124.78,64.0,,,on
14105.418,,qwen3.5:4b,run1_p6,125.05,64.0,,,on
14105.942,,qwen3.5:4b,run1_p6,124.91,64.0,,,on
14106.466,,qwen3.5:4b,run1_p6,124.60,64.0,,,on
14106.989,,qwen3.5:4b,run1_p6,124.60,65.0,,,on
14107.513,,qwen3.5:4b,run1_p6,125.23,65.0,,,on
14108.035,,qwen3.5:4b,run1_p6,125.83,65.0,,,on
14108.560,,qwen3.5:4b,run1_p6,125.89,65.0,,,on
14109.087,,qwen3.5:4b,run1_p6,125.88,64.0,,,on
14109.609,,qwen3.5:4b,run1_p6,125.82,64.0,,,on
14110.134,,qwen3.5:4b,run1_p6,125.82,65.0,,,on
14110.660,,qwen3.5:4b,run1_p6,125.95,64.0,,,on
14111.186,,qwen3.5:4b,run1_p6,125.36,65.0,,,on
14111.710,,qwen3.5:4b,run1_p6,125.23,65.0,,,on
14112.234,,qwen3.5:4b,run1_p6,125.38,65.0,,,on
14112.758,,qwen3.5:4b,run1_p6,124.97,65.0,,,on
14113.283,,qwen3.5:4b,run1_p6,124.76,65.0,,,on
14113.807,,qwen3.5:4b,run1_p6,124.46,65.0,,,on
14114.330,,qwen3.5:4b,run1_p6,124.83,65.0,,,on
14114.853,,qwen3.5:4b,run1_p6,125.34,65.0,,,on
14115.375,,qwen3.5:4b,run1_p6,125.43,65.0,,,on
14115.899,,qwen3.5:4b,run1_p6,125.55,65.0,,,on
14116.422,,qwen3.5:4b,run1_p6,125.49,65.0,,,on
14116.947,,qwen3.5:4b,run1_p6,125.69,65.0,,,on
14117.472,,qwen3.5:4b,run1_p6,125.67,65.0,,,on
14117.996,,qwen3.5:4b,run1_p6,125.64,65.0,,,on
14118.527,,qwen3.5:4b,run1_p6,125.79,65.0,,,on
14119.062,,qwen3.5:4b,run1_p7,104.62,56.0,,,on
14119.587,,qwen3.5:4b,run1_p7,89.71,62.0,,,on
14120.110,,qwen3.5:4b,run1_p7,110.01,64.0,,,on
14120.635,,qwen3.5:4b,run1_p7,124.53,64.0,,,on
14121.160,,qwen3.5:4b,run1_p7,124.94,64.0,,,on
14121.685,,qwen3.5:4b,run1_p7,125.51,65.0,,,on
14122.209,,qwen3.5:4b,run1_p7,125.56,65.0,,,on
14122.733,,qwen3.5:4b,run1_p7,125.50,65.0,,,on
14123.256,,qwen3.5:4b,run1_p7,124.61,65.0,,,on
14123.783,,qwen3.5:4b,run1_p7,124.10,64.0,,,on
14124.308,,qwen3.5:4b,run1_p7,125.07,65.0,,,on
14124.833,,qwen3.5:4b,run1_p7,125.26,65.0,,,on
14125.358,,qwen3.5:4b,run1_p7,124.97,64.0,,,on
14125.883,,qwen3.5:4b,run1_p7,124.87,65.0,,,on
14126.406,,qwen3.5:4b,run1_p7,124.23,64.0,,,on
14126.930,,qwen3.5:4b,run1_p7,124.16,64.0,,,on
14127.455,,qwen3.5:4b,run1_p7,124.37,64.0,,,on
14127.979,,qwen3.5:4b,run1_p7,124.59,64.0,,,on
14128.503,,qwen3.5:4b,run1_p7,124.95,64.0,,,on
14129.028,,qwen3.5:4b,run1_p7,124.65,64.0,,,on
14129.552,,qwen3.5:4b,run1_p7,124.98,64.0,,,on
14130.078,,qwen3.5:4b,run1_p7,125.32,65.0,,,on
14130.601,,qwen3.5:4b,run1_p7,125.02,64.0,,,on
14131.125,,qwen3.5:4b,run1_p7,124.90,64.0,,,on
14131.649,,qwen3.5:4b,run1_p7,124.34,65.0,,,on
14132.173,,qwen3.5:4b,run1_p7,124.20,64.0,,,on
14132.698,,qwen3.5:4b,run1_p7,125.25,64.0,,,on
14133.221,,qwen3.5:4b,run1_p7,124.52,65.0,,,on
14133.746,,qwen3.5:4b,run1_p7,124.40,64.0,,,on
14134.271,,qwen3.5:4b,run1_p7,124.55,65.0,,,on
14134.795,,qwen3.5:4b,run1_p7,124.37,64.0,,,on
14135.319,,qwen3.5:4b,run1_p7,123.99,64.0,,,on
14135.842,,qwen3.5:4b,run1_p7,124.59,64.0,,,on
14136.367,,qwen3.5:4b,run1_p7,124.48,64.0,,,on
14136.892,,qwen3.5:4b,run1_p7,123.97,65.0,,,on
14137.419,,qwen3.5:4b,run1_p7,124.28,64.0,,,on
14137.943,,qwen3.5:4b,run1_p7,124.35,65.0,,,on
14138.467,,qwen3.5:4b,run1_p7,124.08,64.0,,,on
14138.993,,qwen3.5:4b,run1_p7,124.19,64.0,,,on
14139.525,,qwen3.5:4b,run1_p7,124.08,64.0,,,on
14140.049,,qwen3.5:4b,run1_p7,124.89,65.0,,,on
14140.575,,qwen3.5:4b,run1_p7,125.10,64.0,,,on
14141.098,,qwen3.5:4b,run1_p7,124.32,64.0,,,on
14141.622,,qwen3.5:4b,run1_p7,124.58,64.0,,,on
14142.146,,qwen3.5:4b,run1_p7,124.77,64.0,,,on
14142.673,,qwen3.5:4b,run1_p7,124.44,64.0,,,on
14143.195,,qwen3.5:4b,run1_p7,124.49,65.0,,,on
14143.718,,qwen3.5:4b,run1_p7,124.13,64.0,,,on
14144.243,,qwen3.5:4b,run1_p7,123.96,65.0,,,on
14144.767,,qwen3.5:4b,run1_p7,124.89,64.0,,,on
14145.291,,qwen3.5:4b,run1_p7,124.87,64.0,,,on
14145.816,,qwen3.5:4b,run1_p7,124.14,64.0,,,on
14146.342,,qwen3.5:4b,run1_p7,124.47,64.0,,,on
14146.865,,qwen3.5:4b,run1_p7,124.02,65.0,,,on
14147.390,,qwen3.5:4b,run1_p7,123.76,64.0,,,on
14147.914,,qwen3.5:4b,run1_p7,124.02,64.0,,,on
14148.440,,qwen3.5:4b,run1_p7,124.13,64.0,,,on
14148.964,,qwen3.5:4b,run1_p7,124.52,64.0,,,on
14149.487,,qwen3.5:4b,run1_p7,124.71,65.0,,,on
14150.011,,qwen3.5:4b,run1_p7,124.99,65.0,,,on
14150.537,,qwen3.5:4b,run1_p7,125.10,65.0,,,on
14151.061,,qwen3.5:4b,run1_p7,125.14,64.0,,,on
14151.588,,qwen3.5:4b,run1_p7,125.57,64.0,,,on
14152.112,,qwen3.5:4b,run1_p7,125.16,64.0,,,on
14152.639,,qwen3.5:4b,run1_p7,124.43,64.0,,,on
14153.165,,qwen3.5:4b,run1_p7,124.34,64.0,,,on
14153.692,,qwen3.5:4b,run1_p7,124.53,64.0,,,on
14154.217,,qwen3.5:4b,run1_p7,124.32,64.0,,,on
14154.745,,qwen3.5:4b,run1_p7,124.07,64.0,,,on
14155.271,,qwen3.5:4b,run1_p7,124.08,64.0,,,on
14155.796,,qwen3.5:4b,run1_p7,124.16,65.0,,,on
14156.320,,qwen3.5:4b,run1_p7,124.34,64.0,,,on
14156.856,,qwen3.5:4b,run1_p7,124.28,64.0,,,on
14157.382,,qwen3.5:4b,run1_p7,124.14,64.0,,,on
14157.905,,qwen3.5:4b,run1_p7,124.06,64.0,,,on
14158.442,,qwen3.5:4b,run1_p8,117.78,65.0,,,on
14158.965,,qwen3.5:4b,run1_p8,107.66,58.0,,,on
14159.490,,qwen3.5:4b,run1_p8,108.16,64.0,,,on
14160.012,,qwen3.5:4b,run1_p8,125.02,64.0,,,on
14160.536,,qwen3.5:4b,run1_p8,124.82,64.0,,,on
14161.058,,qwen3.5:4b,run1_p8,125.17,65.0,,,on
14161.583,,qwen3.5:4b,run1_p8,125.22,64.0,,,on
14162.108,,qwen3.5:4b,run1_p8,124.82,64.0,,,on
14162.634,,qwen3.5:4b,run1_p8,124.41,65.0,,,on
14163.159,,qwen3.5:4b,run1_p8,123.96,65.0,,,on
14163.683,,qwen3.5:4b,run1_p8,124.78,65.0,,,on
14164.207,,qwen3.5:4b,run1_p8,124.78,64.0,,,on
14164.732,,qwen3.5:4b,run1_p8,125.14,64.0,,,on
14165.256,,qwen3.5:4b,run1_p8,125.56,64.0,,,on
14165.780,,qwen3.5:4b,run1_p8,125.52,65.0,,,on
14166.304,,qwen3.5:4b,run1_p8,124.96,64.0,,,on
14166.829,,qwen3.5:4b,run1_p8,124.06,64.0,,,on
14167.355,,qwen3.5:4b,run1_p8,124.43,64.0,,,on
14167.882,,qwen3.5:4b,run1_p8,125.30,64.0,,,on
14168.404,,qwen3.5:4b,run1_p8,125.04,65.0,,,on
14168.934,,qwen3.5:4b,run1_p8,125.17,65.0,,,on
14169.461,,qwen3.5:4b,run1_p8,125.50,65.0,,,on
14169.986,,qwen3.5:4b,run1_p8,125.75,65.0,,,on
14170.511,,qwen3.5:4b,run1_p8,125.36,65.0,,,on
14171.035,,qwen3.5:4b,run1_p8,124.52,65.0,,,on
14171.560,,qwen3.5:4b,run1_p8,124.52,65.0,,,on
14172.128,,qwen3.5:4b,run1_p8,125.01,65.0,,,on
14172.655,,qwen3.5:4b,run1_p8,125.15,65.0,,,on
14173.178,,qwen3.5:4b,run1_p8,124.81,64.0,,,on
14173.705,,qwen3.5:4b,run1_p9,109.94,65.0,,,on
14174.231,,qwen3.5:4b,run1_p9,92.84,54.0,,,on
14174.756,,qwen3.5:4b,run1_p9,107.26,64.0,,,on
14175.282,,qwen3.5:4b,run1_p9,125.30,64.0,,,on
14175.807,,qwen3.5:4b,run1_p9,125.66,65.0,,,on
14176.330,,qwen3.5:4b,run1_p9,125.58,65.0,,,on
14176.853,,qwen3.5:4b,run1_p9,125.51,65.0,,,on
14177.385,,qwen3.5:4b,run1_p9,125.72,65.0,,,on
14177.910,,qwen3.5:4b,run1_p9,124.95,64.0,,,on
14178.435,,qwen3.5:4b,run1_p9,124.61,64.0,,,on
14178.962,,qwen3.5:4b,run1_p9,125.40,64.0,,,on
14179.487,,qwen3.5:4b,run1_p9,125.38,64.0,,,on
14180.009,,qwen3.5:4b,run1_p9,125.92,64.0,,,on
14180.532,,qwen3.5:4b,run1_p9,125.82,65.0,,,on
14181.055,,qwen3.5:4b,run1_p9,125.04,64.0,,,on
14181.578,,qwen3.5:4b,run1_p9,125.11,64.0,,,on
14182.103,,qwen3.5:4b,run1_p9,124.96,64.0,,,on
14182.628,,qwen3.5:4b,run1_p9,124.52,65.0,,,on
14183.157,,qwen3.5:4b,run1_p9,125.11,64.0,,,on
14183.680,,qwen3.5:4b,run1_p9,125.83,64.0,,,on
14184.202,,qwen3.5:4b,run1_p9,125.88,65.0,,,on
14184.726,,qwen3.5:4b,run1_p9,126.40,65.0,,,on
14185.250,,qwen3.5:4b,run1_p9,126.44,65.0,,,on
14185.774,,qwen3.5:4b,run1_p9,126.00,65.0,,,on
14186.297,,qwen3.5:4b,run1_p9,125.44,65.0,,,on
14186.821,,qwen3.5:4b,run1_p9,125.38,65.0,,,on
14187.344,,qwen3.5:4b,run1_p9,126.11,65.0,,,on
14187.873,,qwen3.5:4b,run1_p9,126.02,65.0,,,on
14188.398,,qwen3.5:4b,run1_p9,125.90,65.0,,,on
14188.922,,qwen3.5:4b,run1_p9,125.38,65.0,,,on
14189.444,,qwen3.5:4b,run1_p9,125.46,65.0,,,on
14189.967,,qwen3.5:4b,run1_p9,125.61,65.0,,,on
14190.491,,qwen3.5:4b,run1_p9,126.09,65.0,,,on
14191.014,,qwen3.5:4b,run1_p9,126.39,65.0,,,on
14191.597,,qwen3.5:4b,run1_p9,126.06,65.0,,,on
14192.120,,qwen3.5:4b,run1_p9,126.69,65.0,,,on
14192.642,,qwen3.5:4b,run1_p9,126.85,65.0,,,on
14193.165,,qwen3.5:4b,run1_p9,126.29,65.0,,,on
14193.688,,qwen3.5:4b,run1_p9,126.14,65.0,,,on
14194.210,,qwen3.5:4b,run1_p9,125.30,64.0,,,on
14194.733,,qwen3.5:4b,run1_p9,125.31,63.0,,,on
14195.255,,qwen3.5:4b,run1_p9,125.76,65.0,,,on
14195.778,,qwen3.5:4b,run1_p9,125.82,65.0,,,on
14196.301,,qwen3.5:4b,run1_p9,126.11,65.0,,,on
14196.823,,qwen3.5:4b,run1_p9,126.59,65.0,,,on
14197.350,,qwen3.5:4b,run1_p9,126.14,65.0,,,on
14197.872,,qwen3.5:4b,run1_p9,125.39,65.0,,,on
14198.401,,qwen3.5:4b,run1_p9,125.38,63.0,,,on
14198.926,,qwen3.5:4b,run1_p9,125.60,65.0,,,on
14199.449,,qwen3.5:4b,run1_p9,125.83,65.0,,,on
14199.973,,qwen3.5:4b,run1_p9,126.52,65.0,,,on
14200.496,,qwen3.5:4b,run1_p9,126.11,66.0,,,on
14201.020,,qwen3.5:4b,run1_p9,125.70,65.0,,,on
14201.546,,qwen3.5:4b,run1_p9,126.34,65.0,,,on
14202.069,,qwen3.5:4b,run1_p9,125.97,65.0,,,on
14202.595,,qwen3.5:4b,run1_p9,126.23,65.0,,,on
14203.118,,qwen3.5:4b,run1_p9,126.74,65.0,,,on
14203.642,,qwen3.5:4b,run1_p9,126.51,65.0,,,on
14204.166,,qwen3.5:4b,run1_p9,125.76,65.0,,,on
14204.689,,qwen3.5:4b,run1_p9,125.84,65.0,,,on
14205.211,,qwen3.5:4b,run1_p9,125.80,65.0,,,on
14205.734,,qwen3.5:4b,run1_p9,126.55,65.0,,,on
14206.256,,qwen3.5:4b,run1_p9,126.52,65.0,,,on
14206.779,,qwen3.5:4b,run1_p9,126.21,65.0,,,on
14207.302,,qwen3.5:4b,run1_p9,126.24,65.0,,,on
14207.825,,qwen3.5:4b,run1_p9,126.20,66.0,,,on
14208.348,,qwen3.5:4b,run1_p9,125.61,65.0,,,on
14208.871,,qwen3.5:4b,run1_p9,125.39,65.0,,,on
14209.394,,qwen3.5:4b,run1_p9,125.84,65.0,,,on
14209.917,,qwen3.5:4b,run1_p9,125.48,64.0,,,on
14210.441,,qwen3.5:4b,run1_p9,125.34,65.0,,,on
14210.965,,qwen3.5:4b,run1_p9,125.77,64.0,,,on
14211.488,,qwen3.5:4b,run1_p9,126.08,65.0,,,on
14212.010,,qwen3.5:4b,run1_p9,125.63,65.0,,,on
14212.534,,qwen3.5:4b,run1_p9,125.88,65.0,,,on
14213.067,,qwen3.5:4b,run1_p10,117.31,65.0,,,on
14213.620,,qwen3.5:4b,run1_p10,99.45,63.0,,,on
14214.146,,qwen3.5:4b,run1_p10,109.70,64.0,,,on
14214.669,,qwen3.5:4b,run1_p10,124.90,64.0,,,on
14215.193,,qwen3.5:4b,run1_p10,125.94,65.0,,,on
14215.716,,qwen3.5:4b,run1_p10,125.52,65.0,,,on
14216.242,,qwen3.5:4b,run1_p10,125.28,65.0,,,on
14216.766,,qwen3.5:4b,run1_p10,125.05,65.0,,,on
14217.291,,qwen3.5:4b,run1_p10,124.27,65.0,,,on
14217.816,,qwen3.5:4b,run1_p10,124.86,64.0,,,on
14218.340,,qwen3.5:4b,run1_p10,125.49,65.0,,,on
14218.866,,qwen3.5:4b,run1_p10,125.39,65.0,,,on
14219.392,,qwen3.5:4b,run1_p10,125.65,65.0,,,on
14219.922,,qwen3.5:4b,run1_p10,125.06,64.0,,,on
14220.476,,qwen3.5:4b,run1_p10,125.50,64.0,,,on
14221.000,,qwen3.5:4b,run1_p10,125.58,65.0,,,on
14221.524,,qwen3.5:4b,run1_p10,125.03,65.0,,,on
14222.049,,qwen3.5:4b,run1_p10,125.50,65.0,,,on
14222.571,,qwen3.5:4b,run1_p10,125.69,65.0,,,on
14223.096,,qwen3.5:4b,run1_p10,125.36,65.0,,,on
14223.620,,qwen3.5:4b,run1_p10,125.13,65.0,,,on
14224.144,,qwen3.5:4b,run1_p10,125.08,64.0,,,on
14224.668,,qwen3.5:4b,run1_p10,125.36,65.0,,,on
14225.192,,qwen3.5:4b,run1_p10,125.32,65.0,,,on
14225.716,,qwen3.5:4b,run1_p10,125.04,65.0,,,on
14226.240,,qwen3.5:4b,run1_p10,125.44,65.0,,,on
14226.764,,qwen3.5:4b,run1_p10,125.65,65.0,,,on
14227.289,,qwen3.5:4b,run1_p10,125.28,64.0,,,on
14227.812,,qwen3.5:4b,run1_p10,125.58,65.0,,,on
14228.342,,qwen3.5:4b,run1_p11,125.69,63.0,,,on
14228.866,,qwen3.5:4b,run1_p11,111.15,56.0,,,on
14229.390,,qwen3.5:4b,run1_p11,111.49,64.0,,,on
14229.915,,qwen3.5:4b,run1_p11,125.98,64.0,,,on
14230.440,,qwen3.5:4b,run1_p11,125.17,65.0,,,on
14230.963,,qwen3.5:4b,run1_p11,124.99,65.0,,,on
14231.488,,qwen3.5:4b,run1_p11,125.25,65.0,,,on
14232.012,,qwen3.5:4b,run1_p11,125.52,65.0,,,on
14232.536,,qwen3.5:4b,run1_p11,125.09,65.0,,,on
14233.060,,qwen3.5:4b,run1_p11,125.34,65.0,,,on
14233.586,,qwen3.5:4b,run1_p11,126.34,65.0,,,on
14234.111,,qwen3.5:4b,run1_p11,125.82,65.0,,,on
14234.634,,qwen3.5:4b,run1_p11,125.06,65.0,,,on
14235.156,,qwen3.5:4b,run1_p11,125.59,65.0,,,on
14235.677,,qwen3.5:4b,run1_p11,125.47,65.0,,,on
14236.202,,qwen3.5:4b,run1_p11,125.62,65.0,,,on
14236.726,,qwen3.5:4b,run1_p11,125.10,65.0,,,on
14237.251,,qwen3.5:4b,run1_p11,124.00,65.0,,,on
14237.775,,qwen3.5:4b,run1_p11,123.18,65.0,,,on
14238.300,,qwen3.5:4b,run1_p11,123.75,64.0,,,on
14238.824,,qwen3.5:4b,run1_p11,124.45,65.0,,,on
14239.347,,qwen3.5:4b,run1_p11,124.29,65.0,,,on
14239.872,,qwen3.5:4b,run1_p11,124.28,65.0,,,on
14240.397,,qwen3.5:4b,run1_p11,123.66,65.0,,,on
14240.921,,qwen3.5:4b,run1_p11,123.42,65.0,,,on
14241.446,,qwen3.5:4b,run1_p11,124.31,65.0,,,on
14241.971,,qwen3.5:4b,run1_p11,123.87,64.0,,,on
14242.497,,qwen3.5:4b,run1_p11,123.92,65.0,,,on
14243.022,,qwen3.5:4b,run1_p11,124.36,64.0,,,on
14243.547,,qwen3.5:4b,run1_p11,124.37,65.0,,,on
14244.070,,qwen3.5:4b,run1_p11,124.28,65.0,,,on
14244.595,,qwen3.5:4b,run1_p11,124.78,65.0,,,on
14245.123,,qwen3.5:4b,run1_p11,124.82,65.0,,,on
14245.648,,qwen3.5:4b,run1_p11,124.04,64.0,,,on
14246.174,,qwen3.5:4b,run1_p11,123.94,65.0,,,on
14246.696,,qwen3.5:4b,run1_p11,124.20,64.0,,,on
14247.223,,qwen3.5:4b,run1_p11,124.14,64.0,,,on
14247.746,,qwen3.5:4b,run1_p11,124.40,65.0,,,on
14248.273,,qwen3.5:4b,run1_p11,124.68,64.0,,,on
14248.803,,qwen3.5:4b,run1_p11,124.18,65.0,,,on
14249.327,,qwen3.5:4b,run1_p11,123.70,64.0,,,on
14249.875,,qwen3.5:4b,run1_p11,124.29,65.0,,,on
14250.400,,qwen3.5:4b,run1_p11,124.74,64.0,,,on
14250.923,,qwen3.5:4b,run1_p11,124.68,65.0,,,on
14251.448,,qwen3.5:4b,run1_p11,124.32,65.0,,,on
14251.971,,qwen3.5:4b,run1_p11,124.20,64.0,,,on
14252.494,,qwen3.5:4b,run1_p11,124.87,64.0,,,on
14253.018,,qwen3.5:4b,run1_p11,124.11,65.0,,,on
14253.543,,qwen3.5:4b,run1_p11,123.72,64.0,,,on
14254.065,,qwen3.5:4b,run1_p11,124.59,65.0,,,on
14254.589,,qwen3.5:4b,run1_p11,124.96,64.0,,,on
14255.111,,qwen3.5:4b,run1_p11,124.74,65.0,,,on
14255.636,,qwen3.5:4b,run1_p11,124.25,64.0,,,on
14256.159,,qwen3.5:4b,run1_p11,124.00,65.0,,,on
14256.682,,qwen3.5:4b,run1_p11,124.14,64.0,,,on
14257.207,,qwen3.5:4b,run1_p11,123.96,64.0,,,on
14257.729,,qwen3.5:4b,run1_p11,124.22,64.0,,,on
14258.254,,qwen3.5:4b,run1_p11,124.30,64.0,,,on
14258.779,,qwen3.5:4b,run1_p11,124.30,64.0,,,on
14259.303,,qwen3.5:4b,run1_p11,123.98,64.0,,,on
14259.828,,qwen3.5:4b,run1_p11,124.14,64.0,,,on
14260.351,,qwen3.5:4b,run1_p11,124.47,65.0,,,on
14260.875,,qwen3.5:4b,run1_p11,124.50,65.0,,,on
14261.398,,qwen3.5:4b,run1_p11,124.39,63.0,,,on
14261.923,,qwen3.5:4b,run1_p11,123.94,64.0,,,on
14262.447,,qwen3.5:4b,run1_p11,123.61,64.0,,,on
14262.972,,qwen3.5:4b,run1_p11,124.12,64.0,,,on
14263.497,,qwen3.5:4b,run1_p11,124.62,64.0,,,on
14264.021,,qwen3.5:4b,run1_p11,124.37,65.0,,,on
14264.546,,qwen3.5:4b,run1_p11,124.00,64.0,,,on
14265.071,,qwen3.5:4b,run1_p11,123.84,65.0,,,on
14265.627,,qwen3.5:4b,run1_p11,113.48,57.0,,,on
14266.152,,qwen3.5:4b,run1_p11,115.33,65.0,,,on
14266.675,,qwen3.5:4b,run1_p11,128.05,65.0,,,on
14267.203,,qwen3.5:4b,run1_p11,127.65,65.0,,,on
14267.726,,qwen3.5:4b,run1_p11,127.82,65.0,,,on
14268.250,,qwen3.5:4b,run1_p11,127.95,64.0,,,on
14268.774,,qwen3.5:4b,run1_p11,128.32,65.0,,,on
14269.343,,qwen3.5:4b,run1_p11,128.33,65.0,,,on
14269.864,,qwen3.5:4b,run1_p11,127.64,65.0,,,on
14270.388,,qwen3.5:4b,run1_p11,127.59,65.0,,,on
14270.914,,qwen3.5:4b,run1_p11,127.36,63.0,,,on
14271.438,,qwen3.5:4b,run1_p11,126.56,65.0,,,on
14271.963,,qwen3.5:4b,run1_p11,127.19,65.0,,,on
14272.490,,qwen3.5:4b,run1_p11,126.52,64.0,,,on
14273.013,,qwen3.5:4b,run1_p11,126.29,64.0,,,on
14273.538,,qwen3.5:4b,run1_p11,127.08,65.0,,,on
14454.226,,qwen3.5:4b,run1_p13,126.69,65.0,,,on
14454.750,,qwen3.5:4b,run1_p13,111.37,63.0,,,on
14455.277,,qwen3.5:4b,run1_p13,111.90,65.0,,,on
14455.800,,qwen3.5:4b,run1_p13,126.76,65.0,,,on
14456.321,,qwen3.5:4b,run1_p13,126.51,65.0,,,on
14456.845,,qwen3.5:4b,run1_p13,125.62,65.0,,,on
14457.368,,qwen3.5:4b,run1_p13,125.40,65.0,,,on
14457.891,,qwen3.5:4b,run1_p13,125.75,64.0,,,on
14458.415,,qwen3.5:4b,run1_p13,125.85,64.0,,,on
14458.938,,qwen3.5:4b,run1_p13,126.10,64.0,,,on
14459.462,,qwen3.5:4b,run1_p13,126.22,65.0,,,on
14459.985,,qwen3.5:4b,run1_p13,126.16,65.0,,,on
14460.511,,qwen3.5:4b,run1_p13,126.21,64.0,,,on
14461.040,,qwen3.5:4b,run1_p13,126.24,65.0,,,on
14461.563,,qwen3.5:4b,run1_p13,126.26,65.0,,,on
14462.086,,qwen3.5:4b,run1_p13,126.26,65.0,,,on
14462.610,,qwen3.5:4b,run1_p13,126.49,65.0,,,on
14463.134,,qwen3.5:4b,run1_p13,126.44,65.0,,,on
14463.658,,qwen3.5:4b,run1_p13,125.96,65.0,,,on
14464.182,,qwen3.5:4b,run1_p13,125.88,65.0,,,on
14464.706,,qwen3.5:4b,run1_p13,126.39,65.0,,,on
14465.230,,qwen3.5:4b,run1_p13,126.84,65.0,,,on
14465.753,,qwen3.5:4b,run1_p13,126.03,65.0,,,on
14466.278,,qwen3.5:4b,run1_p13,126.16,65.0,,,on
14466.803,,qwen3.5:4b,run1_p13,126.32,65.0,,,on
14467.328,,qwen3.5:4b,run1_p13,125.65,65.0,,,on
14467.854,,qwen3.5:4b,run1_p13,125.81,65.0,,,on
14468.378,,qwen3.5:4b,run1_p13,125.73,65.0,,,on
14468.902,,qwen3.5:4b,run1_p13,125.88,65.0,,,on
14469.427,,qwen3.5:4b,run1_p13,126.30,65.0,,,on
14469.950,,qwen3.5:4b,run1_p13,125.88,65.0,,,on
14470.473,,qwen3.5:4b,run1_p13,126.34,65.0,,,on
14471.000,,qwen3.5:4b,run1_p13,126.90,65.0,,,on
14471.524,,qwen3.5:4b,run1_p13,125.97,65.0,,,on
14472.049,,qwen3.5:4b,run1_p13,125.84,65.0,,,on
14472.572,,qwen3.5:4b,run1_p13,126.94,65.0,,,on
14473.096,,qwen3.5:4b,run1_p13,126.90,65.0,,,on
14473.623,,qwen3.5:4b,run1_p13,126.18,65.0,,,on
14474.150,,qwen3.5:4b,run1_p13,126.65,65.0,,,on
14474.674,,qwen3.5:4b,run1_p13,126.83,65.0,,,on
14475.202,,qwen3.5:4b,run1_p13,126.73,65.0,,,on
14475.730,,qwen3.5:4b,run1_p13,126.92,65.0,,,on
14476.255,,qwen3.5:4b,run1_p13,126.22,65.0,,,on
14476.780,,qwen3.5:4b,run1_p13,126.15,65.0,,,on
14477.305,,qwen3.5:4b,run1_p13,125.93,65.0,,,on
14477.833,,qwen3.5:4b,run1_p13,126.25,66.0,,,on
14478.358,,qwen3.5:4b,run1_p13,126.29,65.0,,,on
14478.882,,qwen3.5:4b,run1_p13,126.01,65.0,,,on
14479.410,,qwen3.5:4b,run1_p13,126.36,65.0,,,on
14479.934,,qwen3.5:4b,run1_p13,125.98,65.0,,,on
14480.458,,qwen3.5:4b,run1_p13,126.13,65.0,,,on
14480.982,,qwen3.5:4b,run1_p13,127.03,65.0,,,on
14481.506,,qwen3.5:4b,run1_p13,126.83,65.0,,,on
14482.032,,qwen3.5:4b,run1_p13,126.73,65.0,,,on
14482.556,,qwen3.5:4b,run1_p13,127.26,65.0,,,on
14483.080,,qwen3.5:4b,run1_p13,127.44,65.0,,,on
14483.603,,qwen3.5:4b,run1_p13,127.51,65.0,,,on
14484.129,,qwen3.5:4b,run1_p13,127.67,65.0,,,on
14484.687,,qwen3.5:4b,run1_p13,127.10,65.0,,,on
14485.211,,qwen3.5:4b,run1_p13,126.52,65.0,,,on
14485.735,,qwen3.5:4b,run1_p13,126.11,65.0,,,on
14486.261,,qwen3.5:4b,run1_p13,126.53,65.0,,,on
14486.783,,qwen3.5:4b,run1_p13,126.90,65.0,,,on
14487.310,,qwen3.5:4b,run1_p13,126.47,65.0,,,on
14487.835,,qwen3.5:4b,run1_p13,126.96,65.0,,,on
14488.360,,qwen3.5:4b,run1_p13,127.06,65.0,,,on
14488.884,,qwen3.5:4b,run1_p13,126.14,65.0,,,on
14489.408,,qwen3.5:4b,run1_p13,125.69,65.0,,,on
14489.931,,qwen3.5:4b,run1_p13,126.70,65.0,,,on
14490.457,,qwen3.5:4b,run1_p13,127.53,65.0,,,on
14490.988,,qwen3.5:4b,run1_p13,126.83,65.0,,,on
14491.512,,qwen3.5:4b,run1_p13,126.58,65.0,,,on
14492.038,,qwen3.5:4b,run1_p13,126.78,65.0,,,on
14492.563,,qwen3.5:4b,run1_p13,126.71,65.0,,,on
14493.090,,qwen3.5:4b,run1_p13,126.31,65.0,,,on
14493.615,,qwen3.5:4b,run1_p13,126.30,65.0,,,on
14494.138,,qwen3.5:4b,run1_p13,127.54,66.0,,,on
14494.661,,qwen3.5:4b,run1_p13,126.87,65.0,,,on
14495.202,,qwen3.5:4b,run1_p13,126.64,65.0,,,on
14495.725,,qwen3.5:4b,run1_p13,127.36,65.0,,,on
14496.249,,qwen3.5:4b,run1_p13,127.06,65.0,,,on
14496.774,,qwen3.5:4b,run1_p13,126.87,65.0,,,on
14497.295,,qwen3.5:4b,run1_p13,127.16,66.0,,,on
14497.819,,qwen3.5:4b,run1_p13,127.08,65.0,,,on
14498.344,,qwen3.5:4b,run1_p13,126.52,65.0,,,on
14498.867,,qwen3.5:4b,run1_p13,126.79,65.0,,,on
14499.393,,qwen3.5:4b,run1_p13,127.12,66.0,,,on
14499.917,,qwen3.5:4b,run1_p13,126.84,65.0,,,on
14500.440,,qwen3.5:4b,run1_p13,127.01,65.0,,,on
14500.965,,qwen3.5:4b,run1_p13,126.79,65.0,,,on
14501.489,,qwen3.5:4b,run1_p13,126.41,65.0,,,on
14502.015,,qwen3.5:4b,run1_p13,126.27,65.0,,,on
14502.541,,qwen3.5:4b,run1_p13,126.70,66.0,,,on
14503.066,,qwen3.5:4b,run1_p13,127.05,65.0,,,on
14503.590,,qwen3.5:4b,run1_p13,126.90,65.0,,,on
14504.114,,qwen3.5:4b,run1_p13,126.75,66.0,,,on
14504.645,,qwen3.5:4b,run1_p13,126.29,66.0,,,on
14505.176,,qwen3.5:4b,run1_p13,125.18,65.0,,,on
14505.700,,qwen3.5:4b,run1_p13,126.15,66.0,,,on
14506.224,,qwen3.5:4b,run1_p13,127.18,65.0,,,on
14506.747,,qwen3.5:4b,run1_p13,127.43,65.0,,,on
14507.270,,qwen3.5:4b,run1_p13,126.97,65.0,,,on
14507.794,,qwen3.5:4b,run1_p13,126.79,66.0,,,on
14508.338,,qwen3.5:4b,run1_p14,122.62,65.0,,,on
14508.865,,qwen3.5:4b,run1_p14,107.82,64.0,,,on
14509.391,,qwen3.5:4b,run1_p14,112.01,65.0,,,on
14509.915,,qwen3.5:4b,run1_p14,127.02,65.0,,,on
14510.440,,qwen3.5:4b,run1_p14,127.49,65.0,,,on
14510.963,,qwen3.5:4b,run1_p14,127.58,65.0,,,on
14511.489,,qwen3.5:4b,run1_p14,127.41,65.0,,,on
14512.012,,qwen3.5:4b,run1_p14,127.13,65.0,,,on
14512.536,,qwen3.5:4b,run1_p14,127.17,65.0,,,on
14513.062,,qwen3.5:4b,run1_p14,127.62,65.0,,,on
14513.591,,qwen3.5:4b,run1_p14,127.05,65.0,,,on
14514.115,,qwen3.5:4b,run1_p14,127.07,65.0,,,on
14514.640,,qwen3.5:4b,run1_p14,127.52,65.0,,,on
14515.164,,qwen3.5:4b,run1_p14,128.22,65.0,,,on
14515.690,,qwen3.5:4b,run1_p14,128.16,65.0,,,on
14516.215,,qwen3.5:4b,run1_p14,127.71,66.0,,,on
14516.741,,qwen3.5:4b,run1_p14,126.58,65.0,,,on
14517.266,,qwen3.5:4b,run1_p14,126.91,65.0,,,on
14517.790,,qwen3.5:4b,run1_p14,127.80,65.0,,,on
14518.314,,qwen3.5:4b,run1_p14,127.61,65.0,,,on
14518.842,,qwen3.5:4b,run1_p14,127.77,65.0,,,on
14519.367,,qwen3.5:4b,run1_p14,127.60,66.0,,,on
14519.893,,qwen3.5:4b,run1_p14,126.81,65.0,,,on
14520.421,,qwen3.5:4b,run1_p14,127.22,65.0,,,on
14520.946,,qwen3.5:4b,run1_p14,127.77,65.0,,,on
14521.473,,qwen3.5:4b,run1_p14,127.85,65.0,,,on
14522.004,,qwen3.5:4b,run1_p14,127.96,65.0,,,on
14522.531,,qwen3.5:4b,run1_p14,127.69,65.0,,,on
14523.056,,qwen3.5:4b,run1_p14,127.59,65.0,,,on
14523.581,,qwen3.5:4b,run1_p14,127.21,65.0,,,on
14524.106,,qwen3.5:4b,run1_p14,127.39,65.0,,,on
14524.632,,qwen3.5:4b,run1_p14,127.62,65.0,,,on
14525.156,,qwen3.5:4b,run1_p14,127.65,64.0,,,on
14525.681,,qwen3.5:4b,run1_p14,128.28,65.0,,,on
14526.208,,qwen3.5:4b,run1_p14,128.13,65.0,,,on
14526.735,,qwen3.5:4b,run1_p14,127.96,65.0,,,on
14527.259,,qwen3.5:4b,run1_p14,127.59,65.0,,,on
14527.786,,qwen3.5:4b,run1_p14,127.49,65.0,,,on
14528.312,,qwen3.5:4b,run1_p14,127.97,65.0,,,on
14528.835,,qwen3.5:4b,run1_p14,128.09,65.0,,,on
14529.360,,qwen3.5:4b,run1_p14,128.00,65.0,,,on
14529.884,,qwen3.5:4b,run1_p14,127.89,65.0,,,on
14530.412,,qwen3.5:4b,run1_p14,127.89,65.0,,,on
14530.938,,qwen3.5:4b,run1_p14,128.07,65.0,,,on
14531.464,,qwen3.5:4b,run1_p14,127.84,65.0,,,on
14531.989,,qwen3.5:4b,run1_p14,127.74,65.0,,,on
14532.515,,qwen3.5:4b,run1_p14,127.68,65.0,,,on
14533.040,,qwen3.5:4b,run1_p14,127.71,65.0,,,on
14533.563,,qwen3.5:4b,run1_p14,127.60,65.0,,,on
14534.094,,qwen3.5:4b,run1_p14,127.39,65.0,,,on
14534.619,,qwen3.5:4b,run1_p14,128.14,65.0,,,on
14535.143,,qwen3.5:4b,run1_p14,127.70,64.0,,,on
14535.666,,qwen3.5:4b,run1_p14,127.94,65.0,,,on
14536.188,,qwen3.5:4b,run1_p14,128.55,65.0,,,on
14536.713,,qwen3.5:4b,run1_p14,127.88,65.0,,,on
14537.235,,qwen3.5:4b,run1_p14,126.89,64.0,,,on
14537.760,,qwen3.5:4b,run1_p14,127.58,65.0,,,on
14538.283,,qwen3.5:4b,run1_p14,128.66,66.0,,,on
14538.805,,qwen3.5:4b,run1_p14,128.98,65.0,,,on
14539.327,,qwen3.5:4b,run1_p14,128.68,65.0,,,on
14539.850,,qwen3.5:4b,run1_p14,128.33,65.0,,,on
14540.372,,qwen3.5:4b,run1_p14,128.18,65.0,,,on
14540.896,,qwen3.5:4b,run1_p14,128.27,65.0,,,on
14541.419,,qwen3.5:4b,run1_p14,127.75,65.0,,,on
14541.945,,qwen3.5:4b,run1_p14,127.22,65.0,,,on
14542.468,,qwen3.5:4b,run1_p14,127.39,65.0,,,on
14542.999,,qwen3.5:4b,run2_p0,118.49,66.0,,,on
14543.523,,qwen3.5:4b,run2_p0,100.82,56.0,,,on
14544.047,,qwen3.5:4b,run2_p0,109.91,65.0,,,on
14544.570,,qwen3.5:4b,run2_p0,127.63,65.0,,,on
14545.094,,qwen3.5:4b,run2_p0,128.15,65.0,,,on
14545.634,,qwen3.5:4b,run2_p1,109.04,57.0,,,on
14546.157,,qwen3.5:4b,run2_p1,92.43,62.0,,,on
14546.680,,qwen3.5:4b,run2_p1,111.68,65.0,,,on
14547.203,,qwen3.5:4b,run2_p1,127.75,65.0,,,on
14547.732,,qwen3.5:4b,run2_p1,127.86,66.0,,,on
14548.254,,qwen3.5:4b,run2_p1,128.09,65.0,,,on
14548.777,,qwen3.5:4b,run2_p1,127.90,65.0,,,on
14549.301,,qwen3.5:4b,run2_p1,127.01,65.0,,,on
14549.828,,qwen3.5:4b,run2_p1,126.33,64.0,,,on
14550.353,,qwen3.5:4b,run2_p1,126.33,65.0,,,on
14550.875,,qwen3.5:4b,run2_p1,126.84,65.0,,,on
14551.402,,qwen3.5:4b,run2_p1,126.84,65.0,,,on
14551.927,,qwen3.5:4b,run2_p1,126.96,65.0,,,on
14552.450,,qwen3.5:4b,run2_p1,127.24,65.0,,,on
14552.972,,qwen3.5:4b,run2_p1,127.54,65.0,,,on
14553.538,,qwen3.5:4b,run2_p1,127.05,65.0,,,on
14554.063,,qwen3.5:4b,run2_p1,126.45,65.0,,,on
14554.586,,qwen3.5:4b,run2_p1,126.35,65.0,,,on
14555.108,,qwen3.5:4b,run2_p1,125.88,65.0,,,on
14555.630,,qwen3.5:4b,run2_p1,127.08,65.0,,,on
14556.159,,qwen3.5:4b,run2_p1,127.68,65.0,,,on
14556.682,,qwen3.5:4b,run2_p1,127.25,65.0,,,on
14557.206,,qwen3.5:4b,run2_p1,126.57,65.0,,,on
14557.728,,qwen3.5:4b,run2_p1,126.98,65.0,,,on
14558.252,,qwen3.5:4b,run2_p1,127.42,65.0,,,on
14558.774,,qwen3.5:4b,run2_p1,127.52,65.0,,,on
14559.297,,qwen3.5:4b,run2_p1,127.02,65.0,,,on
14559.820,,qwen3.5:4b,run2_p1,126.07,65.0,,,on
14560.345,,qwen3.5:4b,run2_p2,126.02,65.0,,,on
14560.871,,qwen3.5:4b,run2_p2,112.65,62.0,,,on
14561.395,,qwen3.5:4b,run2_p2,113.15,65.0,,,on
14561.917,,qwen3.5:4b,run2_p2,127.26,65.0,,,on
14562.440,,qwen3.5:4b,run2_p2,126.63,65.0,,,on
14562.963,,qwen3.5:4b,run2_p2,125.15,66.0,,,on
14563.512,,qwen3.5:4b,run2_p2,125.43,65.0,,,on
14564.037,,qwen3.5:4b,run2_p2,126.75,65.0,,,on
14564.560,,qwen3.5:4b,run2_p2,126.28,65.0,,,on
14565.083,,qwen3.5:4b,run2_p2,125.40,65.0,,,on
14565.610,,qwen3.5:4b,run2_p2,125.54,65.0,,,on
14566.135,,qwen3.5:4b,run2_p2,126.07,65.0,,,on
14566.659,,qwen3.5:4b,run2_p2,125.88,65.0,,,on
14567.185,,qwen3.5:4b,run2_p2,126.28,65.0,,,on
14567.708,,qwen3.5:4b,run2_p2,126.43,65.0,,,on
14568.232,,qwen3.5:4b,run2_p2,125.76,65.0,,,on
14568.756,,qwen3.5:4b,run2_p2,125.77,65.0,,,on
14569.280,,qwen3.5:4b,run2_p2,125.97,65.0,,,on
14569.807,,qwen3.5:4b,run2_p2,126.64,65.0,,,on
14570.335,,qwen3.5:4b,run2_p3,120.76,65.0,,,on
14570.858,,qwen3.5:4b,run2_p3,101.97,55.0,,,on
14571.384,,qwen3.5:4b,run2_p3,108.35,65.0,,,on
14571.907,,qwen3.5:4b,run2_p3,127.01,65.0,,,on
14572.431,,qwen3.5:4b,run2_p3,127.16,65.0,,,on
14572.964,,qwen3.5:4b,run2_p3,126.49,65.0,,,on
14573.486,,qwen3.5:4b,run2_p3,126.45,65.0,,,on
14574.008,,qwen3.5:4b,run2_p3,126.16,65.0,,,on
14574.532,,qwen3.5:4b,run2_p3,125.88,65.0,,,on
14575.056,,qwen3.5:4b,run2_p3,126.36,65.0,,,on
14575.584,,qwen3.5:4b,run2_p3,126.88,65.0,,,on
14576.108,,qwen3.5:4b,run2_p3,127.18,65.0,,,on
14576.633,,qwen3.5:4b,run2_p3,125.95,65.0,,,on
14577.157,,qwen3.5:4b,run2_p3,125.57,65.0,,,on
14577.731,,qwen3.5:4b,run2_p4,113.08,65.0,,,on
14578.254,,qwen3.5:4b,run2_p4,102.20,64.0,,,on
14578.780,,qwen3.5:4b,run2_p4,114.51,65.0,,,on
14579.305,,qwen3.5:4b,run2_p4,127.47,65.0,,,on
14579.828,,qwen3.5:4b,run2_p4,127.77,65.0,,,on
14580.351,,qwen3.5:4b,run2_p4,127.63,65.0,,,on
14580.874,,qwen3.5:4b,run2_p4,127.44,65.0,,,on
14581.401,,qwen3.5:4b,run2_p4,126.96,65.0,,,on
14581.929,,qwen3.5:4b,run2_p4,126.63,65.0,,,on
14582.454,,qwen3.5:4b,run2_p4,126.90,65.0,,,on
14582.979,,qwen3.5:4b,run2_p4,127.70,65.0,,,on
14583.503,,qwen3.5:4b,run2_p4,127.81,65.0,,,on
14584.036,,qwen3.5:4b,run2_p5,110.14,65.0,,,on
14584.559,,qwen3.5:4b,run2_p5,89.16,54.0,,,on
14585.084,,qwen3.5:4b,run2_p5,105.24,64.0,,,on
14585.610,,qwen3.5:4b,run2_p5,124.83,64.0,,,on
14586.134,,qwen3.5:4b,run2_p5,125.69,65.0,,,on
14586.658,,qwen3.5:4b,run2_p5,125.88,63.0,,,on
14587.182,,qwen3.5:4b,run2_p5,125.93,64.0,,,on
14587.705,,qwen3.5:4b,run2_p5,126.00,65.0,,,on
14588.233,,qwen3.5:4b,run2_p5,125.87,64.0,,,on
14588.757,,qwen3.5:4b,run2_p5,125.13,65.0,,,on
14589.285,,qwen3.5:4b,run2_p5,125.68,65.0,,,on
14589.808,,qwen3.5:4b,run2_p5,125.83,64.0,,,on
14590.333,,qwen3.5:4b,run2_p5,125.89,65.0,,,on
14590.860,,qwen3.5:4b,run2_p5,126.51,65.0,,,on
14591.387,,qwen3.5:4b,run2_p5,126.90,65.0,,,on
14591.913,,qwen3.5:4b,run2_p5,126.53,65.0,,,on
14592.440,,qwen3.5:4b,run2_p5,126.07,65.0,,,on
14592.962,,qwen3.5:4b,run2_p5,126.53,65.0,,,on
14593.490,,qwen3.5:4b,run2_p5,126.70,64.0,,,on
14594.016,,qwen3.5:4b,run2_p5,126.03,65.0,,,on
14594.542,,qwen3.5:4b,run2_p6,94.88,55.0,,,on
14595.069,,qwen3.5:4b,run2_p6,78.12,61.0,,,on
14595.592,,qwen3.5:4b,run2_p6,109.15,63.0,,,on
14596.115,,qwen3.5:4b,run2_p6,126.30,64.0,,,on
14596.643,,qwen3.5:4b,run2_p6,126.63,64.0,,,on
14597.168,,qwen3.5:4b,run2_p6,126.36,65.0,,,on
14597.697,,qwen3.5:4b,run2_p6,126.34,64.0,,,on
14598.221,,qwen3.5:4b,run2_p6,125.71,65.0,,,on
14598.748,,qwen3.5:4b,run2_p6,125.43,64.0,,,on
14599.273,,qwen3.5:4b,run2_p6,125.52,65.0,,,on
14599.797,,qwen3.5:4b,run2_p6,125.82,65.0,,,on
14600.320,,qwen3.5:4b,run2_p6,125.96,65.0,,,on
14600.847,,qwen3.5:4b,run2_p6,125.39,64.0,,,on
14601.370,,qwen3.5:4b,run2_p6,125.79,64.0,,,on
14601.899,,qwen3.5:4b,run2_p6,126.15,64.0,,,on
14602.423,,qwen3.5:4b,run2_p6,125.37,64.0,,,on
14602.947,,qwen3.5:4b,run2_p6,125.86,65.0,,,on
14603.473,,qwen3.5:4b,run2_p6,125.41,65.0,,,on
14603.998,,qwen3.5:4b,run2_p6,125.75,65.0,,,on
14604.521,,qwen3.5:4b,run2_p6,126.43,65.0,,,on
14605.050,,qwen3.5:4b,run2_p6,126.06,65.0,,,on
14605.573,,qwen3.5:4b,run2_p6,125.95,65.0,,,on
14606.097,,qwen3.5:4b,run2_p6,125.93,64.0,,,on
14606.623,,qwen3.5:4b,run2_p6,126.13,65.0,,,on
14607.149,,qwen3.5:4b,run2_p6,126.56,65.0,,,on
14607.679,,qwen3.5:4b,run2_p6,126.14,65.0,,,on
14608.202,,qwen3.5:4b,run2_p6,125.53,65.0,,,on
14608.725,,qwen3.5:4b,run2_p6,125.50,64.0,,,on
14609.252,,qwen3.5:4b,run2_p6,125.35,65.0,,,on
14609.777,,qwen3.5:4b,run2_p6,125.90,65.0,,,on
14610.301,,qwen3.5:4b,run2_p6,126.25,65.0,,,on
14610.825,,qwen3.5:4b,run2_p6,126.52,65.0,,,on
14611.349,,qwen3.5:4b,run2_p6,126.10,65.0,,,on
14611.879,,qwen3.5:4b,run2_p6,125.93,65.0,,,on
14612.408,,qwen3.5:4b,run2_p6,126.35,65.0,,,on
14612.930,,qwen3.5:4b,run2_p6,126.60,65.0,,,on
14613.454,,qwen3.5:4b,run2_p6,126.42,65.0,,,on
14613.980,,qwen3.5:4b,run2_p6,125.68,65.0,,,on
14614.505,,qwen3.5:4b,run2_p6,125.79,65.0,,,on
14615.030,,qwen3.5:4b,run2_p6,126.48,65.0,,,on
14615.554,,qwen3.5:4b,run2_p6,126.66,65.0,,,on
14616.081,,qwen3.5:4b,run2_p6,126.15,65.0,,,on
14616.605,,qwen3.5:4b,run2_p6,126.23,65.0,,,on
14617.134,,qwen3.5:4b,run2_p6,126.68,65.0,,,on
14617.659,,qwen3.5:4b,run2_p6,125.91,65.0,,,on
14618.184,,qwen3.5:4b,run2_p6,125.80,65.0,,,on
14618.708,,qwen3.5:4b,run2_p6,126.03,65.0,,,on
14619.232,,qwen3.5:4b,run2_p6,126.06,65.0,,,on
14619.756,,qwen3.5:4b,run2_p6,125.96,65.0,,,on
14620.289,,qwen3.5:4b,run2_p6,126.05,65.0,,,on
14620.814,,qwen3.5:4b,run2_p6,126.64,65.0,,,on
14621.338,,qwen3.5:4b,run2_p6,126.43,65.0,,,on
14621.866,,qwen3.5:4b,run2_p7,108.52,55.0,,,on
14622.391,,qwen3.5:4b,run2_p7,90.45,63.0,,,on
14622.915,,qwen3.5:4b,run2_p7,108.83,65.0,,,on
14623.441,,qwen3.5:4b,run2_p7,127.39,65.0,,,on
14623.963,,qwen3.5:4b,run2_p7,127.02,64.0,,,on
14624.488,,qwen3.5:4b,run2_p7,127.48,65.0,,,on
14625.016,,qwen3.5:4b,run2_p7,127.01,64.0,,,on
14625.541,,qwen3.5:4b,run2_p7,126.71,65.0,,,on
14626.068,,qwen3.5:4b,run2_p7,127.10,65.0,,,on
14626.592,,qwen3.5:4b,run2_p7,127.11,65.0,,,on
14627.117,,qwen3.5:4b,run2_p7,127.69,66.0,,,on
14627.639,,qwen3.5:4b,run2_p7,127.44,65.0,,,on
14628.163,,qwen3.5:4b,run2_p7,127.35,65.0,,,on
14628.687,,qwen3.5:4b,run2_p7,127.41,65.0,,,on
14629.214,,qwen3.5:4b,run2_p7,127.99,65.0,,,on
14629.737,,qwen3.5:4b,run2_p7,128.10,65.0,,,on
14630.262,,qwen3.5:4b,run2_p7,128.05,65.0,,,on
14630.786,,qwen3.5:4b,run2_p7,127.93,65.0,,,on
14631.310,,qwen3.5:4b,run2_p7,127.74,65.0,,,on
14631.833,,qwen3.5:4b,run2_p7,127.96,65.0,,,on
14632.355,,qwen3.5:4b,run2_p7,127.75,65.0,,,on
14632.878,,qwen3.5:4b,run2_p7,127.68,65.0,,,on
14633.402,,qwen3.5:4b,run2_p7,127.57,65.0,,,on
14633.926,,qwen3.5:4b,run2_p7,127.46,65.0,,,on
14634.453,,qwen3.5:4b,run2_p7,127.76,65.0,,,on
14634.978,,qwen3.5:4b,run2_p7,128.08,65.0,,,on
14635.503,,qwen3.5:4b,run2_p7,127.86,65.0,,,on
14636.031,,qwen3.5:4b,run2_p7,127.28,65.0,,,on
14636.554,,qwen3.5:4b,run2_p7,126.59,65.0,,,on
14637.078,,qwen3.5:4b,run2_p7,127.21,65.0,,,on
14637.605,,qwen3.5:4b,run2_p7,127.65,65.0,,,on
14638.132,,qwen3.5:4b,run2_p7,127.78,65.0,,,on
14638.659,,qwen3.5:4b,run2_p7,127.44,65.0,,,on
14639.184,,qwen3.5:4b,run2_p7,127.66,66.0,,,on
14639.706,,qwen3.5:4b,run2_p7,127.90,65.0,,,on
14640.231,,qwen3.5:4b,run2_p7,127.49,65.0,,,on
14640.755,,qwen3.5:4b,run2_p7,126.93,65.0,,,on
14641.279,,qwen3.5:4b,run2_p7,127.04,65.0,,,on
14641.805,,qwen3.5:4b,run2_p7,127.30,65.0,,,on
14642.329,,qwen3.5:4b,run2_p7,128.09,66.0,,,on
14642.853,,qwen3.5:4b,run2_p7,128.18,65.0,,,on
14643.379,,qwen3.5:4b,run2_p7,127.46,66.0,,,on
14643.905,,qwen3.5:4b,run2_p7,127.43,65.0,,,on
14644.431,,qwen3.5:4b,run2_p7,127.40,66.0,,,on
14644.957,,qwen3.5:4b,run2_p7,127.03,65.0,,,on
14645.479,,qwen3.5:4b,run2_p7,127.59,65.0,,,on
14646.003,,qwen3.5:4b,run2_p7,127.06,65.0,,,on
14646.526,,qwen3.5:4b,run2_p7,126.34,65.0,,,on
14647.050,,qwen3.5:4b,run2_p7,126.69,65.0,,,on
14647.572,,qwen3.5:4b,run2_p7,126.96,65.0,,,on
14648.095,,qwen3.5:4b,run2_p7,127.60,65.0,,,on
14648.620,,qwen3.5:4b,run2_p7,128.15,65.0,,,on
14649.145,,qwen3.5:4b,run2_p7,127.81,65.0,,,on
14649.669,,qwen3.5:4b,run2_p7,127.42,66.0,,,on
14650.194,,qwen3.5:4b,run2_p7,127.46,66.0,,,on
14650.717,,qwen3.5:4b,run2_p7,127.53,65.0,,,on
14651.242,,qwen3.5:4b,run2_p7,127.66,66.0,,,on
14651.765,,qwen3.5:4b,run2_p7,127.83,65.0,,,on
14652.289,,qwen3.5:4b,run2_p7,128.48,66.0,,,on
14652.812,,qwen3.5:4b,run2_p7,128.53,65.0,,,on
14653.335,,qwen3.5:4b,run2_p7,128.40,66.0,,,on
14653.860,,qwen3.5:4b,run2_p7,128.43,65.0,,,on
14654.383,,qwen3.5:4b,run2_p7,128.04,65.0,,,on
14654.907,,qwen3.5:4b,run2_p7,127.23,65.0,,,on
14655.430,,qwen3.5:4b,run2_p7,126.71,65.0,,,on
14655.952,,qwen3.5:4b,run2_p7,127.32,65.0,,,on
14656.476,,qwen3.5:4b,run2_p7,127.37,65.0,,,on
14657.001,,qwen3.5:4b,run2_p7,127.34,65.0,,,on
14657.524,,qwen3.5:4b,run2_p7,127.53,65.0,,,on
14658.047,,qwen3.5:4b,run2_p7,127.00,65.0,,,on
14658.570,,qwen3.5:4b,run2_p7,127.18,65.0,,,on
14659.146,,qwen3.5:4b,run2_p8,124.10,65.0,,,on
14659.669,,qwen3.5:4b,run2_p8,107.59,63.0,,,on
14660.191,,qwen3.5:4b,run2_p8,111.25,66.0,,,on
14660.714,,qwen3.5:4b,run2_p8,128.18,65.0,,,on
14661.237,,qwen3.5:4b,run2_p8,127.99,65.0,,,on
14661.759,,qwen3.5:4b,run2_p8,127.49,65.0,,,on
14662.282,,qwen3.5:4b,run2_p8,126.63,65.0,,,on
14662.807,,qwen3.5:4b,run2_p8,126.48,65.0,,,on
14663.330,,qwen3.5:4b,run2_p8,126.69,65.0,,,on
14663.854,,qwen3.5:4b,run2_p8,126.80,65.0,,,on
14664.376,,qwen3.5:4b,run2_p8,127.12,65.0,,,on
14664.898,,qwen3.5:4b,run2_p8,127.32,65.0,,,on
14665.420,,qwen3.5:4b,run2_p8,127.50,65.0,,,on
14665.948,,qwen3.5:4b,run2_p8,127.39,65.0,,,on
14666.472,,qwen3.5:4b,run2_p8,127.33,65.0,,,on
14666.996,,qwen3.5:4b,run2_p8,126.98,65.0,,,on
14667.519,,qwen3.5:4b,run2_p8,126.35,64.0,,,on
14668.042,,qwen3.5:4b,run2_p8,126.80,65.0,,,on
14668.565,,qwen3.5:4b,run2_p8,127.48,65.0,,,on
14669.089,,qwen3.5:4b,run2_p8,127.38,65.0,,,on
14669.613,,qwen3.5:4b,run2_p8,126.90,65.0,,,on
14670.135,,qwen3.5:4b,run2_p8,127.03,65.0,,,on
14670.658,,qwen3.5:4b,run2_p8,126.63,65.0,,,on
14671.185,,qwen3.5:4b,run2_p8,126.88,65.0,,,on
14671.707,,qwen3.5:4b,run2_p8,127.63,66.0,,,on
14672.232,,qwen3.5:4b,run2_p8,126.89,65.0,,,on
14672.755,,qwen3.5:4b,run2_p8,126.70,65.0,,,on
14673.278,,qwen3.5:4b,run2_p8,127.42,65.0,,,on
14673.801,,qwen3.5:4b,run2_p8,127.72,65.0,,,on
14674.330,,qwen3.5:4b,run2_p8,127.05,65.0,,,on
14674.853,,qwen3.5:4b,run2_p8,126.88,65.0,,,on
14675.377,,qwen3.5:4b,run2_p8,126.99,65.0,,,on
14675.900,,qwen3.5:4b,run2_p8,126.62,66.0,,,on
14676.423,,qwen3.5:4b,run2_p8,126.65,65.0,,,on
14676.953,,qwen3.5:4b,run2_p8,127.18,65.0,,,on
14677.477,,qwen3.5:4b,run2_p8,126.99,65.0,,,on
14678.001,,qwen3.5:4b,run2_p8,126.44,64.0,,,on
14678.525,,qwen3.5:4b,run2_p8,126.04,64.0,,,on
14679.046,,qwen3.5:4b,run2_p8,126.40,63.0,,,on
14679.568,,qwen3.5:4b,run2_p8,127.19,64.0,,,on
14680.101,,qwen3.5:4b,run2_p8,127.75,65.0,,,on
14680.624,,qwen3.5:4b,run2_p8,127.94,65.0,,,on
14681.175,,qwen3.5:4b,run2_p8,126.91,65.0,,,on
14681.696,,qwen3.5:4b,run2_p8,126.55,65.0,,,on
14682.220,,qwen3.5:4b,run2_p8,126.61,64.0,,,on
14682.745,,qwen3.5:4b,run2_p8,126.20,65.0,,,on
14683.270,,qwen3.5:4b,run2_p8,126.67,65.0,,,on
14683.792,,qwen3.5:4b,run2_p8,127.09,65.0,,,on
14684.317,,qwen3.5:4b,run2_p8,126.34,65.0,,,on
14684.841,,qwen3.5:4b,run2_p8,126.09,65.0,,,on
14685.365,,qwen3.5:4b,run2_p8,126.66,65.0,,,on
14685.891,,qwen3.5:4b,run2_p8,126.68,66.0,,,on
14686.417,,qwen3.5:4b,run2_p8,126.69,65.0,,,on
14686.941,,qwen3.5:4b,run2_p8,126.88,65.0,,,on
14687.464,,qwen3.5:4b,run2_p8,127.20,65.0,,,on
14687.987,,qwen3.5:4b,run2_p8,126.84,65.0,,,on
14688.511,,qwen3.5:4b,run2_p8,126.08,65.0,,,on
14689.036,,qwen3.5:4b,run2_p8,126.57,65.0,,,on
14689.561,,qwen3.5:4b,run2_p8,126.99,65.0,,,on
14690.086,,qwen3.5:4b,run2_p8,126.80,65.0,,,on
14690.610,,qwen3.5:4b,run2_p8,126.47,65.0,,,on
14691.134,,qwen3.5:4b,run2_p8,126.14,65.0,,,on
14691.659,,qwen3.5:4b,run2_p8,126.58,65.0,,,on
14692.183,,qwen3.5:4b,run2_p8,127.16,65.0,,,on
14692.749,,qwen3.5:4b,run2_p9,124.56,65.0,,,on
14693.278,,qwen3.5:4b,run2_p9,106.67,64.0,,,on
14693.802,,qwen3.5:4b,run2_p9,108.68,65.0,,,on
14694.324,,qwen3.5:4b,run2_p9,126.53,65.0,,,on
14694.848,,qwen3.5:4b,run2_p9,127.12,65.0,,,on
14695.372,,qwen3.5:4b,run2_p9,127.35,65.0,,,on
14695.895,,qwen3.5:4b,run2_p9,127.73,65.0,,,on
14696.423,,qwen3.5:4b,run2_p9,126.99,65.0,,,on
14696.948,,qwen3.5:4b,run2_p9,126.61,65.0,,,on
14697.471,,qwen3.5:4b,run2_p9,126.87,65.0,,,on
14697.996,,qwen3.5:4b,run2_p9,127.45,65.0,,,on
14698.523,,qwen3.5:4b,run2_p9,127.46,65.0,,,on
14699.048,,qwen3.5:4b,run2_p9,127.43,65.0,,,on
14699.573,,qwen3.5:4b,run2_p9,127.20,65.0,,,on
14700.096,,qwen3.5:4b,run2_p9,126.71,65.0,,,on
14700.621,,qwen3.5:4b,run2_p9,127.02,65.0,,,on
14701.145,,qwen3.5:4b,run2_p9,126.29,65.0,,,on
14701.670,,qwen3.5:4b,run2_p9,126.73,65.0,,,on
14702.199,,qwen3.5:4b,run2_p9,127.04,65.0,,,on
14702.723,,qwen3.5:4b,run2_p9,126.88,65.0,,,on
14703.248,,qwen3.5:4b,run2_p9,127.32,65.0,,,on
14703.773,,qwen3.5:4b,run2_p9,126.95,65.0,,,on
14704.297,,qwen3.5:4b,run2_p9,126.82,65.0,,,on
14704.825,,qwen3.5:4b,run2_p9,127.51,65.0,,,on
14705.349,,qwen3.5:4b,run2_p9,127.19,65.0,,,on
14705.874,,qwen3.5:4b,run2_p9,126.82,64.0,,,on
14706.400,,qwen3.5:4b,run2_p9,126.12,64.0,,,on
14706.923,,qwen3.5:4b,run2_p9,125.80,65.0,,,on
14707.447,,qwen3.5:4b,run2_p9,126.05,65.0,,,on
14707.970,,qwen3.5:4b,run2_p9,125.64,65.0,,,on
14708.498,,qwen3.5:4b,run2_p9,125.26,65.0,,,on
14709.022,,qwen3.5:4b,run2_p9,125.03,65.0,,,on
14709.548,,qwen3.5:4b,run2_p9,125.64,65.0,,,on
14710.071,,qwen3.5:4b,run2_p9,126.54,65.0,,,on
14710.597,,qwen3.5:4b,run2_p9,126.03,65.0,,,on
14711.122,,qwen3.5:4b,run2_p9,125.78,65.0,,,on
14711.646,,qwen3.5:4b,run2_p9,125.74,65.0,,,on
14712.169,,qwen3.5:4b,run2_p9,125.20,65.0,,,on
14712.693,,qwen3.5:4b,run2_p9,126.24,65.0,,,on
14713.217,,qwen3.5:4b,run2_p9,126.62,65.0,,,on
14713.740,,qwen3.5:4b,run2_p9,126.41,65.0,,,on
14714.263,,qwen3.5:4b,run2_p9,126.57,65.0,,,on
14714.786,,qwen3.5:4b,run2_p9,126.87,65.0,,,on
14715.311,,qwen3.5:4b,run2_p9,126.47,65.0,,,on
14715.834,,qwen3.5:4b,run2_p9,126.79,65.0,,,on
14716.363,,qwen3.5:4b,run2_p9,126.78,66.0,,,on
14716.888,,qwen3.5:4b,run2_p9,126.24,65.0,,,on
14717.411,,qwen3.5:4b,run2_p9,125.84,65.0,,,on
14717.934,,qwen3.5:4b,run2_p9,126.31,65.0,,,on
14718.458,,qwen3.5:4b,run2_p9,126.66,65.0,,,on
14718.983,,qwen3.5:4b,run2_p9,126.67,65.0,,,on
14719.507,,qwen3.5:4b,run2_p9,126.83,65.0,,,on
14720.033,,qwen3.5:4b,run2_p9,126.53,65.0,,,on
14720.556,,qwen3.5:4b,run2_p9,126.31,65.0,,,on
14721.080,,qwen3.5:4b,run2_p9,126.46,65.0,,,on
14721.604,,qwen3.5:4b,run2_p9,126.24,65.0,,,on
14722.128,,qwen3.5:4b,run2_p9,126.66,65.0,,,on
14722.656,,qwen3.5:4b,run2_p9,126.74,65.0,,,on
14723.177,,qwen3.5:4b,run2_p9,126.86,65.0,,,on
14723.701,,qwen3.5:4b,run2_p9,126.60,65.0,,,on
14724.227,,qwen3.5:4b,run2_p9,126.11,65.0,,,on
14724.798,,qwen3.5:4b,run2_p9,126.65,65.0,,,on
14725.328,,qwen3.5:4b,run2_p9,127.63,65.0,,,on
14725.853,,qwen3.5:4b,run2_p9,127.47,64.0,,,on
14726.379,,qwen3.5:4b,run2_p9,126.57,65.0,,,on
14726.904,,qwen3.5:4b,run2_p9,126.50,65.0,,,on
14727.429,,qwen3.5:4b,run2_p9,126.82,65.0,,,on
14727.951,,qwen3.5:4b,run2_p9,127.07,66.0,,,on
14728.474,,qwen3.5:4b,run2_p9,127.49,64.0,,,on
14728.998,,qwen3.5:4b,run2_p9,127.01,64.0,,,on
14729.521,,qwen3.5:4b,run2_p9,126.84,65.0,,,on
14730.045,,qwen3.5:4b,run2_p9,126.65,64.0,,,on
14730.569,,qwen3.5:4b,run2_p9,127.29,65.0,,,on
14731.095,,qwen3.5:4b,run2_p9,127.75,65.0,,,on
14731.620,,qwen3.5:4b,run2_p9,127.67,65.0,,,on
14732.146,,qwen3.5:4b,run2_p9,127.43,65.0,,,on
14732.670,,qwen3.5:4b,run2_p9,127.36,65.0,,,on
14733.194,,qwen3.5:4b,run2_p9,126.99,65.0,,,on
14733.718,,qwen3.5:4b,run2_p9,126.83,65.0,,,on
14734.242,,qwen3.5:4b,run2_p9,127.10,65.0,,,on
14734.773,,qwen3.5:4b,run2_p9,126.91,65.0,,,on
14735.297,,qwen3.5:4b,run2_p9,126.57,65.0,,,on
14735.822,,qwen3.5:4b,run2_p9,126.54,65.0,,,on
14736.345,,qwen3.5:4b,run2_p9,126.77,65.0,,,on
14736.871,,qwen3.5:4b,run2_p9,127.26,65.0,,,on
14737.394,,qwen3.5:4b,run2_p9,127.80,65.0,,,on
14737.920,,qwen3.5:4b,run2_p9,127.72,65.0,,,on
14738.445,,qwen3.5:4b,run2_p9,127.65,66.0,,,on
14738.969,,qwen3.5:4b,run2_p9,126.83,65.0,,,on
14739.504,,qwen3.5:4b,run2_p10,117.64,65.0,,,on
14740.040,,qwen3.5:4b,run2_p10,97.35,64.0,,,on
14740.565,,qwen3.5:4b,run2_p10,109.40,65.0,,,on
14741.090,,qwen3.5:4b,run2_p10,128.17,65.0,,,on
14741.613,,qwen3.5:4b,run2_p10,127.94,65.0,,,on
14742.136,,qwen3.5:4b,run2_p10,128.09,63.0,,,on
14742.662,,qwen3.5:4b,run2_p10,127.07,64.0,,,on
14743.185,,qwen3.5:4b,run2_p10,126.07,65.0,,,on
14743.717,,qwen3.5:4b,run2_p10,125.31,62.0,,,on
14744.243,,qwen3.5:4b,run2_p10,125.93,65.0,,,on
14744.768,,qwen3.5:4b,run2_p10,126.78,65.0,,,on
14745.296,,qwen3.5:4b,run2_p10,126.49,65.0,,,on
14745.819,,qwen3.5:4b,run2_p10,126.52,65.0,,,on
14746.345,,qwen3.5:4b,run2_p10,126.69,65.0,,,on
14746.868,,qwen3.5:4b,run2_p10,127.34,65.0,,,on
14747.393,,qwen3.5:4b,run2_p10,126.89,65.0,,,on
14747.928,,qwen3.5:4b,run2_p10,125.98,65.0,,,on
14748.452,,qwen3.5:4b,run2_p10,126.33,65.0,,,on
14748.989,,qwen3.5:4b,run2_p11,104.28,57.0,,,on
14749.563,,qwen3.5:4b,run2_p11,88.25,62.0,,,on
14750.087,,qwen3.5:4b,run2_p11,115.91,64.0,,,on
14750.610,,qwen3.5:4b,run2_p11,127.11,65.0,,,on
14751.133,,qwen3.5:4b,run2_p11,127.69,65.0,,,on
14751.657,,qwen3.5:4b,run2_p11,127.75,65.0,,,on
14752.180,,qwen3.5:4b,run2_p11,126.82,65.0,,,on
14752.703,,qwen3.5:4b,run2_p11,126.79,65.0,,,on
14753.229,,qwen3.5:4b,run2_p11,127.31,65.0,,,on
14753.758,,qwen3.5:4b,run2_p11,126.76,65.0,,,on
14754.281,,qwen3.5:4b,run2_p11,127.06,64.0,,,on
14754.805,,qwen3.5:4b,run2_p11,127.76,65.0,,,on
14755.337,,qwen3.5:4b,run2_p11,127.71,65.0,,,on
14755.859,,qwen3.5:4b,run2_p11,127.72,65.0,,,on
14756.385,,qwen3.5:4b,run2_p11,127.75,65.0,,,on
14756.909,,qwen3.5:4b,run2_p11,127.34,65.0,,,on
14757.432,,qwen3.5:4b,run2_p11,126.97,65.0,,,on
14757.957,,qwen3.5:4b,run2_p11,127.06,65.0,,,on
14758.479,,qwen3.5:4b,run2_p11,127.62,66.0,,,on
14759.003,,qwen3.5:4b,run2_p11,127.54,65.0,,,on
14759.527,,qwen3.5:4b,run2_p11,126.98,65.0,,,on
14760.050,,qwen3.5:4b,run2_p11,127.12,65.0,,,on
14760.574,,qwen3.5:4b,run2_p11,126.68,64.0,,,on
14761.097,,qwen3.5:4b,run2_p11,126.82,65.0,,,on
14761.621,,qwen3.5:4b,run2_p11,127.52,65.0,,,on
14762.149,,qwen3.5:4b,run2_p11,128.10,65.0,,,on
14762.673,,qwen3.5:4b,run2_p11,127.68,66.0,,,on
14763.197,,qwen3.5:4b,run2_p11,127.19,65.0,,,on
14763.723,,qwen3.5:4b,run2_p11,127.94,65.0,,,on
14764.253,,qwen3.5:4b,run2_p11,127.98,65.0,,,on
14764.776,,qwen3.5:4b,run2_p11,127.08,65.0,,,on
14765.301,,qwen3.5:4b,run2_p11,126.89,66.0,,,on
14765.824,,qwen3.5:4b,run2_p11,127.06,65.0,,,on
14766.347,,qwen3.5:4b,run2_p11,127.25,65.0,,,on
14766.872,,qwen3.5:4b,run2_p11,126.76,65.0,,,on
14767.396,,qwen3.5:4b,run2_p11,126.36,65.0,,,on
14767.919,,qwen3.5:4b,run2_p11,126.43,65.0,,,on
14768.443,,qwen3.5:4b,run2_p11,126.21,65.0,,,on
14768.969,,qwen3.5:4b,run2_p11,126.52,65.0,,,on
14769.493,,qwen3.5:4b,run2_p11,127.11,65.0,,,on
14770.015,,qwen3.5:4b,run2_p11,127.55,65.0,,,on
14770.540,,qwen3.5:4b,run2_p11,127.28,65.0,,,on
14771.066,,qwen3.5:4b,run2_p11,127.00,65.0,,,on
14771.588,,qwen3.5:4b,run2_p11,126.96,65.0,,,on
14772.111,,qwen3.5:4b,run2_p11,126.42,65.0,,,on
14772.634,,qwen3.5:4b,run2_p11,126.44,65.0,,,on
14773.157,,qwen3.5:4b,run2_p11,127.75,65.0,,,on
14773.680,,qwen3.5:4b,run2_p11,127.77,65.0,,,on
14774.202,,qwen3.5:4b,run2_p11,127.04,65.0,,,on
14774.725,,qwen3.5:4b,run2_p11,127.07,65.0,,,on
14775.247,,qwen3.5:4b,run2_p11,127.64,65.0,,,on
14775.772,,qwen3.5:4b,run2_p11,127.37,65.0,,,on
14776.298,,qwen3.5:4b,run2_p11,127.47,65.0,,,on
14776.821,,qwen3.5:4b,run2_p11,128.08,65.0,,,on
14777.345,,qwen3.5:4b,run2_p11,127.58,65.0,,,on
14777.868,,qwen3.5:4b,run2_p11,127.68,65.0,,,on
14778.390,,qwen3.5:4b,run2_p11,127.75,65.0,,,on
14778.913,,qwen3.5:4b,run2_p11,127.78,65.0,,,on
14779.441,,qwen3.5:4b,run2_p11,127.73,65.0,,,on
14779.964,,qwen3.5:4b,run2_p11,127.64,65.0,,,on
14780.487,,qwen3.5:4b,run2_p11,126.97,65.0,,,on
14781.010,,qwen3.5:4b,run2_p11,126.86,66.0,,,on
14781.534,,qwen3.5:4b,run2_p11,127.07,65.0,,,on
14782.058,,qwen3.5:4b,run2_p11,127.73,65.0,,,on
14782.583,,qwen3.5:4b,run2_p11,127.50,65.0,,,on
14783.106,,qwen3.5:4b,run2_p11,127.10,65.0,,,on
14783.630,,qwen3.5:4b,run2_p11,127.00,65.0,,,on
14784.152,,qwen3.5:4b,run2_p11,127.04,66.0,,,on
14784.683,,qwen3.5:4b,run2_p11,127.11,65.0,,,on
14785.205,,qwen3.5:4b,run2_p11,126.88,65.0,,,on
14785.731,,qwen3.5:4b,run2_p11,126.60,65.0,,,on
14786.253,,qwen3.5:4b,run2_p11,126.87,65.0,,,on
14786.779,,qwen3.5:4b,run2_p11,127.39,65.0,,,on
14787.303,,qwen3.5:4b,run2_p11,127.64,65.0,,,on
14787.826,,qwen3.5:4b,run2_p11,127.42,65.0,,,on
14788.349,,qwen3.5:4b,run2_p11,127.63,65.0,,,on
14788.871,,qwen3.5:4b,run2_p11,127.41,65.0,,,on
14789.394,,qwen3.5:4b,run2_p11,127.92,65.0,,,on
14789.917,,qwen3.5:4b,run2_p11,128.11,65.0,,,on
14790.442,,qwen3.5:4b,run2_p11,127.20,65.0,,,on
14790.964,,qwen3.5:4b,run2_p11,127.07,65.0,,,on
14791.487,,qwen3.5:4b,run2_p11,126.75,66.0,,,on
14972.446,,qwen3.5:4b,run2_p13,102.72,66.0,,,on
14972.973,,qwen3.5:4b,run2_p13,89.05,54.0,,,on
14973.496,,qwen3.5:4b,run2_p13,113.94,65.0,,,on
14974.020,,qwen3.5:4b,run2_p13,126.92,65.0,,,on
14974.544,,qwen3.5:4b,run2_p13,126.41,65.0,,,on
14975.072,,qwen3.5:4b,run2_p13,127.20,65.0,,,on
14975.597,,qwen3.5:4b,run2_p13,127.82,65.0,,,on
14976.124,,qwen3.5:4b,run2_p13,127.21,66.0,,,on
14976.648,,qwen3.5:4b,run2_p13,126.14,65.0,,,on
14977.174,,qwen3.5:4b,run2_p13,126.74,65.0,,,on
14977.698,,qwen3.5:4b,run2_p13,127.06,65.0,,,on
14978.222,,qwen3.5:4b,run2_p13,126.66,65.0,,,on
14978.746,,qwen3.5:4b,run2_p13,126.17,65.0,,,on
14979.272,,qwen3.5:4b,run2_p13,125.86,65.0,,,on
14979.798,,qwen3.5:4b,run2_p13,126.08,65.0,,,on
14980.322,,qwen3.5:4b,run2_p13,126.04,65.0,,,on
14980.846,,qwen3.5:4b,run2_p13,126.44,66.0,,,on
14981.372,,qwen3.5:4b,run2_p13,126.96,65.0,,,on
14981.903,,qwen3.5:4b,run2_p13,126.22,65.0,,,on
14982.429,,qwen3.5:4b,run2_p13,125.48,65.0,,,on
14982.952,,qwen3.5:4b,run2_p13,126.21,65.0,,,on
14983.483,,qwen3.5:4b,run2_p13,126.21,65.0,,,on
14984.005,,qwen3.5:4b,run2_p13,125.82,65.0,,,on
14984.529,,qwen3.5:4b,run2_p13,126.67,66.0,,,on
14985.059,,qwen3.5:4b,run2_p13,126.83,65.0,,,on
14985.583,,qwen3.5:4b,run2_p13,126.04,65.0,,,on
14986.110,,qwen3.5:4b,run2_p13,125.49,65.0,,,on
14986.634,,qwen3.5:4b,run2_p13,126.04,65.0,,,on
14987.158,,qwen3.5:4b,run2_p13,126.33,65.0,,,on
14987.684,,qwen3.5:4b,run2_p13,126.61,65.0,,,on
14988.207,,qwen3.5:4b,run2_p13,126.63,65.0,,,on
14988.732,,qwen3.5:4b,run2_p13,126.34,65.0,,,on
14989.257,,qwen3.5:4b,run2_p13,126.28,65.0,,,on
14989.782,,qwen3.5:4b,run2_p13,126.24,65.0,,,on
14990.310,,qwen3.5:4b,run2_p13,126.06,66.0,,,on
14990.833,,qwen3.5:4b,run2_p13,126.58,65.0,,,on
14991.357,,qwen3.5:4b,run2_p13,126.72,65.0,,,on
14991.892,,qwen3.5:4b,run2_p13,126.35,65.0,,,on
14992.418,,qwen3.5:4b,run2_p13,126.44,66.0,,,on
14992.943,,qwen3.5:4b,run2_p13,126.80,65.0,,,on
14993.470,,qwen3.5:4b,run2_p13,126.22,65.0,,,on
14993.992,,qwen3.5:4b,run2_p13,126.74,65.0,,,on
14994.518,,qwen3.5:4b,run2_p13,127.21,65.0,,,on
14995.041,,qwen3.5:4b,run2_p13,127.05,65.0,,,on
14995.567,,qwen3.5:4b,run2_p13,126.15,65.0,,,on
14996.096,,qwen3.5:4b,run2_p13,126.64,65.0,,,on
14996.626,,qwen3.5:4b,run2_p13,127.26,66.0,,,on
14997.151,,qwen3.5:4b,run2_p13,126.77,65.0,,,on
14997.676,,qwen3.5:4b,run2_p13,126.20,65.0,,,on
14998.203,,qwen3.5:4b,run2_p13,126.91,65.0,,,on
14998.728,,qwen3.5:4b,run2_p13,127.28,65.0,,,on
14999.261,,qwen3.5:4b,run2_p13,126.76,65.0,,,on
14999.789,,qwen3.5:4b,run2_p13,126.15,65.0,,,on
15000.313,,qwen3.5:4b,run2_p13,125.78,65.0,,,on
15000.843,,qwen3.5:4b,run2_p13,126.36,65.0,,,on
15001.367,,qwen3.5:4b,run2_p13,126.78,65.0,,,on
15001.893,,qwen3.5:4b,run2_p13,126.77,65.0,,,on
15002.417,,qwen3.5:4b,run2_p13,126.73,65.0,,,on
15002.944,,qwen3.5:4b,run2_p13,127.06,65.0,,,on
15003.469,,qwen3.5:4b,run2_p13,126.71,65.0,,,on
15003.994,,qwen3.5:4b,run2_p13,127.00,65.0,,,on
15004.517,,qwen3.5:4b,run2_p13,127.60,65.0,,,on
15005.042,,qwen3.5:4b,run2_p13,127.63,66.0,,,on
15005.610,,qwen3.5:4b,run2_p13,127.40,65.0,,,on
15006.134,,qwen3.5:4b,run2_p13,127.45,65.0,,,on
15006.657,,qwen3.5:4b,run2_p13,127.39,65.0,,,on
15007.181,,qwen3.5:4b,run2_p13,127.03,65.0,,,on
15007.702,,qwen3.5:4b,run2_p13,127.43,65.0,,,on
15008.227,,qwen3.5:4b,run2_p13,127.86,63.0,,,on
15008.752,,qwen3.5:4b,run2_p13,127.79,65.0,,,on
15009.276,,qwen3.5:4b,run2_p13,127.10,65.0,,,on
15009.799,,qwen3.5:4b,run2_p13,126.75,65.0,,,on
15010.322,,qwen3.5:4b,run2_p13,127.50,65.0,,,on
15010.847,,qwen3.5:4b,run2_p13,127.50,65.0,,,on
15011.374,,qwen3.5:4b,run2_p13,127.41,65.0,,,on
15011.898,,qwen3.5:4b,run2_p13,127.61,65.0,,,on
15012.421,,qwen3.5:4b,run2_p13,127.62,65.0,,,on
15012.943,,qwen3.5:4b,run2_p13,127.96,65.0,,,on
15013.480,,qwen3.5:4b,run2_p13,127.91,65.0,,,on
15014.003,,qwen3.5:4b,run2_p13,127.93,65.0,,,on
15014.526,,qwen3.5:4b,run2_p13,127.58,65.0,,,on
15015.048,,qwen3.5:4b,run2_p13,127.24,65.0,,,on
15015.571,,qwen3.5:4b,run2_p13,127.76,65.0,,,on
15016.095,,qwen3.5:4b,run2_p13,127.23,65.0,,,on
15016.621,,qwen3.5:4b,run2_p13,127.32,65.0,,,on
15017.143,,qwen3.5:4b,run2_p13,127.75,65.0,,,on
15017.667,,qwen3.5:4b,run2_p13,127.98,65.0,,,on
15018.191,,qwen3.5:4b,run2_p13,127.67,65.0,,,on
15018.718,,qwen3.5:4b,run2_p13,127.20,64.0,,,on
15019.241,,qwen3.5:4b,run2_p13,127.59,65.0,,,on
15019.764,,qwen3.5:4b,run2_p13,127.70,65.0,,,on
15020.287,,qwen3.5:4b,run2_p13,127.65,65.0,,,on
15020.810,,qwen3.5:4b,run2_p13,128.00,66.0,,,on
15021.337,,qwen3.5:4b,run2_p13,127.83,65.0,,,on
15021.860,,qwen3.5:4b,run2_p13,127.90,65.0,,,on
15022.383,,qwen3.5:4b,run2_p13,127.31,65.0,,,on
15022.907,,qwen3.5:4b,run2_p13,126.05,65.0,,,on
15023.432,,qwen3.5:4b,run2_p13,126.21,65.0,,,on
15023.960,,qwen3.5:4b,run2_p13,127.04,64.0,,,on
15024.482,,qwen3.5:4b,run2_p13,127.11,64.0,,,on
15025.005,,qwen3.5:4b,run2_p13,127.60,65.0,,,on
15025.533,,qwen3.5:4b,run2_p13,128.16,66.0,,,on
15026.056,,qwen3.5:4b,run2_p13,128.12,65.0,,,on
15026.584,,qwen3.5:4b,run2_p13,127.48,64.0,,,on
15027.107,,qwen3.5:4b,run2_p13,127.17,65.0,,,on
15027.631,,qwen3.5:4b,run2_p13,126.93,65.0,,,on
15028.153,,qwen3.5:4b,run2_p13,127.45,65.0,,,on
15028.677,,qwen3.5:4b,run2_p13,127.85,65.0,,,on
15029.201,,qwen3.5:4b,run2_p13,127.60,65.0,,,on
15029.724,,qwen3.5:4b,run2_p13,127.36,65.0,,,on
15030.247,,qwen3.5:4b,run2_p13,127.82,65.0,,,on
15030.771,,qwen3.5:4b,run2_p13,127.67,64.0,,,on
15031.297,,qwen3.5:4b,run2_p13,128.04,65.0,,,on
15031.821,,qwen3.5:4b,run2_p13,128.08,65.0,,,on
15032.344,,qwen3.5:4b,run2_p13,128.08,65.0,,,on
15032.907,,qwen3.5:4b,run2_p13,127.81,65.0,,,on
15033.432,,qwen3.5:4b,run2_p13,127.74,65.0,,,on
15033.967,,qwen3.5:4b,run2_p13,127.55,65.0,,,on
15034.512,,qwen3.5:4b,run2_p13,131.80,63.0,,,on
15035.039,,qwen3.5:4b,run2_p13,131.33,70.0,,,on
15035.565,,qwen3.5:4b,run2_p13,126.33,65.0,,,on
15036.109,,qwen3.5:4b,run2_p14,120.76,65.0,,,on
15036.643,,qwen3.5:4b,run2_p14,99.62,64.0,,,on
15037.168,,qwen3.5:4b,run2_p14,107.70,65.0,,,on
15037.692,,qwen3.5:4b,run2_p14,127.19,65.0,,,on
15038.216,,qwen3.5:4b,run2_p14,127.22,65.0,,,on
15038.742,,qwen3.5:4b,run2_p14,127.57,65.0,,,on
15039.269,,qwen3.5:4b,run2_p14,128.04,66.0,,,on
15039.794,,qwen3.5:4b,run2_p14,127.23,65.0,,,on
15040.322,,qwen3.5:4b,run2_p14,126.95,65.0,,,on
15040.847,,qwen3.5:4b,run2_p14,127.61,65.0,,,on
15041.372,,qwen3.5:4b,run2_p14,127.12,66.0,,,on
15041.896,,qwen3.5:4b,run2_p14,126.76,65.0,,,on
15042.419,,qwen3.5:4b,run2_p14,126.53,65.0,,,on
15042.986,,qwen3.5:4b,run2_p14,127.18,66.0,,,on
15043.512,,qwen3.5:4b,run2_p14,127.39,65.0,,,on
15044.036,,qwen3.5:4b,run2_p14,127.05,66.0,,,on
15044.560,,qwen3.5:4b,run2_p14,126.36,65.0,,,on
15045.086,,qwen3.5:4b,run2_p14,126.83,65.0,,,on
15045.609,,qwen3.5:4b,run2_p14,127.76,65.0,,,on
15046.137,,qwen3.5:4b,run2_p14,127.42,65.0,,,on
15046.661,,qwen3.5:4b,run2_p14,127.92,65.0,,,on
15047.185,,qwen3.5:4b,run2_p14,128.19,65.0,,,on
15047.716,,qwen3.5:4b,run2_p14,127.50,65.0,,,on
15048.242,,qwen3.5:4b,run2_p14,127.81,65.0,,,on
15048.768,,qwen3.5:4b,run2_p14,127.71,66.0,,,on
15049.291,,qwen3.5:4b,run2_p14,127.53,65.0,,,on
15049.816,,qwen3.5:4b,run2_p14,127.24,65.0,,,on
15050.343,,qwen3.5:4b,run2_p14,127.33,65.0,,,on
15050.870,,qwen3.5:4b,run2_p14,127.99,65.0,,,on
15051.394,,qwen3.5:4b,run2_p14,127.72,64.0,,,on
15051.916,,qwen3.5:4b,run2_p14,127.53,64.0,,,on
15052.441,,qwen3.5:4b,run2_p14,127.96,65.0,,,on
15052.965,,qwen3.5:4b,run2_p14,128.14,65.0,,,on
15053.490,,qwen3.5:4b,run2_p14,128.18,65.0,,,on
15054.016,,qwen3.5:4b,run2_p14,127.58,65.0,,,on
15054.543,,qwen3.5:4b,run2_p14,127.47,65.0,,,on
15055.067,,qwen3.5:4b,run2_p14,128.15,66.0,,,on
15055.590,,qwen3.5:4b,run2_p14,127.36,65.0,,,on
15056.114,,qwen3.5:4b,run2_p14,127.07,65.0,,,on
15056.638,,qwen3.5:4b,run2_p14,127.95,65.0,,,on
15057.162,,qwen3.5:4b,run2_p14,127.86,65.0,,,on
15057.685,,qwen3.5:4b,run2_p14,127.90,65.0,,,on
15058.208,,qwen3.5:4b,run2_p14,126.68,65.0,,,on
15058.732,,qwen3.5:4b,run2_p14,125.96,65.0,,,on
15059.256,,qwen3.5:4b,run2_p14,126.09,65.0,,,on
15059.779,,qwen3.5:4b,run2_p14,126.38,66.0,,,on
15060.307,,qwen3.5:4b,run2_p14,126.20,65.0,,,on
15060.830,,qwen3.5:4b,run2_p14,125.75,65.0,,,on
15061.352,,qwen3.5:4b,run2_p14,126.24,65.0,,,on
15061.878,,qwen3.5:4b,run2_p14,125.95,65.0,,,on
15062.424,,qwen3.5:4b,run2_p14,126.47,65.0,,,on
15062.951,,qwen3.5:4b,run2_p14,126.01,65.0,,,on
15063.474,,qwen3.5:4b,run2_p14,126.19,65.0,,,on
15063.996,,qwen3.5:4b,run2_p14,126.87,65.0,,,on
15064.520,,qwen3.5:4b,run2_p14,127.04,65.0,,,on
15065.044,,qwen3.5:4b,run2_p14,127.21,65.0,,,on
15065.567,,qwen3.5:4b,run2_p14,127.27,65.0,,,on
15066.098,,qwen3.5:4b,run2_p14,126.30,65.0,,,on
15066.621,,qwen3.5:4b,run2_p14,126.17,65.0,,,on
15067.144,,qwen3.5:4b,run2_p14,126.32,65.0,,,on
15067.668,,qwen3.5:4b,run2_p14,126.23,65.0,,,on
15068.192,,qwen3.5:4b,run2_p14,125.99,65.0,,,on
15068.717,,qwen3.5:4b,run2_p14,126.72,65.0,,,on
15069.243,,qwen3.5:4b,run2_p14,126.98,65.0,,,on
15069.770,,qwen3.5:4b,run2_p14,127.54,65.0,,,on
15070.294,,qwen3.5:4b,run2_p14,126.75,66.0,,,on
15070.819,,qwen3.5:4b,run2_p14,126.17,65.0,,,on
15071.344,,qwen3.5:4b,run2_p14,126.68,65.0,,,on
15071.868,,qwen3.5:4b,run2_p14,127.41,66.0,,,on
15072.393,,qwen3.5:4b,run2_p14,127.30,65.0,,,on
15072.920,,qwen3.5:4b,run2_p14,127.58,65.0,,,on
15073.478,,qwen3.5:4b,run2_p14,127.30,65.0,,,on
15074.001,,qwen3.5:4b,run2_p14,126.76,65.0,,,on
15074.527,,qwen3.5:4b,run2_p14,127.12,65.0,,,on
15075.072,,qwen3.5:4b,run3_p0,122.78,65.0,,,on
15075.595,,qwen3.5:4b,run3_p0,110.85,56.0,,,on
15076.117,,qwen3.5:4b,run3_p0,111.00,65.0,,,on
15076.641,,qwen3.5:4b,run3_p0,127.46,65.0,,,on
15077.165,,qwen3.5:4b,run3_p0,127.51,66.0,,,on
15077.739,,qwen3.5:4b,run3_p1,120.32,65.0,,,on
15078.266,,qwen3.5:4b,run3_p1,106.65,63.0,,,on
15078.790,,qwen3.5:4b,run3_p1,113.06,64.0,,,on
15079.316,,qwen3.5:4b,run3_p1,126.67,65.0,,,on
15079.840,,qwen3.5:4b,run3_p1,127.61,66.0,,,on
15080.365,,qwen3.5:4b,run3_p1,127.52,66.0,,,on
15080.890,,qwen3.5:4b,run3_p1,127.37,65.0,,,on
15081.414,,qwen3.5:4b,run3_p1,127.94,65.0,,,on
15081.992,,qwen3.5:4b,run3_p1,127.58,65.0,,,on
15082.517,,qwen3.5:4b,run3_p1,127.38,65.0,,,on
15083.041,,qwen3.5:4b,run3_p1,127.87,65.0,,,on
15083.569,,qwen3.5:4b,run3_p1,127.88,65.0,,,on
15084.093,,qwen3.5:4b,run3_p1,127.31,65.0,,,on
15084.618,,qwen3.5:4b,run3_p1,126.70,65.0,,,on
15085.144,,qwen3.5:4b,run3_p1,127.68,65.0,,,on
15085.669,,qwen3.5:4b,run3_p1,127.97,65.0,,,on
15086.195,,qwen3.5:4b,run3_p1,127.91,66.0,,,on
15086.719,,qwen3.5:4b,run3_p1,128.26,66.0,,,on
15087.245,,qwen3.5:4b,run3_p1,127.96,65.0,,,on
15087.779,,qwen3.5:4b,run3_p1,127.41,65.0,,,on
15088.305,,qwen3.5:4b,run3_p1,127.31,65.0,,,on
15088.833,,qwen3.5:4b,run3_p1,127.78,64.0,,,on
15089.356,,qwen3.5:4b,run3_p1,128.07,65.0,,,on
15089.882,,qwen3.5:4b,run3_p1,127.63,65.0,,,on
15090.404,,qwen3.5:4b,run3_p1,127.11,65.0,,,on
15090.928,,qwen3.5:4b,run3_p1,127.26,65.0,,,on
15091.455,,qwen3.5:4b,run3_p1,127.91,65.0,,,on
15091.977,,qwen3.5:4b,run3_p1,127.76,66.0,,,on
15092.501,,qwen3.5:4b,run3_p1,127.63,65.0,,,on
15093.030,,qwen3.5:4b,run3_p1,128.29,65.0,,,on
15093.555,,qwen3.5:4b,run3_p1,127.93,65.0,,,on
15094.083,,qwen3.5:4b,run3_p1,127.50,65.0,,,on
15094.606,,qwen3.5:4b,run3_p1,128.01,65.0,,,on
15095.129,,qwen3.5:4b,run3_p1,128.22,65.0,,,on
15095.652,,qwen3.5:4b,run3_p1,128.17,65.0,,,on
15096.193,,qwen3.5:4b,run3_p2,113.95,66.0,,,on
15096.717,,qwen3.5:4b,run3_p2,96.46,63.0,,,on
15097.241,,qwen3.5:4b,run3_p2,110.47,65.0,,,on
15097.765,,qwen3.5:4b,run3_p2,127.47,65.0,,,on
15098.289,,qwen3.5:4b,run3_p2,127.97,65.0,,,on
15098.813,,qwen3.5:4b,run3_p2,127.18,65.0,,,on
15099.335,,qwen3.5:4b,run3_p2,126.74,65.0,,,on
15099.866,,qwen3.5:4b,run3_p2,126.65,65.0,,,on
15100.388,,qwen3.5:4b,run3_p2,126.18,65.0,,,on
15100.912,,qwen3.5:4b,run3_p2,126.08,65.0,,,on
15101.509,,qwen3.5:4b,run3_p3,100.06,65.0,,,on
15102.035,,qwen3.5:4b,run3_p3,88.20,53.0,,,on
15102.562,,qwen3.5:4b,run3_p3,114.33,65.0,,,on
15103.087,,qwen3.5:4b,run3_p3,126.76,65.0,,,on
15103.611,,qwen3.5:4b,run3_p3,127.02,65.0,,,on
15104.146,,qwen3.5:4b,run3_p3,127.36,65.0,,,on
15104.668,,qwen3.5:4b,run3_p3,126.49,65.0,,,on
15105.190,,qwen3.5:4b,run3_p3,125.98,65.0,,,on
15105.714,,qwen3.5:4b,run3_p3,126.99,65.0,,,on
15106.238,,qwen3.5:4b,run3_p3,126.96,65.0,,,on
15106.761,,qwen3.5:4b,run3_p3,126.31,65.0,,,on
15107.288,,qwen3.5:4b,run3_p3,126.13,65.0,,,on
15107.813,,qwen3.5:4b,run3_p3,126.06,65.0,,,on
15108.337,,qwen3.5:4b,run3_p3,125.65,65.0,,,on
15108.861,,qwen3.5:4b,run3_p3,126.08,65.0,,,on
15109.387,,qwen3.5:4b,run3_p3,126.74,64.0,,,on
15109.911,,qwen3.5:4b,run3_p3,126.45,65.0,,,on
15110.434,,qwen3.5:4b,run3_p3,126.38,64.0,,,on
15110.956,,qwen3.5:4b,run3_p3,126.23,64.0,,,on
15111.479,,qwen3.5:4b,run3_p3,126.35,65.0,,,on
15112.008,,qwen3.5:4b,run3_p3,126.96,65.0,,,on
15112.536,,qwen3.5:4b,run3_p3,126.88,65.0,,,on
15113.059,,qwen3.5:4b,run3_p3,126.22,64.0,,,on
15113.584,,qwen3.5:4b,run3_p4,125.41,65.0,,,on
15114.109,,qwen3.5:4b,run3_p4,113.46,61.0,,,on
15114.633,,qwen3.5:4b,run3_p4,113.71,65.0,,,on
15115.159,,qwen3.5:4b,run3_p4,126.32,65.0,,,on
15115.683,,qwen3.5:4b,run3_p4,127.06,65.0,,,on
15116.209,,qwen3.5:4b,run3_p4,127.33,65.0,,,on
15116.734,,qwen3.5:4b,run3_p4,127.71,65.0,,,on
15117.258,,qwen3.5:4b,run3_p4,127.92,65.0,,,on
15117.782,,qwen3.5:4b,run3_p4,127.44,65.0,,,on
15118.307,,qwen3.5:4b,run3_p4,127.26,65.0,,,on
15118.831,,qwen3.5:4b,run3_p5,88.11,54.0,,,on
15119.357,,qwen3.5:4b,run3_p5,68.55,63.0,,,on
15119.884,,qwen3.5:4b,run3_p5,104.62,64.0,,,on
15120.411,,qwen3.5:4b,run3_p5,126.71,65.0,,,on
15120.934,,qwen3.5:4b,run3_p5,126.83,64.0,,,on
15121.458,,qwen3.5:4b,run3_p5,127.46,64.0,,,on
15121.980,,qwen3.5:4b,run3_p5,128.16,65.0,,,on
15122.503,,qwen3.5:4b,run3_p5,127.76,65.0,,,on
15123.027,,qwen3.5:4b,run3_p5,126.38,65.0,,,on
15123.550,,qwen3.5:4b,run3_p5,126.15,65.0,,,on
15124.073,,qwen3.5:4b,run3_p5,126.46,65.0,,,on
15124.595,,qwen3.5:4b,run3_p5,127.07,65.0,,,on
15125.119,,qwen3.5:4b,run3_p5,126.51,65.0,,,on
15125.644,,qwen3.5:4b,run3_p5,126.67,65.0,,,on
15126.168,,qwen3.5:4b,run3_p5,127.02,65.0,,,on
15126.694,,qwen3.5:4b,run3_p5,126.31,65.0,,,on
15127.216,,qwen3.5:4b,run3_p5,126.18,65.0,,,on
15127.747,,qwen3.5:4b,run3_p5,126.57,65.0,,,on
15128.270,,qwen3.5:4b,run3_p5,126.71,65.0,,,on
15128.794,,qwen3.5:4b,run3_p5,126.85,65.0,,,on
15129.317,,qwen3.5:4b,run3_p5,126.99,65.0,,,on
15129.839,,qwen3.5:4b,run3_p5,126.51,65.0,,,on
15130.361,,qwen3.5:4b,run3_p5,126.59,65.0,,,on
15130.887,,qwen3.5:4b,run3_p5,126.54,65.0,,,on
15131.411,,qwen3.5:4b,run3_p5,126.76,65.0,,,on
15131.934,,qwen3.5:4b,run3_p5,126.45,64.0,,,on
15132.457,,qwen3.5:4b,run3_p5,126.48,65.0,,,on
15132.981,,qwen3.5:4b,run3_p5,126.63,65.0,,,on
15133.509,,qwen3.5:4b,run3_p5,126.99,65.0,,,on
15134.032,,qwen3.5:4b,run3_p5,126.62,65.0,,,on
15134.556,,qwen3.5:4b,run3_p5,126.42,65.0,,,on
15135.078,,qwen3.5:4b,run3_p5,126.42,65.0,,,on
15135.600,,qwen3.5:4b,run3_p5,126.13,65.0,,,on
15136.123,,qwen3.5:4b,run3_p5,127.43,65.0,,,on
15136.649,,qwen3.5:4b,run3_p5,127.22,65.0,,,on
15137.171,,qwen3.5:4b,run3_p5,126.23,65.0,,,on
15137.695,,qwen3.5:4b,run3_p5,126.53,65.0,,,on
15138.219,,qwen3.5:4b,run3_p5,127.12,65.0,,,on
15138.743,,qwen3.5:4b,run3_p5,126.58,65.0,,,on
15139.268,,qwen3.5:4b,run3_p5,126.76,65.0,,,on
15139.791,,qwen3.5:4b,run3_p5,127.43,65.0,,,on
15140.314,,qwen3.5:4b,run3_p5,126.57,65.0,,,on
15140.836,,qwen3.5:4b,run3_p5,126.61,65.0,,,on
15141.358,,qwen3.5:4b,run3_p5,126.46,65.0,,,on
15141.880,,qwen3.5:4b,run3_p5,125.85,65.0,,,on
15142.404,,qwen3.5:4b,run3_p5,126.63,65.0,,,on
15142.926,,qwen3.5:4b,run3_p5,126.96,65.0,,,on
15143.451,,qwen3.5:4b,run3_p5,126.09,65.0,,,on
15143.975,,qwen3.5:4b,run3_p5,126.00,65.0,,,on
15144.498,,qwen3.5:4b,run3_p5,126.26,65.0,,,on
15145.021,,qwen3.5:4b,run3_p5,126.74,65.0,,,on
15145.544,,qwen3.5:4b,run3_p5,126.72,65.0,,,on
15146.097,,qwen3.5:4b,run3_p5,126.60,65.0,,,on
15146.628,,qwen3.5:4b,run3_p5,126.02,65.0,,,on
15147.161,,qwen3.5:4b,run3_p5,126.26,65.0,,,on
15147.683,,qwen3.5:4b,run3_p5,127.31,65.0,,,on
15148.205,,qwen3.5:4b,run3_p5,127.33,66.0,,,on
15148.730,,qwen3.5:4b,run3_p5,127.50,65.0,,,on
15149.258,,qwen3.5:4b,run3_p5,127.46,65.0,,,on
15149.779,,qwen3.5:4b,run3_p5,126.93,65.0,,,on
15150.303,,qwen3.5:4b,run3_p5,126.16,65.0,,,on
15150.826,,qwen3.5:4b,run3_p5,126.07,65.0,,,on
15151.353,,qwen3.5:4b,run3_p6,125.24,65.0,,,on
15151.887,,qwen3.5:4b,run3_p6,112.61,58.0,,,on
15152.412,,qwen3.5:4b,run3_p6,113.27,65.0,,,on
15152.940,,qwen3.5:4b,run3_p6,127.13,65.0,,,on
15153.464,,qwen3.5:4b,run3_p6,127.17,65.0,,,on
15153.989,,qwen3.5:4b,run3_p6,127.55,65.0,,,on
15154.520,,qwen3.5:4b,run3_p6,127.42,65.0,,,on
15155.044,,qwen3.5:4b,run3_p6,127.27,65.0,,,on
15155.571,,qwen3.5:4b,run3_p6,126.66,65.0,,,on
15156.100,,qwen3.5:4b,run3_p6,126.55,65.0,,,on
15156.624,,qwen3.5:4b,run3_p6,126.49,65.0,,,on
15157.150,,qwen3.5:4b,run3_p6,126.61,65.0,,,on
15157.674,,qwen3.5:4b,run3_p6,126.93,66.0,,,on
15158.199,,qwen3.5:4b,run3_p6,127.07,65.0,,,on
15158.724,,qwen3.5:4b,run3_p6,127.12,65.0,,,on
15159.250,,qwen3.5:4b,run3_p6,126.65,65.0,,,on
15159.779,,qwen3.5:4b,run3_p6,127.40,65.0,,,on
15160.302,,qwen3.5:4b,run3_p6,127.70,65.0,,,on
15160.825,,qwen3.5:4b,run3_p6,127.05,65.0,,,on
15161.348,,qwen3.5:4b,run3_p6,127.57,65.0,,,on
15161.872,,qwen3.5:4b,run3_p6,127.57,66.0,,,on
15162.403,,qwen3.5:4b,run3_p6,127.55,65.0,,,on
15162.926,,qwen3.5:4b,run3_p6,126.89,65.0,,,on
15163.451,,qwen3.5:4b,run3_p6,126.51,64.0,,,on
15163.977,,qwen3.5:4b,run3_p6,127.31,64.0,,,on
15164.501,,qwen3.5:4b,run3_p6,127.60,65.0,,,on
15165.024,,qwen3.5:4b,run3_p6,127.42,65.0,,,on
15165.547,,qwen3.5:4b,run3_p6,127.28,65.0,,,on
15166.076,,qwen3.5:4b,run3_p6,127.42,65.0,,,on
15166.601,,qwen3.5:4b,run3_p6,127.15,65.0,,,on
15167.124,,qwen3.5:4b,run3_p6,127.13,65.0,,,on
15167.649,,qwen3.5:4b,run3_p6,127.10,65.0,,,on
15168.176,,qwen3.5:4b,run3_p6,127.47,65.0,,,on
15168.704,,qwen3.5:4b,run3_p6,127.37,65.0,,,on
15169.228,,qwen3.5:4b,run3_p6,127.40,66.0,,,on
15169.753,,qwen3.5:4b,run3_p6,127.61,65.0,,,on
15170.277,,qwen3.5:4b,run3_p6,127.46,65.0,,,on
15170.805,,qwen3.5:4b,run3_p6,127.96,65.0,,,on
15171.328,,qwen3.5:4b,run3_p6,127.20,65.0,,,on
15171.857,,qwen3.5:4b,run3_p6,127.30,65.0,,,on
15172.382,,qwen3.5:4b,run3_p6,127.42,65.0,,,on
15172.922,,qwen3.5:4b,run3_p6,127.19,65.0,,,on
15173.444,,qwen3.5:4b,run3_p6,127.56,65.0,,,on
15173.969,,qwen3.5:4b,run3_p6,127.63,65.0,,,on
15174.494,,qwen3.5:4b,run3_p6,127.56,66.0,,,on
15175.024,,qwen3.5:4b,run3_p6,127.74,65.0,,,on
15175.549,,qwen3.5:4b,run3_p6,127.85,65.0,,,on
15176.073,,qwen3.5:4b,run3_p6,126.64,65.0,,,on
15176.597,,qwen3.5:4b,run3_p6,125.93,65.0,,,on
15177.124,,qwen3.5:4b,run3_p6,126.87,65.0,,,on
15177.646,,qwen3.5:4b,run3_p6,128.48,65.0,,,on
15178.171,,qwen3.5:4b,run3_p6,127.87,66.0,,,on
15178.695,,qwen3.5:4b,run3_p6,127.18,65.0,,,on
15179.222,,qwen3.5:4b,run3_p6,126.83,65.0,,,on
15179.746,,qwen3.5:4b,run3_p6,127.11,65.0,,,on
15180.271,,qwen3.5:4b,run3_p6,127.98,66.0,,,on
15180.796,,qwen3.5:4b,run3_p6,128.02,65.0,,,on
15181.319,,qwen3.5:4b,run3_p6,127.94,66.0,,,on
15181.849,,qwen3.5:4b,run3_p6,128.16,65.0,,,on
15182.376,,qwen3.5:4b,run3_p6,128.68,65.0,,,on
15182.913,,qwen3.5:4b,run3_p7,105.09,62.0,,,on
15183.439,,qwen3.5:4b,run3_p7,93.41,61.0,,,on
15183.962,,qwen3.5:4b,run3_p7,113.92,65.0,,,on
15184.485,,qwen3.5:4b,run3_p7,127.34,65.0,,,on
15185.012,,qwen3.5:4b,run3_p7,127.15,65.0,,,on
15185.541,,qwen3.5:4b,run3_p7,127.25,65.0,,,on
15186.065,,qwen3.5:4b,run3_p7,127.40,65.0,,,on
15186.588,,qwen3.5:4b,run3_p7,127.89,65.0,,,on
15187.113,,qwen3.5:4b,run3_p7,127.31,65.0,,,on
15187.638,,qwen3.5:4b,run3_p7,126.71,65.0,,,on
15188.163,,qwen3.5:4b,run3_p7,127.85,65.0,,,on
15188.692,,qwen3.5:4b,run3_p7,128.10,65.0,,,on
15189.215,,qwen3.5:4b,run3_p7,127.17,65.0,,,on
15189.738,,qwen3.5:4b,run3_p7,126.89,65.0,,,on
15190.264,,qwen3.5:4b,run3_p7,127.33,65.0,,,on
15190.789,,qwen3.5:4b,run3_p7,127.63,65.0,,,on
15191.319,,qwen3.5:4b,run3_p7,128.23,65.0,,,on
15191.843,,qwen3.5:4b,run3_p7,128.17,65.0,,,on
15192.365,,qwen3.5:4b,run3_p7,127.62,66.0,,,on
15192.890,,qwen3.5:4b,run3_p7,127.57,65.0,,,on
15193.413,,qwen3.5:4b,run3_p7,126.88,65.0,,,on
15193.938,,qwen3.5:4b,run3_p7,127.53,66.0,,,on
15194.464,,qwen3.5:4b,run3_p7,127.60,65.0,,,on
15194.989,,qwen3.5:4b,run3_p7,127.54,65.0,,,on
15195.513,,qwen3.5:4b,run3_p7,127.71,65.0,,,on
15196.037,,qwen3.5:4b,run3_p7,127.61,65.0,,,on
15196.559,,qwen3.5:4b,run3_p7,127.98,65.0,,,on
15197.087,,qwen3.5:4b,run3_p7,128.32,65.0,,,on
15197.611,,qwen3.5:4b,run3_p7,128.16,65.0,,,on
15198.136,,qwen3.5:4b,run3_p7,127.92,66.0,,,on
15198.660,,qwen3.5:4b,run3_p7,127.43,65.0,,,on
15199.183,,qwen3.5:4b,run3_p7,127.41,66.0,,,on
15199.710,,qwen3.5:4b,run3_p7,128.05,65.0,,,on
15200.246,,qwen3.5:4b,run3_p7,127.78,65.0,,,on
15200.771,,qwen3.5:4b,run3_p7,126.85,65.0,,,on
15201.296,,qwen3.5:4b,run3_p7,126.58,65.0,,,on
15201.820,,qwen3.5:4b,run3_p7,126.90,65.0,,,on
15202.343,,qwen3.5:4b,run3_p7,126.75,65.0,,,on
15202.865,,qwen3.5:4b,run3_p7,127.30,65.0,,,on
15203.397,,qwen3.5:4b,run3_p7,128.34,65.0,,,on
15203.920,,qwen3.5:4b,run3_p7,128.27,65.0,,,on
15204.446,,qwen3.5:4b,run3_p7,127.74,65.0,,,on
15204.971,,qwen3.5:4b,run3_p7,127.73,65.0,,,on
15205.495,,qwen3.5:4b,run3_p7,128.08,65.0,,,on
15206.021,,qwen3.5:4b,run3_p7,128.19,65.0,,,on
15206.547,,qwen3.5:4b,run3_p7,128.39,65.0,,,on
15207.071,,qwen3.5:4b,run3_p7,128.59,65.0,,,on
15207.595,,qwen3.5:4b,run3_p7,128.43,65.0,,,on
15208.120,,qwen3.5:4b,run3_p7,127.91,66.0,,,on
15208.661,,qwen3.5:4b,run3_p7,128.08,65.0,,,on
15209.185,,qwen3.5:4b,run3_p7,128.79,65.0,,,on
15209.708,,qwen3.5:4b,run3_p7,128.54,65.0,,,on
15210.232,,qwen3.5:4b,run3_p7,127.57,65.0,,,on
15210.756,,qwen3.5:4b,run3_p7,127.53,65.0,,,on
15211.281,,qwen3.5:4b,run3_p7,127.67,66.0,,,on
15211.810,,qwen3.5:4b,run3_p7,128.53,65.0,,,on
15212.336,,qwen3.5:4b,run3_p7,128.29,65.0,,,on
15212.862,,qwen3.5:4b,run3_p7,127.99,65.0,,,on
15213.385,,qwen3.5:4b,run3_p7,128.18,65.0,,,on
15213.914,,qwen3.5:4b,run3_p7,127.66,65.0,,,on
15214.441,,qwen3.5:4b,run3_p7,127.99,65.0,,,on
15214.965,,qwen3.5:4b,run3_p7,128.56,65.0,,,on
15215.489,,qwen3.5:4b,run3_p7,128.48,65.0,,,on
15216.012,,qwen3.5:4b,run3_p7,127.96,65.0,,,on
15216.538,,qwen3.5:4b,run3_p7,127.59,65.0,,,on
15217.064,,qwen3.5:4b,run3_p7,128.33,66.0,,,on
15217.592,,qwen3.5:4b,run3_p7,128.60,64.0,,,on
15218.116,,qwen3.5:4b,run3_p7,127.86,65.0,,,on
15218.650,,qwen3.5:4b,run3_p7,127.43,65.0,,,on
15219.174,,qwen3.5:4b,run3_p7,127.53,65.0,,,on
15219.699,,qwen3.5:4b,run3_p7,127.96,65.0,,,on
15220.221,,qwen3.5:4b,run3_p7,128.26,65.0,,,on
15220.746,,qwen3.5:4b,run3_p7,128.37,65.0,,,on
15221.315,,qwen3.5:4b,run3_p8,126.48,65.0,,,on
15221.840,,qwen3.5:4b,run3_p8,112.13,64.0,,,on
15222.364,,qwen3.5:4b,run3_p8,112.88,65.0,,,on
15222.896,,qwen3.5:4b,run3_p8,127.10,65.0,,,on
15223.423,,qwen3.5:4b,run3_p8,127.41,66.0,,,on
15223.949,,qwen3.5:4b,run3_p8,127.45,65.0,,,on
15224.473,,qwen3.5:4b,run3_p8,127.37,65.0,,,on
15224.996,,qwen3.5:4b,run3_p8,127.23,65.0,,,on
15225.521,,qwen3.5:4b,run3_p8,127.46,63.0,,,on
15226.047,,qwen3.5:4b,run3_p8,127.73,65.0,,,on
15226.573,,qwen3.5:4b,run3_p8,127.63,65.0,,,on
15227.097,,qwen3.5:4b,run3_p8,127.76,65.0,,,on
15227.620,,qwen3.5:4b,run3_p8,127.81,65.0,,,on
15228.145,,qwen3.5:4b,run3_p8,128.13,65.0,,,on
15228.668,,qwen3.5:4b,run3_p8,128.11,65.0,,,on
15229.191,,qwen3.5:4b,run3_p8,126.93,65.0,,,on
15229.716,,qwen3.5:4b,run3_p8,126.18,66.0,,,on
15230.241,,qwen3.5:4b,run3_p8,127.04,65.0,,,on
15230.765,,qwen3.5:4b,run3_p8,127.36,65.0,,,on
15231.322,,qwen3.5:4b,run3_p8,127.60,65.0,,,on
15231.847,,qwen3.5:4b,run3_p8,127.88,65.0,,,on
15232.370,,qwen3.5:4b,run3_p8,127.31,65.0,,,on
15232.894,,qwen3.5:4b,run3_p8,127.11,65.0,,,on
15233.418,,qwen3.5:4b,run3_p8,127.64,65.0,,,on
15233.944,,qwen3.5:4b,run3_p8,127.59,65.0,,,on
15234.475,,qwen3.5:4b,run3_p8,126.60,65.0,,,on
15235.000,,qwen3.5:4b,run3_p8,127.10,65.0,,,on
15235.524,,qwen3.5:4b,run3_p8,127.67,65.0,,,on
15236.080,,qwen3.5:4b,run3_p9,127.64,65.0,,,on
15236.606,,qwen3.5:4b,run3_p9,110.29,63.0,,,on
15237.130,,qwen3.5:4b,run3_p9,110.01,65.0,,,on
15237.654,,qwen3.5:4b,run3_p9,127.29,65.0,,,on
15238.178,,qwen3.5:4b,run3_p9,127.92,64.0,,,on
15238.702,,qwen3.5:4b,run3_p9,127.41,65.0,,,on
15239.229,,qwen3.5:4b,run3_p9,127.54,65.0,,,on
15239.751,,qwen3.5:4b,run3_p9,127.94,65.0,,,on
15240.274,,qwen3.5:4b,run3_p9,127.75,65.0,,,on
15240.796,,qwen3.5:4b,run3_p9,128.44,65.0,,,on
15241.319,,qwen3.5:4b,run3_p9,128.51,65.0,,,on
15241.844,,qwen3.5:4b,run3_p9,128.54,65.0,,,on
15242.368,,qwen3.5:4b,run3_p9,128.16,65.0,,,on
15242.891,,qwen3.5:4b,run3_p9,128.09,65.0,,,on
15243.414,,qwen3.5:4b,run3_p9,128.77,65.0,,,on
15243.938,,qwen3.5:4b,run3_p9,127.59,65.0,,,on
15244.460,,qwen3.5:4b,run3_p9,127.45,66.0,,,on
15244.983,,qwen3.5:4b,run3_p9,128.38,66.0,,,on
15245.505,,qwen3.5:4b,run3_p9,128.11,65.0,,,on
15246.028,,qwen3.5:4b,run3_p9,127.44,65.0,,,on
15246.552,,qwen3.5:4b,run3_p9,127.84,65.0,,,on
15247.075,,qwen3.5:4b,run3_p9,128.21,65.0,,,on
15247.598,,qwen3.5:4b,run3_p9,127.93,66.0,,,on
15248.120,,qwen3.5:4b,run3_p9,127.76,64.0,,,on
15248.646,,qwen3.5:4b,run3_p9,127.84,65.0,,,on
15249.168,,qwen3.5:4b,run3_p9,127.86,65.0,,,on
15249.691,,qwen3.5:4b,run3_p9,128.14,66.0,,,on
15250.213,,qwen3.5:4b,run3_p9,128.13,65.0,,,on
15250.737,,qwen3.5:4b,run3_p9,128.52,65.0,,,on
15251.262,,qwen3.5:4b,run3_p9,128.38,66.0,,,on
15251.784,,qwen3.5:4b,run3_p9,128.11,65.0,,,on
15252.307,,qwen3.5:4b,run3_p9,128.71,65.0,,,on
15252.828,,qwen3.5:4b,run3_p9,127.92,65.0,,,on
15253.356,,qwen3.5:4b,run3_p9,127.35,65.0,,,on
15253.879,,qwen3.5:4b,run3_p9,128.12,66.0,,,on
15254.402,,qwen3.5:4b,run3_p9,127.81,66.0,,,on
15254.923,,qwen3.5:4b,run3_p9,128.09,65.0,,,on
15255.446,,qwen3.5:4b,run3_p9,128.50,66.0,,,on
15255.970,,qwen3.5:4b,run3_p9,128.45,66.0,,,on
15256.495,,qwen3.5:4b,run3_p9,128.43,65.0,,,on
15257.017,,qwen3.5:4b,run3_p9,128.15,66.0,,,on
15257.539,,qwen3.5:4b,run3_p9,128.71,65.0,,,on
15258.062,,qwen3.5:4b,run3_p9,128.59,66.0,,,on
15258.585,,qwen3.5:4b,run3_p9,129.02,66.0,,,on
15259.109,,qwen3.5:4b,run3_p9,128.40,66.0,,,on
15259.631,,qwen3.5:4b,run3_p9,128.53,66.0,,,on
15260.154,,qwen3.5:4b,run3_p9,128.60,65.0,,,on
15260.678,,qwen3.5:4b,run3_p9,127.85,66.0,,,on
15261.200,,qwen3.5:4b,run3_p9,127.44,65.0,,,on
15261.722,,qwen3.5:4b,run3_p9,127.81,65.0,,,on
15262.245,,qwen3.5:4b,run3_p9,128.69,65.0,,,on
15262.769,,qwen3.5:4b,run3_p9,128.73,65.0,,,on
15263.291,,qwen3.5:4b,run3_p9,128.96,66.0,,,on
15263.821,,qwen3.5:4b,run3_p9,128.69,66.0,,,on
15264.346,,qwen3.5:4b,run3_p9,128.10,66.0,,,on
15264.869,,qwen3.5:4b,run3_p9,128.49,65.0,,,on
15265.396,,qwen3.5:4b,run3_p9,128.68,65.0,,,on
15265.921,,qwen3.5:4b,run3_p9,128.72,64.0,,,on
15266.448,,qwen3.5:4b,run3_p9,128.22,65.0,,,on
15266.970,,qwen3.5:4b,run3_p9,128.00,66.0,,,on
15267.492,,qwen3.5:4b,run3_p9,128.58,66.0,,,on
15268.069,,qwen3.5:4b,run3_p9,127.84,64.0,,,on
15268.592,,qwen3.5:4b,run3_p9,127.74,65.0,,,on
15269.117,,qwen3.5:4b,run3_p9,127.69,64.0,,,on
15269.639,,qwen3.5:4b,run3_p9,127.38,66.0,,,on
15270.164,,qwen3.5:4b,run3_p9,127.89,65.0,,,on
15270.688,,qwen3.5:4b,run3_p9,127.11,63.0,,,on
15271.211,,qwen3.5:4b,run3_p9,127.32,65.0,,,on
15271.747,,qwen3.5:4b,run3_p9,128.17,65.0,,,on
15272.269,,qwen3.5:4b,run3_p9,128.01,65.0,,,on
15272.797,,qwen3.5:4b,run3_p9,127.86,65.0,,,on
15273.319,,qwen3.5:4b,run3_p9,127.66,65.0,,,on
15273.843,,qwen3.5:4b,run3_p9,127.10,65.0,,,on
15274.367,,qwen3.5:4b,run3_p9,127.70,65.0,,,on
15274.893,,qwen3.5:4b,run3_p9,128.07,65.0,,,on
15275.421,,qwen3.5:4b,run3_p9,127.49,65.0,,,on
15275.944,,qwen3.5:4b,run3_p9,127.56,64.0,,,on
15276.467,,qwen3.5:4b,run3_p9,127.69,65.0,,,on
15276.989,,qwen3.5:4b,run3_p9,127.80,65.0,,,on
15277.520,,qwen3.5:4b,run3_p9,128.01,66.0,,,on
15278.044,,qwen3.5:4b,run3_p9,128.19,66.0,,,on
15278.569,,qwen3.5:4b,run3_p9,128.15,66.0,,,on
15279.095,,qwen3.5:4b,run3_p9,127.79,66.0,,,on
15279.622,,qwen3.5:4b,run3_p9,127.91,66.0,,,on
15280.151,,qwen3.5:4b,run3_p9,127.85,66.0,,,on
15280.675,,qwen3.5:4b,run3_p9,126.99,65.0,,,on
15281.201,,qwen3.5:4b,run3_p9,127.25,65.0,,,on
15281.726,,qwen3.5:4b,run3_p9,128.15,65.0,,,on
15282.255,,qwen3.5:4b,run3_p9,127.56,65.0,,,on
15282.780,,qwen3.5:4b,run3_p9,127.71,65.0,,,on
15283.303,,qwen3.5:4b,run3_p9,128.57,66.0,,,on
15283.836,,qwen3.5:4b,run3_p9,128.70,65.0,,,on
15284.360,,qwen3.5:4b,run3_p9,128.29,65.0,,,on
15284.884,,qwen3.5:4b,run3_p9,128.52,65.0,,,on
15285.408,,qwen3.5:4b,run3_p9,127.85,65.0,,,on
15285.933,,qwen3.5:4b,run3_p9,127.51,65.0,,,on
15286.457,,qwen3.5:4b,run3_p9,126.67,65.0,,,on
15286.984,,qwen3.5:4b,run3_p9,127.03,65.0,,,on
15287.540,,qwen3.5:4b,run3_p9,128.12,65.0,,,on
15288.067,,qwen3.5:4b,run3_p9,127.51,65.0,,,on
15288.596,,qwen3.5:4b,run3_p9,127.94,65.0,,,on
15289.123,,qwen3.5:4b,run3_p9,128.59,65.0,,,on
15289.645,,qwen3.5:4b,run3_p9,128.54,65.0,,,on
15290.172,,qwen3.5:4b,run3_p9,128.29,65.0,,,on
15290.699,,qwen3.5:4b,run3_p9,128.01,65.0,,,on
15291.227,,qwen3.5:4b,run3_p9,127.91,65.0,,,on
15291.752,,qwen3.5:4b,run3_p9,128.16,65.0,,,on
15292.283,,qwen3.5:4b,run3_p9,128.64,65.0,,,on
15292.806,,qwen3.5:4b,run3_p9,128.65,65.0,,,on
15293.330,,qwen3.5:4b,run3_p9,127.96,65.0,,,on
15293.853,,qwen3.5:4b,run3_p9,127.52,65.0,,,on
15294.375,,qwen3.5:4b,run3_p9,127.63,65.0,,,on
15294.900,,qwen3.5:4b,run3_p9,127.77,65.0,,,on
15295.425,,qwen3.5:4b,run3_p9,127.79,66.0,,,on
15295.950,,qwen3.5:4b,run3_p9,128.47,66.0,,,on
15296.477,,qwen3.5:4b,run3_p9,128.22,65.0,,,on
15297.001,,qwen3.5:4b,run3_p9,128.10,65.0,,,on
15297.524,,qwen3.5:4b,run3_p9,128.32,66.0,,,on
15298.085,,qwen3.5:4b,run3_p9,131.76,68.0,,,on
15298.612,,qwen3.5:4b,run3_p9,132.67,63.0,,,on
15299.139,,qwen3.5:4b,run3_p9,128.81,66.0,,,on
15299.671,,qwen3.5:4b,run3_p9,127.20,65.0,,,on
15300.196,,qwen3.5:4b,run3_p9,127.45,65.0,,,on
15300.720,,qwen3.5:4b,run3_p9,126.93,65.0,,,on
15301.246,,qwen3.5:4b,run3_p9,127.43,66.0,,,on
15301.771,,qwen3.5:4b,run3_p9,127.79,65.0,,,on
15302.295,,qwen3.5:4b,run3_p9,126.87,66.0,,,on
15302.821,,qwen3.5:4b,run3_p9,127.22,65.0,,,on
15303.347,,qwen3.5:4b,run3_p9,128.16,66.0,,,on
15303.870,,qwen3.5:4b,run3_p9,127.77,66.0,,,on
15304.394,,qwen3.5:4b,run3_p9,127.83,65.0,,,on
15304.921,,qwen3.5:4b,run3_p9,128.42,66.0,,,on
15305.446,,qwen3.5:4b,run3_p9,128.66,65.0,,,on
15305.969,,qwen3.5:4b,run3_p9,128.84,66.0,,,on
15306.494,,qwen3.5:4b,run3_p9,128.68,65.0,,,on
15307.018,,qwen3.5:4b,run3_p9,128.74,66.0,,,on
15307.544,,qwen3.5:4b,run3_p9,128.96,66.0,,,on
15308.069,,qwen3.5:4b,run3_p9,128.77,66.0,,,on
15308.591,,qwen3.5:4b,run3_p9,128.54,65.0,,,on
15309.117,,qwen3.5:4b,run3_p9,128.25,65.0,,,on
15309.642,,qwen3.5:4b,run3_p9,128.29,65.0,,,on
15310.165,,qwen3.5:4b,run3_p9,127.99,65.0,,,on
15310.688,,qwen3.5:4b,run3_p9,127.28,65.0,,,on
15311.210,,qwen3.5:4b,run3_p9,127.58,65.0,,,on
15311.735,,qwen3.5:4b,run3_p9,128.34,65.0,,,on
15312.257,,qwen3.5:4b,run3_p9,128.56,65.0,,,on
15312.787,,qwen3.5:4b,run3_p9,128.47,66.0,,,on
15313.312,,qwen3.5:4b,run3_p9,128.45,65.0,,,on
15313.867,,qwen3.5:4b,run3_p9,128.17,66.0,,,on
15314.395,,qwen3.5:4b,run3_p9,127.84,65.0,,,on
15314.923,,qwen3.5:4b,run3_p9,128.42,65.0,,,on
15315.450,,qwen3.5:4b,run3_p9,128.12,66.0,,,on
15315.974,,qwen3.5:4b,run3_p9,127.98,66.0,,,on
15316.500,,qwen3.5:4b,run3_p9,127.89,65.0,,,on
15317.030,,qwen3.5:4b,run3_p9,127.43,66.0,,,on
15317.556,,qwen3.5:4b,run3_p9,127.87,65.0,,,on
15318.080,,qwen3.5:4b,run3_p9,128.44,65.0,,,on
15318.606,,qwen3.5:4b,run3_p9,128.34,65.0,,,on
15319.130,,qwen3.5:4b,run3_p9,127.84,65.0,,,on
15319.655,,qwen3.5:4b,run3_p9,127.73,65.0,,,on
15320.178,,qwen3.5:4b,run3_p9,128.32,66.0,,,on
15320.702,,qwen3.5:4b,run3_p9,127.74,65.0,,,on
15321.226,,qwen3.5:4b,run3_p9,127.58,65.0,,,on
15321.749,,qwen3.5:4b,run3_p9,127.07,65.0,,,on
15322.274,,qwen3.5:4b,run3_p9,127.27,66.0,,,on
15322.805,,qwen3.5:4b,run3_p10,108.20,56.0,,,on
15323.332,,qwen3.5:4b,run3_p10,92.10,64.0,,,on
15323.858,,qwen3.5:4b,run3_p10,111.81,65.0,,,on
15324.383,,qwen3.5:4b,run3_p10,127.28,65.0,,,on
15324.908,,qwen3.5:4b,run3_p10,127.44,65.0,,,on
15325.434,,qwen3.5:4b,run3_p10,127.66,65.0,,,on
15325.958,,qwen3.5:4b,run3_p10,127.64,65.0,,,on
15326.483,,qwen3.5:4b,run3_p10,127.34,65.0,,,on
15327.011,,qwen3.5:4b,run3_p10,127.18,66.0,,,on
15327.537,,qwen3.5:4b,run3_p10,126.98,65.0,,,on
15328.066,,qwen3.5:4b,run3_p10,127.49,66.0,,,on
15328.590,,qwen3.5:4b,run3_p10,128.29,66.0,,,on
15329.119,,qwen3.5:4b,run3_p10,127.72,65.0,,,on
15329.646,,qwen3.5:4b,run3_p10,127.08,65.0,,,on
15330.171,,qwen3.5:4b,run3_p10,127.15,65.0,,,on
15330.699,,qwen3.5:4b,run3_p10,127.17,65.0,,,on
15331.223,,qwen3.5:4b,run3_p10,126.66,65.0,,,on
15331.747,,qwen3.5:4b,run3_p10,126.24,65.0,,,on
15332.271,,qwen3.5:4b,run3_p10,127.21,65.0,,,on
15332.794,,qwen3.5:4b,run3_p10,127.56,65.0,,,on
15333.320,,qwen3.5:4b,run3_p10,127.55,65.0,,,on
15333.845,,qwen3.5:4b,run3_p10,126.88,65.0,,,on
15334.371,,qwen3.5:4b,run3_p10,126.49,65.0,,,on
15334.897,,qwen3.5:4b,run3_p10,127.06,65.0,,,on
15335.422,,qwen3.5:4b,run3_p10,127.56,66.0,,,on
15335.947,,qwen3.5:4b,run3_p10,127.71,65.0,,,on
15336.523,,qwen3.5:4b,run3_p11,119.78,56.0,,,on
15337.054,,qwen3.5:4b,run3_p11,104.36,64.0,,,on
15337.580,,qwen3.5:4b,run3_p11,111.57,65.0,,,on
15338.104,,qwen3.5:4b,run3_p11,127.06,65.0,,,on
15338.631,,qwen3.5:4b,run3_p11,126.98,66.0,,,on
15339.153,,qwen3.5:4b,run3_p11,126.66,65.0,,,on
15339.677,,qwen3.5:4b,run3_p11,126.61,65.0,,,on
15340.199,,qwen3.5:4b,run3_p11,126.35,65.0,,,on
15340.724,,qwen3.5:4b,run3_p11,126.65,65.0,,,on
15341.251,,qwen3.5:4b,run3_p11,127.73,65.0,,,on
15341.775,,qwen3.5:4b,run3_p11,127.02,65.0,,,on
15342.299,,qwen3.5:4b,run3_p11,126.98,65.0,,,on
15342.824,,qwen3.5:4b,run3_p11,127.73,65.0,,,on
15343.347,,qwen3.5:4b,run3_p11,127.44,65.0,,,on
15343.873,,qwen3.5:4b,run3_p11,126.13,65.0,,,on
15344.398,,qwen3.5:4b,run3_p11,125.53,65.0,,,on
15344.922,,qwen3.5:4b,run3_p11,125.82,65.0,,,on
15345.448,,qwen3.5:4b,run3_p11,126.83,65.0,,,on
15345.973,,qwen3.5:4b,run3_p11,126.64,65.0,,,on
15346.495,,qwen3.5:4b,run3_p11,126.64,65.0,,,on
15347.020,,qwen3.5:4b,run3_p11,126.09,63.0,,,on
15347.545,,qwen3.5:4b,run3_p11,125.90,65.0,,,on
15348.069,,qwen3.5:4b,run3_p11,125.99,65.0,,,on
15348.592,,qwen3.5:4b,run3_p11,126.24,64.0,,,on
15349.115,,qwen3.5:4b,run3_p11,127.19,65.0,,,on
15349.640,,qwen3.5:4b,run3_p11,126.83,65.0,,,on
15350.164,,qwen3.5:4b,run3_p11,126.40,65.0,,,on
15350.690,,qwen3.5:4b,run3_p11,126.01,65.0,,,on
15351.219,,qwen3.5:4b,run3_p11,125.98,65.0,,,on
15351.746,,qwen3.5:4b,run3_p11,126.61,65.0,,,on
15352.271,,qwen3.5:4b,run3_p11,126.53,65.0,,,on
15352.795,,qwen3.5:4b,run3_p11,125.84,65.0,,,on
15353.319,,qwen3.5:4b,run3_p11,125.68,65.0,,,on
15353.845,,qwen3.5:4b,run3_p11,126.33,65.0,,,on
15354.368,,qwen3.5:4b,run3_p11,126.37,65.0,,,on
15354.891,,qwen3.5:4b,run3_p11,126.22,65.0,,,on
15355.415,,qwen3.5:4b,run3_p11,125.28,65.0,,,on
15355.938,,qwen3.5:4b,run3_p11,125.84,65.0,,,on
15356.462,,qwen3.5:4b,run3_p11,127.09,65.0,,,on
15356.985,,qwen3.5:4b,run3_p11,127.10,65.0,,,on
15357.512,,qwen3.5:4b,run3_p11,126.74,65.0,,,on
15358.035,,qwen3.5:4b,run3_p11,126.39,65.0,,,on
15358.559,,qwen3.5:4b,run3_p11,126.97,65.0,,,on
15359.081,,qwen3.5:4b,run3_p11,127.02,65.0,,,on
15359.607,,qwen3.5:4b,run3_p11,127.02,66.0,,,on
15360.130,,qwen3.5:4b,run3_p11,127.12,64.0,,,on
15360.653,,qwen3.5:4b,run3_p11,127.64,65.0,,,on
15361.176,,qwen3.5:4b,run3_p11,126.85,65.0,,,on
15361.698,,qwen3.5:4b,run3_p11,126.09,66.0,,,on
15362.223,,qwen3.5:4b,run3_p11,126.30,65.0,,,on
15362.746,,qwen3.5:4b,run3_p11,127.13,65.0,,,on
15363.269,,qwen3.5:4b,run3_p11,127.25,64.0,,,on
15363.793,,qwen3.5:4b,run3_p11,127.02,65.0,,,on
15364.315,,qwen3.5:4b,run3_p11,127.40,65.0,,,on
15364.838,,qwen3.5:4b,run3_p11,127.35,65.0,,,on
15365.375,,qwen3.5:4b,run3_p11,127.29,65.0,,,on
15365.898,,qwen3.5:4b,run3_p11,127.15,65.0,,,on
15366.422,,qwen3.5:4b,run3_p11,126.88,65.0,,,on
15366.945,,qwen3.5:4b,run3_p11,127.05,65.0,,,on
15367.468,,qwen3.5:4b,run3_p11,127.36,65.0,,,on
15367.993,,qwen3.5:4b,run3_p11,127.13,65.0,,,on
15368.517,,qwen3.5:4b,run3_p11,126.83,65.0,,,on
15369.040,,qwen3.5:4b,run3_p11,126.82,65.0,,,on
15369.565,,qwen3.5:4b,run3_p11,127.28,65.0,,,on
15370.093,,qwen3.5:4b,run3_p11,127.76,65.0,,,on
15370.617,,qwen3.5:4b,run3_p11,127.46,65.0,,,on
15371.141,,qwen3.5:4b,run3_p11,126.83,65.0,,,on
15371.666,,qwen3.5:4b,run3_p11,126.88,65.0,,,on
15372.189,,qwen3.5:4b,run3_p11,127.65,65.0,,,on
15372.714,,qwen3.5:4b,run3_p11,127.75,65.0,,,on
15373.240,,qwen3.5:4b,run3_p11,127.60,66.0,,,on
15373.762,,qwen3.5:4b,run3_p11,127.74,65.0,,,on
15374.286,,qwen3.5:4b,run3_p11,127.90,65.0,,,on
15374.810,,qwen3.5:4b,run3_p11,128.00,65.0,,,on
15375.332,,qwen3.5:4b,run3_p11,127.16,64.0,,,on
15375.854,,qwen3.5:4b,run3_p11,127.03,66.0,,,on
15376.378,,qwen3.5:4b,run3_p11,127.49,65.0,,,on
15376.902,,qwen3.5:4b,run3_p11,127.17,65.0,,,on
15377.426,,qwen3.5:4b,run3_p11,126.78,65.0,,,on
15377.951,,qwen3.5:4b,run3_p11,127.46,65.0,,,on
15378.478,,qwen3.5:4b,run3_p11,127.51,65.0,,,on
15379.000,,qwen3.5:4b,run3_p11,127.42,65.0,,,on
15379.525,,qwen3.5:4b,run3_p12,126.82,65.0,,,on
15380.048,,qwen3.5:4b,run3_p12,113.83,64.0,,,on
15380.571,,qwen3.5:4b,run3_p12,114.10,65.0,,,on
15381.100,,qwen3.5:4b,run3_p12,128.16,66.0,,,on
15381.629,,qwen3.5:4b,run3_p12,128.07,66.0,,,on
15382.157,,qwen3.5:4b,run3_p12,128.18,65.0,,,on
15382.687,,qwen3.5:4b,run3_p12,128.20,65.0,,,on
15383.213,,qwen3.5:4b,run3_p12,127.49,65.0,,,on
15383.740,,qwen3.5:4b,run3_p12,127.36,65.0,,,on
15384.263,,qwen3.5:4b,run3_p12,127.95,65.0,,,on
15384.791,,qwen3.5:4b,run3_p12,128.16,65.0,,,on
15385.320,,qwen3.5:4b,run3_p12,127.79,65.0,,,on
15385.845,,qwen3.5:4b,run3_p12,127.07,65.0,,,on
15386.373,,qwen3.5:4b,run3_p12,126.68,64.0,,,on
15386.895,,qwen3.5:4b,run3_p12,126.79,65.0,,,on
15387.418,,qwen3.5:4b,run3_p12,126.94,65.0,,,on
15387.942,,qwen3.5:4b,run3_p12,127.21,65.0,,,on
15388.466,,qwen3.5:4b,run3_p12,126.79,63.0,,,on
15388.989,,qwen3.5:4b,run3_p12,126.83,64.0,,,on
15389.511,,qwen3.5:4b,run3_p12,127.62,64.0,,,on
15390.037,,qwen3.5:4b,run3_p12,127.68,65.0,,,on
15390.563,,qwen3.5:4b,run3_p12,127.77,65.0,,,on
15391.086,,qwen3.5:4b,run3_p12,127.60,65.0,,,on
15391.610,,qwen3.5:4b,run3_p12,127.06,65.0,,,on
15392.134,,qwen3.5:4b,run3_p12,126.79,65.0,,,on
15392.662,,qwen3.5:4b,run3_p12,127.20,65.0,,,on
15393.187,,qwen3.5:4b,run3_p12,127.88,66.0,,,on
15393.711,,qwen3.5:4b,run3_p12,126.76,65.0,,,on
15394.237,,qwen3.5:4b,run3_p12,126.24,66.0,,,on
15394.766,,qwen3.5:4b,run3_p12,126.81,65.0,,,on
15395.290,,qwen3.5:4b,run3_p12,127.40,66.0,,,on
15395.815,,qwen3.5:4b,run3_p12,127.47,65.0,,,on
15396.337,,qwen3.5:4b,run3_p12,126.96,65.0,,,on
15396.865,,qwen3.5:4b,run3_p12,127.26,65.0,,,on
15397.388,,qwen3.5:4b,run3_p12,127.45,65.0,,,on
15397.917,,qwen3.5:4b,run3_p12,127.91,65.0,,,on
15398.442,,qwen3.5:4b,run3_p12,127.98,65.0,,,on
15398.966,,qwen3.5:4b,run3_p12,127.49,65.0,,,on
15399.494,,qwen3.5:4b,run3_p12,127.55,65.0,,,on
15400.021,,qwen3.5:4b,run3_p12,128.27,65.0,,,on
15400.549,,qwen3.5:4b,run3_p12,128.34,66.0,,,on
15401.074,,qwen3.5:4b,run3_p12,128.35,65.0,,,on
15401.601,,qwen3.5:4b,run3_p12,128.10,65.0,,,on
15402.123,,qwen3.5:4b,run3_p12,127.90,65.0,,,on
15402.650,,qwen3.5:4b,run3_p12,127.65,65.0,,,on
15403.177,,qwen3.5:4b,run3_p12,127.35,65.0,,,on
15403.699,,qwen3.5:4b,run3_p12,127.81,66.0,,,on
15404.229,,qwen3.5:4b,run3_p12,128.29,65.0,,,on
15404.752,,qwen3.5:4b,run3_p12,127.18,65.0,,,on
15405.278,,qwen3.5:4b,run3_p12,127.20,65.0,,,on
15405.801,,qwen3.5:4b,run3_p12,128.04,65.0,,,on
15406.326,,qwen3.5:4b,run3_p12,127.95,65.0,,,on
15406.849,,qwen3.5:4b,run3_p12,127.55,65.0,,,on
15407.375,,qwen3.5:4b,run3_p12,127.25,65.0,,,on
15407.908,,qwen3.5:4b,run3_p12,127.28,65.0,,,on
15408.433,,qwen3.5:4b,run3_p12,126.95,66.0,,,on
15408.957,,qwen3.5:4b,run3_p12,127.05,65.0,,,on
15409.483,,qwen3.5:4b,run3_p12,127.50,65.0,,,on
15410.006,,qwen3.5:4b,run3_p12,127.50,65.0,,,on
15410.530,,qwen3.5:4b,run3_p12,127.40,65.0,,,on
15411.059,,qwen3.5:4b,run3_p12,127.89,65.0,,,on
15411.583,,qwen3.5:4b,run3_p12,128.04,65.0,,,on
15412.107,,qwen3.5:4b,run3_p12,127.80,65.0,,,on
15412.631,,qwen3.5:4b,run3_p12,127.62,65.0,,,on
15413.156,,qwen3.5:4b,run3_p12,127.85,65.0,,,on
15413.716,,qwen3.5:4b,run3_p12,128.08,65.0,,,on
15414.241,,qwen3.5:4b,run3_p12,127.49,65.0,,,on
15414.766,,qwen3.5:4b,run3_p12,127.32,65.0,,,on
15415.289,,qwen3.5:4b,run3_p12,127.75,65.0,,,on
15415.814,,qwen3.5:4b,run3_p12,127.84,65.0,,,on
15416.342,,qwen3.5:4b,run3_p12,127.66,66.0,,,on
15416.867,,qwen3.5:4b,run3_p12,127.38,65.0,,,on
15417.390,,qwen3.5:4b,run3_p12,128.38,66.0,,,on
15417.912,,qwen3.5:4b,run3_p12,127.95,65.0,,,on
15418.438,,qwen3.5:4b,run3_p12,127.84,65.0,,,on
15418.962,,qwen3.5:4b,run3_p12,128.29,65.0,,,on
15419.487,,qwen3.5:4b,run3_p12,128.19,65.0,,,on
15420.009,,qwen3.5:4b,run3_p12,128.33,66.0,,,on
15420.534,,qwen3.5:4b,run3_p12,128.52,65.0,,,on
15421.057,,qwen3.5:4b,run3_p12,128.06,65.0,,,on
15421.584,,qwen3.5:4b,run3_p12,127.86,65.0,,,on
15422.119,,qwen3.5:4b,run3_p12,127.90,65.0,,,on
15422.643,,qwen3.5:4b,run3_p12,128.23,65.0,,,on
15423.168,,qwen3.5:4b,run3_p12,128.05,66.0,,,on
15423.702,,qwen3.5:4b,run3_p12,127.83,65.0,,,on
15424.230,,qwen3.5:4b,run3_p12,128.38,65.0,,,on
15424.757,,qwen3.5:4b,run3_p12,128.53,65.0,,,on
15425.281,,qwen3.5:4b,run3_p12,128.75,65.0,,,on
15425.810,,qwen3.5:4b,run3_p12,128.43,65.0,,,on
15426.334,,qwen3.5:4b,run3_p12,128.35,65.0,,,on
15426.857,,qwen3.5:4b,run3_p12,128.14,65.0,,,on
15427.381,,qwen3.5:4b,run3_p12,128.35,65.0,,,on
15427.905,,qwen3.5:4b,run3_p12,127.86,65.0,,,on
15428.431,,qwen3.5:4b,run3_p12,128.41,65.0,,,on
15428.985,,qwen3.5:4b,run3_p12,128.55,65.0,,,on
15429.508,,qwen3.5:4b,run3_p12,127.89,65.0,,,on
15430.031,,qwen3.5:4b,run3_p12,127.28,65.0,,,on
15430.554,,qwen3.5:4b,run3_p12,127.32,64.0,,,on
15431.082,,qwen3.5:4b,run3_p12,127.01,65.0,,,on
15431.607,,qwen3.5:4b,run3_p12,127.15,65.0,,,on
15432.131,,qwen3.5:4b,run3_p12,128.11,65.0,,,on
15432.661,,qwen3.5:4b,run3_p12,128.34,65.0,,,on
15433.184,,qwen3.5:4b,run3_p12,128.07,65.0,,,on
15433.708,,qwen3.5:4b,run3_p12,127.17,65.0,,,on
15434.231,,qwen3.5:4b,run3_p12,127.61,66.0,,,on
15434.756,,qwen3.5:4b,run3_p12,128.84,65.0,,,on
15435.280,,qwen3.5:4b,run3_p12,128.86,65.0,,,on
15435.808,,qwen3.5:4b,run3_p12,128.58,66.0,,,on
15436.337,,qwen3.5:4b,run3_p12,128.76,65.0,,,on
15436.860,,qwen3.5:4b,run3_p12,128.74,66.0,,,on
15437.384,,qwen3.5:4b,run3_p12,127.30,65.0,,,on
15437.908,,qwen3.5:4b,run3_p12,127.08,65.0,,,on
15438.432,,qwen3.5:4b,run3_p12,128.27,65.0,,,on
15438.955,,qwen3.5:4b,run3_p12,128.84,65.0,,,on
15439.479,,qwen3.5:4b,run3_p12,129.40,66.0,,,on
15440.003,,qwen3.5:4b,run3_p12,129.16,66.0,,,on
15440.532,,qwen3.5:4b,run3_p12,128.99,66.0,,,on
15441.058,,qwen3.5:4b,run3_p12,128.62,65.0,,,on
15441.596,,qwen3.5:4b,run3_p12,134.51,63.0,,,on
15442.128,,qwen3.5:4b,run3_p13,120.11,59.0,,,on
15442.650,,qwen3.5:4b,run3_p13,93.21,62.0,,,on
15443.173,,qwen3.5:4b,run3_p13,107.20,65.0,,,on
15443.699,,qwen3.5:4b,run3_p13,127.76,66.0,,,on
15444.225,,qwen3.5:4b,run3_p13,127.22,65.0,,,on
15444.751,,qwen3.5:4b,run3_p13,127.19,63.0,,,on
15445.273,,qwen3.5:4b,run3_p13,128.40,65.0,,,on
15445.795,,qwen3.5:4b,run3_p13,127.60,65.0,,,on
15446.318,,qwen3.5:4b,run3_p13,127.12,65.0,,,on
15446.843,,qwen3.5:4b,run3_p13,127.73,65.0,,,on
15447.368,,qwen3.5:4b,run3_p13,128.15,66.0,,,on
15447.893,,qwen3.5:4b,run3_p13,127.89,65.0,,,on
15448.417,,qwen3.5:4b,run3_p13,127.65,65.0,,,on
15448.942,,qwen3.5:4b,run3_p13,127.21,65.0,,,on
15449.467,,qwen3.5:4b,run3_p13,127.29,65.0,,,on
15449.991,,qwen3.5:4b,run3_p13,127.75,65.0,,,on
15450.515,,qwen3.5:4b,run3_p13,127.59,65.0,,,on
15451.039,,qwen3.5:4b,run3_p13,127.78,65.0,,,on
15451.566,,qwen3.5:4b,run3_p13,128.27,65.0,,,on
15452.090,,qwen3.5:4b,run3_p13,127.95,65.0,,,on
15452.614,,qwen3.5:4b,run3_p13,128.19,65.0,,,on
15453.142,,qwen3.5:4b,run3_p13,128.29,65.0,,,on
15453.673,,qwen3.5:4b,run3_p13,127.64,66.0,,,on
15454.198,,qwen3.5:4b,run3_p13,127.69,65.0,,,on
15454.723,,qwen3.5:4b,run3_p13,128.15,65.0,,,on
15455.246,,qwen3.5:4b,run3_p13,128.22,65.0,,,on
15455.770,,qwen3.5:4b,run3_p13,128.23,65.0,,,on
15456.294,,qwen3.5:4b,run3_p13,128.01,65.0,,,on
15456.818,,qwen3.5:4b,run3_p13,127.76,65.0,,,on
15457.346,,qwen3.5:4b,run3_p13,127.50,65.0,,,on
15457.869,,qwen3.5:4b,run3_p13,127.42,65.0,,,on
15458.397,,qwen3.5:4b,run3_p13,127.63,65.0,,,on
15458.921,,qwen3.5:4b,run3_p13,127.68,66.0,,,on
15459.445,,qwen3.5:4b,run3_p13,128.01,65.0,,,on
15459.968,,qwen3.5:4b,run3_p13,127.71,65.0,,,on
15460.493,,qwen3.5:4b,run3_p13,127.95,65.0,,,on
15461.018,,qwen3.5:4b,run3_p13,128.29,65.0,,,on
15461.542,,qwen3.5:4b,run3_p13,127.62,65.0,,,on
15462.068,,qwen3.5:4b,run3_p13,127.58,65.0,,,on
15462.591,,qwen3.5:4b,run3_p13,127.76,66.0,,,on
15463.149,,qwen3.5:4b,run3_p13,127.79,65.0,,,on
15463.673,,qwen3.5:4b,run3_p13,128.15,65.0,,,on
15464.197,,qwen3.5:4b,run3_p13,128.05,65.0,,,on
15464.723,,qwen3.5:4b,run3_p13,127.03,65.0,,,on
15465.249,,qwen3.5:4b,run3_p13,126.20,64.0,,,on
15465.772,,qwen3.5:4b,run3_p13,126.48,66.0,,,on
15466.299,,qwen3.5:4b,run3_p13,127.93,65.0,,,on
15466.825,,qwen3.5:4b,run3_p13,127.04,65.0,,,on
15467.349,,qwen3.5:4b,run3_p13,125.92,65.0,,,on
15467.872,,qwen3.5:4b,run3_p13,126.61,63.0,,,on
15468.398,,qwen3.5:4b,run3_p13,127.04,65.0,,,on
15468.924,,qwen3.5:4b,run3_p13,127.94,65.0,,,on
15469.448,,qwen3.5:4b,run3_p13,128.52,65.0,,,on
15469.971,,qwen3.5:4b,run3_p13,128.50,65.0,,,on
15470.494,,qwen3.5:4b,run3_p13,128.36,65.0,,,on
15471.020,,qwen3.5:4b,run3_p13,128.09,65.0,,,on
15471.544,,qwen3.5:4b,run3_p13,128.41,66.0,,,on
15472.066,,qwen3.5:4b,run3_p13,128.42,65.0,,,on
15472.595,,qwen3.5:4b,run3_p13,128.11,65.0,,,on
15473.118,,qwen3.5:4b,run3_p13,127.79,66.0,,,on
15473.641,,qwen3.5:4b,run3_p13,128.05,65.0,,,on
15474.163,,qwen3.5:4b,run3_p13,128.47,66.0,,,on
15474.686,,qwen3.5:4b,run3_p13,128.65,65.0,,,on
15475.209,,qwen3.5:4b,run3_p13,128.59,66.0,,,on
15475.731,,qwen3.5:4b,run3_p13,128.97,66.0,,,on
15476.253,,qwen3.5:4b,run3_p13,128.72,65.0,,,on
15476.795,,qwen3.5:4b,run3_p14,119.74,66.0,,,on
15477.319,,qwen3.5:4b,run3_p14,102.01,63.0,,,on
15477.841,,qwen3.5:4b,run3_p14,110.23,65.0,,,on
15478.365,,qwen3.5:4b,run3_p14,127.93,65.0,,,on
15478.888,,qwen3.5:4b,run3_p14,127.62,65.0,,,on
15479.410,,qwen3.5:4b,run3_p14,128.09,65.0,,,on
15479.936,,qwen3.5:4b,run3_p14,127.42,65.0,,,on
15480.459,,qwen3.5:4b,run3_p14,127.30,66.0,,,on
15480.984,,qwen3.5:4b,run3_p14,127.69,65.0,,,on
15481.508,,qwen3.5:4b,run3_p14,128.17,65.0,,,on
15482.031,,qwen3.5:4b,run3_p14,128.21,65.0,,,on
15482.559,,qwen3.5:4b,run3_p14,128.34,65.0,,,on
15483.081,,qwen3.5:4b,run3_p14,128.51,65.0,,,on
15483.604,,qwen3.5:4b,run3_p14,128.25,65.0,,,on
15484.126,,qwen3.5:4b,run3_p14,128.11,65.0,,,on
15484.648,,qwen3.5:4b,run3_p14,128.00,65.0,,,on
15485.171,,qwen3.5:4b,run3_p14,128.18,65.0,,,on
15485.695,,qwen3.5:4b,run3_p14,127.97,65.0,,,on
15486.217,,qwen3.5:4b,run3_p14,128.05,65.0,,,on
15486.740,,qwen3.5:4b,run3_p14,128.72,65.0,,,on
15487.263,,qwen3.5:4b,run3_p14,128.42,65.0,,,on
15487.790,,qwen3.5:4b,run3_p14,128.26,65.0,,,on
15488.313,,qwen3.5:4b,run3_p14,127.76,65.0,,,on
15488.835,,qwen3.5:4b,run3_p14,127.90,66.0,,,on
15489.358,,qwen3.5:4b,run3_p14,128.35,65.0,,,on
15489.882,,qwen3.5:4b,run3_p14,127.80,65.0,,,on
15490.408,,qwen3.5:4b,run3_p14,128.00,65.0,,,on
15490.934,,qwen3.5:4b,run3_p14,127.80,65.0,,,on
15491.457,,qwen3.5:4b,run3_p14,126.85,65.0,,,on
15491.980,,qwen3.5:4b,run3_p14,127.39,65.0,,,on
15492.505,,qwen3.5:4b,run3_p14,127.48,65.0,,,on
15493.027,,qwen3.5:4b,run3_p14,128.09,66.0,,,on
15493.555,,qwen3.5:4b,run3_p14,128.55,65.0,,,on
15494.078,,qwen3.5:4b,run3_p14,128.59,65.0,,,on
15494.601,,qwen3.5:4b,run3_p14,128.43,65.0,,,on
15495.123,,qwen3.5:4b,run3_p14,128.53,65.0,,,on
15495.646,,qwen3.5:4b,run3_p14,128.35,65.0,,,on
15496.173,,qwen3.5:4b,run3_p14,128.79,66.0,,,on
15496.697,,qwen3.5:4b,run3_p14,128.91,65.0,,,on
15497.219,,qwen3.5:4b,run3_p14,127.77,65.0,,,on
15497.744,,qwen3.5:4b,run3_p14,126.96,65.0,,,on
15498.270,,qwen3.5:4b,run3_p14,127.74,65.0,,,on
15498.792,,qwen3.5:4b,run3_p14,128.44,65.0,,,on
15499.315,,qwen3.5:4b,run3_p14,128.39,65.0,,,on
15499.837,,qwen3.5:4b,run3_p14,128.41,65.0,,,on
15500.364,,qwen3.5:4b,run3_p14,128.40,65.0,,,on
15500.886,,qwen3.5:4b,run3_p14,128.71,65.0,,,on
15501.409,,qwen3.5:4b,run3_p14,128.35,66.0,,,on
15501.932,,qwen3.5:4b,run3_p14,127.52,65.0,,,on
15502.455,,qwen3.5:4b,run3_p14,127.47,65.0,,,on
15502.985,,qwen3.5:4b,run3_p14,127.48,65.0,,,on
15503.511,,qwen3.5:4b,run3_p14,127.14,65.0,,,on
15504.034,,qwen3.5:4b,run3_p14,127.04,65.0,,,on
15504.558,,qwen3.5:4b,run3_p14,127.79,65.0,,,on
15505.082,,qwen3.5:4b,run3_p14,127.79,65.0,,,on
15505.606,,qwen3.5:4b,run3_p14,127.70,65.0,,,on
15506.130,,qwen3.5:4b,run3_p14,127.37,65.0,,,on
15506.653,,qwen3.5:4b,run3_p14,126.99,65.0,,,on
15507.177,,qwen3.5:4b,run3_p14,127.21,65.0,,,on
15507.702,,qwen3.5:4b,run3_p14,127.34,65.0,,,on
15508.228,,qwen3.5:4b,run3_p14,127.22,65.0,,,on
15508.770,,qwen3.5:4b,run3_p14,127.69,65.0,,,on
15509.293,,qwen3.5:4b,run3_p14,127.95,65.0,,,on
15509.820,,qwen3.5:4b,run3_p14,127.53,65.0,,,on
15534.973,,qwen3.5:4b,idle,23.66,45.0,,,off
15535.496,,qwen3.5:4b,idle,23.45,45.0,,,off
15536.019,,qwen3.5:4b,idle,23.36,45.0,,,off
15536.542,,qwen3.5:4b,idle,18.13,45.0,,,off
15537.068,,qwen3.5:4b,idle,12.02,45.0,,,off
15537.592,,qwen3.5:4b,idle,11.78,44.0,,,off
15538.116,,qwen3.5:4b,idle,10.77,44.0,,,off
15538.639,,qwen3.5:4b,idle,9.96,44.0,,,off
15539.165,,qwen3.5:4b,idle,9.59,44.0,,,off
15539.694,,qwen3.5:4b,idle,9.55,44.0,,,off
15540.217,,qwen3.5:4b,idle,9.52,44.0,,,off
15540.742,,qwen3.5:4b,idle,9.49,44.0,,,off
15541.278,,qwen3.5:4b,idle,9.43,44.0,,,off
15541.802,,qwen3.5:4b,idle,9.42,44.0,,,off
15542.326,,qwen3.5:4b,idle,9.48,44.0,,,off
15542.853,,qwen3.5:4b,idle,9.56,44.0,,,off
15543.379,,qwen3.5:4b,idle,9.48,43.0,,,off
15543.902,,qwen3.5:4b,idle,9.40,43.0,,,off
15544.426,,qwen3.5:4b,idle,9.42,43.0,,,off
15544.950,,qwen3.5:4b,idle,9.40,43.0,,,off
15545.490,,qwen3.5:4b,run1_p0,9.38,43.0,,,off
15546.015,,qwen3.5:4b,run1_p0,17.21,44.0,,,off
15546.540,,qwen3.5:4b,run1_p0,65.81,55.0,,,off
15547.085,,qwen3.5:4b,run1_p1,101.50,56.0,,,off
15547.614,,qwen3.5:4b,run1_p1,92.51,56.0,,,off
15548.140,,qwen3.5:4b,run1_p1,104.60,58.0,,,off
15548.664,,qwen3.5:4b,run1_p1,122.30,59.0,,,off
15549.232,,qwen3.5:4b,run1_p2,110.85,59.0,,,off
15549.759,,qwen3.5:4b,run1_p2,96.92,49.0,,,off
15550.288,,qwen3.5:4b,run1_p3,102.13,59.0,,,off
15550.815,,qwen3.5:4b,run1_p3,97.28,51.0,,,off
15551.339,,qwen3.5:4b,run1_p3,104.23,60.0,,,off
15551.865,,qwen3.5:4b,run1_p3,122.48,60.0,,,off
15552.389,,qwen3.5:4b,run1_p3,123.04,60.0,,,off
15552.915,,qwen3.5:4b,run1_p3,123.79,61.0,,,off
15553.443,,qwen3.5:4b,run1_p3,123.25,61.0,,,off
15553.972,,qwen3.5:4b,run1_p4,90.77,52.0,,,off
15554.496,,qwen3.5:4b,run1_p4,76.23,55.0,,,off
15555.019,,qwen3.5:4b,run1_p4,108.52,60.0,,,off
15555.542,,qwen3.5:4b,run1_p4,123.88,61.0,,,off
15556.071,,qwen3.5:4b,run1_p5,97.97,61.0,,,off
15556.596,,qwen3.5:4b,run1_p5,84.66,50.0,,,off
15557.119,,qwen3.5:4b,run1_p5,103.49,60.0,,,off
15557.655,,qwen3.5:4b,run1_p6,110.46,61.0,,,off
15558.185,,qwen3.5:4b,run1_p6,96.05,60.0,,,off
15558.733,,qwen3.5:4b,run1_p6,117.20,61.0,,,off
15559.266,,qwen3.5:4b,run1_p6,124.77,62.0,,,off
15559.796,,qwen3.5:4b,run1_p6,124.74,62.0,,,off
15560.323,,qwen3.5:4b,run1_p6,124.33,62.0,,,off
15560.848,,qwen3.5:4b,run1_p6,123.94,63.0,,,off
15561.373,,qwen3.5:4b,run1_p6,123.63,62.0,,,off
15561.896,,qwen3.5:4b,run1_p6,124.33,62.0,,,off
15562.423,,qwen3.5:4b,run1_p6,125.31,63.0,,,off
15562.946,,qwen3.5:4b,run1_p6,124.99,62.0,,,off
15563.468,,qwen3.5:4b,run1_p6,125.24,63.0,,,off
15563.992,,qwen3.5:4b,run1_p6,125.53,62.0,,,off
15564.520,,qwen3.5:4b,run1_p6,125.28,63.0,,,off
15565.045,,qwen3.5:4b,run1_p6,124.89,63.0,,,off
15565.572,,qwen3.5:4b,run1_p6,125.06,63.0,,,off
15566.098,,qwen3.5:4b,run1_p6,125.38,64.0,,,off
15566.638,,qwen3.5:4b,run1_p7,116.95,63.0,,,off
15567.164,,qwen3.5:4b,run1_p7,104.85,60.0,,,off
15567.693,,qwen3.5:4b,run1_p7,105.60,63.0,,,off
15568.219,,qwen3.5:4b,run1_p7,125.42,63.0,,,off
15568.749,,qwen3.5:4b,run1_p7,125.51,63.0,,,off
15569.283,,qwen3.5:4b,run1_p7,125.59,64.0,,,off
15569.807,,qwen3.5:4b,run1_p7,125.00,63.0,,,off
15570.330,,qwen3.5:4b,run1_p7,123.85,63.0,,,off
15570.880,,qwen3.5:4b,run1_p7,124.60,63.0,,,off
15571.405,,qwen3.5:4b,run1_p7,125.80,63.0,,,off
15571.928,,qwen3.5:4b,run1_p7,126.17,64.0,,,off
15572.452,,qwen3.5:4b,run1_p7,126.76,64.0,,,off
15572.978,,qwen3.5:4b,run1_p7,125.96,64.0,,,off
15573.500,,qwen3.5:4b,run1_p7,125.87,64.0,,,off
15574.023,,qwen3.5:4b,run1_p7,126.44,64.0,,,off
15574.546,,qwen3.5:4b,run1_p7,126.62,64.0,,,off
15575.073,,qwen3.5:4b,run1_p7,126.81,65.0,,,off
15575.598,,qwen3.5:4b,run1_p7,126.34,65.0,,,off
15576.121,,qwen3.5:4b,run1_p7,125.26,64.0,,,off
15576.648,,qwen3.5:4b,run1_p7,125.56,64.0,,,off
15577.177,,qwen3.5:4b,run1_p7,126.39,64.0,,,off
15577.703,,qwen3.5:4b,run1_p8,95.20,54.0,,,off
15578.257,,qwen3.5:4b,run1_p8,77.14,62.0,,,off
15578.786,,qwen3.5:4b,run1_p8,107.94,63.0,,,off
15579.311,,qwen3.5:4b,run1_p8,125.41,63.0,,,off
15579.861,,qwen3.5:4b,run1_p8,125.03,64.0,,,off
15580.386,,qwen3.5:4b,run1_p8,125.73,64.0,,,off
15580.912,,qwen3.5:4b,run1_p8,125.53,65.0,,,off
15581.440,,qwen3.5:4b,run1_p8,124.82,64.0,,,off
15581.962,,qwen3.5:4b,run1_p8,125.31,64.0,,,off
15582.485,,qwen3.5:4b,run1_p8,125.33,64.0,,,off
15583.011,,qwen3.5:4b,run1_p8,125.51,65.0,,,off
15583.539,,qwen3.5:4b,run1_p8,125.71,64.0,,,off
15584.065,,qwen3.5:4b,run1_p8,125.45,64.0,,,off
15584.590,,qwen3.5:4b,run1_p8,125.50,65.0,,,off
15585.114,,qwen3.5:4b,run1_p8,125.87,65.0,,,off
15585.641,,qwen3.5:4b,run1_p8,126.10,65.0,,,off
15586.172,,qwen3.5:4b,run1_p8,126.16,65.0,,,off
15586.696,,qwen3.5:4b,run1_p8,126.37,65.0,,,off
15587.221,,qwen3.5:4b,run1_p8,126.14,65.0,,,off
15587.747,,qwen3.5:4b,run1_p8,126.40,65.0,,,off
15588.273,,qwen3.5:4b,run1_p8,127.19,65.0,,,off
15588.796,,qwen3.5:4b,run1_p8,127.20,65.0,,,off
15589.320,,qwen3.5:4b,run1_p8,127.18,65.0,,,off
15589.847,,qwen3.5:4b,run1_p8,127.23,65.0,,,off
15590.372,,qwen3.5:4b,run1_p8,127.07,65.0,,,off
15590.895,,qwen3.5:4b,run1_p8,127.28,65.0,,,off
15591.418,,qwen3.5:4b,run1_p8,127.19,65.0,,,off
15591.942,,qwen3.5:4b,run1_p8,127.49,65.0,,,off
15592.467,,qwen3.5:4b,run1_p9,94.45,55.0,,,off
15593.016,,qwen3.5:4b,run1_p9,81.97,61.0,,,off
15593.538,,qwen3.5:4b,run1_p9,115.16,64.0,,,off
15594.063,,qwen3.5:4b,run1_p9,126.84,65.0,,,off
15594.589,,qwen3.5:4b,run1_p9,127.01,65.0,,,off
15595.115,,qwen3.5:4b,run1_p10,100.29,65.0,,,off
15595.638,,qwen3.5:4b,run1_p10,87.80,54.0,,,off
15596.166,,qwen3.5:4b,run1_p10,106.46,65.0,,,off
15596.691,,qwen3.5:4b,run1_p10,126.47,64.0,,,off
15597.213,,qwen3.5:4b,run1_p10,126.98,65.0,,,off
15597.738,,qwen3.5:4b,run1_p10,127.49,65.0,,,off
15598.265,,qwen3.5:4b,run1_p10,127.18,65.0,,,off
15598.788,,qwen3.5:4b,run1_p10,126.29,65.0,,,off
15599.311,,qwen3.5:4b,run1_p10,127.04,65.0,,,off
15599.834,,qwen3.5:4b,run1_p10,127.43,65.0,,,off
15600.358,,qwen3.5:4b,run1_p10,127.64,65.0,,,off
15600.881,,qwen3.5:4b,run1_p10,127.57,65.0,,,off
15601.404,,qwen3.5:4b,run1_p10,127.43,65.0,,,off
15601.932,,qwen3.5:4b,run1_p11,127.67,65.0,,,off
15602.456,,qwen3.5:4b,run1_p11,116.17,58.0,,,off
15602.979,,qwen3.5:4b,run1_p11,116.40,65.0,,,off
15603.506,,qwen3.5:4b,run1_p11,127.99,65.0,,,off
15604.028,,qwen3.5:4b,run1_p11,127.46,65.0,,,off
15604.554,,qwen3.5:4b,run1_p11,127.56,65.0,,,off
15605.076,,qwen3.5:4b,run1_p11,128.15,65.0,,,off
15605.598,,qwen3.5:4b,run1_p11,127.97,65.0,,,off
15606.122,,qwen3.5:4b,run1_p11,127.30,65.0,,,off
15606.647,,qwen3.5:4b,run1_p11,127.24,65.0,,,off
15607.171,,qwen3.5:4b,run1_p11,127.86,65.0,,,off
15607.694,,qwen3.5:4b,run1_p11,127.62,65.0,,,off
15608.216,,qwen3.5:4b,run1_p11,127.34,65.0,,,off
15608.740,,qwen3.5:4b,run1_p11,127.67,65.0,,,off
15609.262,,qwen3.5:4b,run1_p11,127.47,65.0,,,off
15609.785,,qwen3.5:4b,run1_p11,127.62,65.0,,,off
15610.308,,qwen3.5:4b,run1_p11,127.75,65.0,,,off
15610.831,,qwen3.5:4b,run1_p11,127.70,65.0,,,off
15611.353,,qwen3.5:4b,run1_p11,127.91,65.0,,,off
15611.876,,qwen3.5:4b,run1_p11,128.16,65.0,,,off
15612.399,,qwen3.5:4b,run1_p11,127.92,65.0,,,off
15612.923,,qwen3.5:4b,run1_p11,127.55,65.0,,,off
15613.445,,qwen3.5:4b,run1_p11,127.31,66.0,,,off
15613.968,,qwen3.5:4b,run1_p11,127.61,65.0,,,off
15614.491,,qwen3.5:4b,run1_p11,127.85,66.0,,,off
15615.015,,qwen3.5:4b,run1_p11,127.80,65.0,,,off
15615.540,,qwen3.5:4b,run1_p11,128.35,65.0,,,off
15616.062,,qwen3.5:4b,run1_p11,127.85,65.0,,,off
15616.585,,qwen3.5:4b,run1_p11,128.02,66.0,,,off
15617.109,,qwen3.5:4b,run1_p11,128.65,66.0,,,off
15617.634,,qwen3.5:4b,run1_p11,128.37,66.0,,,off
15618.154,,qwen3.5:4b,run1_p11,128.10,66.0,,,off
15618.677,,qwen3.5:4b,run1_p11,128.31,65.0,,,off
15619.201,,qwen3.5:4b,run1_p11,127.76,65.0,,,off
15619.727,,qwen3.5:4b,run1_p11,127.03,65.0,,,off
15620.252,,qwen3.5:4b,run1_p11,127.29,65.0,,,off
15620.787,,qwen3.5:4b,run1_p12,89.22,55.0,,,off
15621.313,,qwen3.5:4b,run1_p12,76.26,63.0,,,off
15621.837,,qwen3.5:4b,run1_p12,106.30,65.0,,,off
15622.363,,qwen3.5:4b,run1_p12,127.06,65.0,,,off
15622.889,,qwen3.5:4b,run1_p12,127.45,65.0,,,off
15623.413,,qwen3.5:4b,run1_p12,126.97,66.0,,,off
15623.938,,qwen3.5:4b,run1_p12,126.85,65.0,,,off
15624.462,,qwen3.5:4b,run1_p12,126.90,65.0,,,off
15625.009,,qwen3.5:4b,run1_p13,112.72,65.0,,,off
15625.536,,qwen3.5:4b,run1_p13,99.52,64.0,,,off
15626.058,,qwen3.5:4b,run1_p13,112.29,65.0,,,off
15626.581,,qwen3.5:4b,run1_p13,127.24,65.0,,,off
15627.108,,qwen3.5:4b,run1_p13,127.37,65.0,,,off
15627.636,,qwen3.5:4b,run1_p13,126.91,66.0,,,off
15628.161,,qwen3.5:4b,run1_p13,127.24,65.0,,,off
15628.688,,qwen3.5:4b,run1_p13,126.66,65.0,,,off
15629.222,,qwen3.5:4b,run1_p13,125.89,65.0,,,off
15629.746,,qwen3.5:4b,run1_p13,125.78,65.0,,,off
15630.271,,qwen3.5:4b,run1_p13,127.07,65.0,,,off
15630.795,,qwen3.5:4b,run1_p13,127.46,65.0,,,off
15631.319,,qwen3.5:4b,run1_p13,127.07,66.0,,,off
15631.844,,qwen3.5:4b,run1_p13,127.75,65.0,,,off
15632.367,,qwen3.5:4b,run1_p13,127.69,66.0,,,off
15632.892,,qwen3.5:4b,run1_p14,88.85,54.0,,,off
15633.421,,qwen3.5:4b,run1_p14,74.44,63.0,,,off
15633.949,,qwen3.5:4b,run1_p14,112.46,65.0,,,off
15634.474,,qwen3.5:4b,run1_p14,127.09,65.0,,,off
15634.996,,qwen3.5:4b,run1_p14,126.92,65.0,,,off
15635.519,,qwen3.5:4b,run1_p14,126.75,65.0,,,off
15636.049,,qwen3.5:4b,run1_p14,126.88,65.0,,,off
15636.573,,qwen3.5:4b,run1_p14,127.01,65.0,,,off
15637.100,,qwen3.5:4b,run1_p14,126.99,65.0,,,off
15637.627,,qwen3.5:4b,run1_p14,127.54,65.0,,,off
15638.152,,qwen3.5:4b,run1_p14,128.17,66.0,,,off
15638.680,,qwen3.5:4b,run1_p14,127.78,65.0,,,off
15639.205,,qwen3.5:4b,run1_p14,127.93,65.0,,,off
15639.730,,qwen3.5:4b,run1_p14,127.60,65.0,,,off
15640.258,,qwen3.5:4b,run1_p14,127.15,65.0,,,off
15640.784,,qwen3.5:4b,run1_p14,127.28,65.0,,,off
15641.313,,qwen3.5:4b,run1_p14,127.39,66.0,,,off
15641.837,,qwen3.5:4b,run1_p14,127.59,65.0,,,off
15642.362,,qwen3.5:4b,run1_p14,127.21,65.0,,,off
15642.885,,qwen3.5:4b,run1_p14,126.94,66.0,,,off
15643.410,,qwen3.5:4b,run1_p14,127.29,65.0,,,off
15643.937,,qwen3.5:4b,run1_p14,127.43,66.0,,,off
15644.462,,qwen3.5:4b,run1_p14,126.65,65.0,,,off
15644.989,,qwen3.5:4b,run1_p14,126.90,65.0,,,off
15645.513,,qwen3.5:4b,run1_p14,127.79,65.0,,,off
15646.037,,qwen3.5:4b,run1_p14,127.39,65.0,,,off
15646.563,,qwen3.5:4b,run1_p14,127.64,66.0,,,off
15647.091,,qwen3.5:4b,run1_p14,127.57,65.0,,,off
15647.616,,qwen3.5:4b,run1_p14,126.92,65.0,,,off
15648.142,,qwen3.5:4b,run1_p14,127.27,65.0,,,off
15648.666,,qwen3.5:4b,run1_p14,127.34,65.0,,,off
15649.190,,qwen3.5:4b,run1_p14,127.81,66.0,,,off
15649.713,,qwen3.5:4b,run1_p14,127.32,65.0,,,off
15650.241,,qwen3.5:4b,run1_p14,127.53,66.0,,,off
15650.765,,qwen3.5:4b,run1_p14,128.35,66.0,,,off
15651.289,,qwen3.5:4b,run1_p14,127.99,66.0,,,off
15651.813,,qwen3.5:4b,run1_p14,127.50,66.0,,,off
15652.338,,qwen3.5:4b,run1_p14,126.88,65.0,,,off
15652.862,,qwen3.5:4b,run1_p14,127.12,65.0,,,off
15653.385,,qwen3.5:4b,run1_p14,127.14,66.0,,,off
15653.910,,qwen3.5:4b,run1_p14,127.04,65.0,,,off
15654.486,,qwen3.5:4b,run2_p0,125.69,65.0,,,off
15655.012,,qwen3.5:4b,run2_p0,112.52,64.0,,,off
15655.539,,qwen3.5:4b,run2_p0,114.36,66.0,,,off
15656.065,,qwen3.5:4b,run2_p1,119.69,66.0,,,off
15656.594,,qwen3.5:4b,run2_p1,101.80,59.0,,,off
15657.118,,qwen3.5:4b,run2_p1,109.98,65.0,,,off
15657.644,,qwen3.5:4b,run2_p2,116.46,65.0,,,off
15658.169,,qwen3.5:4b,run2_p2,95.84,55.0,,,off
15658.717,,qwen3.5:4b,run2_p2,106.85,65.0,,,off
15659.248,,qwen3.5:4b,run2_p3,86.27,53.0,,,off
15659.773,,qwen3.5:4b,run2_p3,72.45,63.0,,,off
15660.296,,qwen3.5:4b,run2_p3,112.94,65.0,,,off
15660.822,,qwen3.5:4b,run2_p3,126.67,65.0,,,off
15661.349,,qwen3.5:4b,run2_p3,127.02,65.0,,,off
15661.874,,qwen3.5:4b,run2_p3,126.80,65.0,,,off
15662.398,,qwen3.5:4b,run2_p3,126.02,64.0,,,off
15662.930,,qwen3.5:4b,run2_p4,96.36,60.0,,,off
15663.454,,qwen3.5:4b,run2_p4,86.40,56.0,,,off
15663.989,,qwen3.5:4b,run2_p4,108.44,64.0,,,off
15664.515,,qwen3.5:4b,run2_p4,127.00,64.0,,,off
15665.051,,qwen3.5:4b,run2_p5,90.07,53.0,,,off
15665.578,,qwen3.5:4b,run2_p5,71.96,63.0,,,off
15666.106,,qwen3.5:4b,run2_p5,108.40,64.0,,,off
15666.629,,qwen3.5:4b,run2_p6,112.84,56.0,,,off
15667.154,,qwen3.5:4b,run2_p6,94.34,62.0,,,off
15667.678,,qwen3.5:4b,run2_p6,107.73,64.0,,,off
15668.203,,qwen3.5:4b,run2_p6,126.53,64.0,,,off
15668.728,,qwen3.5:4b,run2_p6,126.70,64.0,,,off
15669.252,,qwen3.5:4b,run2_p6,126.76,65.0,,,off
15669.775,,qwen3.5:4b,run2_p6,126.75,65.0,,,off
15670.300,,qwen3.5:4b,run2_p6,126.45,65.0,,,off
15670.826,,qwen3.5:4b,run2_p6,126.15,65.0,,,off
15671.352,,qwen3.5:4b,run2_p6,126.59,64.0,,,off
15671.880,,qwen3.5:4b,run2_p6,126.58,65.0,,,off
15672.405,,qwen3.5:4b,run2_p6,126.81,65.0,,,off
15672.929,,qwen3.5:4b,run2_p6,127.18,64.0,,,off
15673.453,,qwen3.5:4b,run2_p6,126.80,65.0,,,off
15673.978,,qwen3.5:4b,run2_p6,126.35,65.0,,,off
15674.509,,qwen3.5:4b,run2_p7,104.24,56.0,,,off
15675.052,,qwen3.5:4b,run2_p7,82.93,62.0,,,off
15675.577,,qwen3.5:4b,run2_p7,108.11,64.0,,,off
15676.101,,qwen3.5:4b,run2_p7,126.40,65.0,,,off
15676.625,,qwen3.5:4b,run2_p7,126.26,63.0,,,off
15677.150,,qwen3.5:4b,run2_p7,126.43,65.0,,,off
15677.675,,qwen3.5:4b,run2_p7,125.96,65.0,,,off
15678.206,,qwen3.5:4b,run2_p7,126.14,64.0,,,off
15678.730,,qwen3.5:4b,run2_p7,126.34,65.0,,,off
15679.255,,qwen3.5:4b,run2_p7,125.63,64.0,,,off
15679.782,,qwen3.5:4b,run2_p7,125.66,62.0,,,off
15680.308,,qwen3.5:4b,run2_p7,125.87,63.0,,,off
15680.835,,qwen3.5:4b,run2_p7,126.77,65.0,,,off
15681.367,,qwen3.5:4b,run2_p7,127.50,65.0,,,off
15681.911,,qwen3.5:4b,run2_p7,126.69,65.0,,,off
15682.437,,qwen3.5:4b,run2_p7,126.51,65.0,,,off
15682.963,,qwen3.5:4b,run2_p7,127.61,65.0,,,off
15683.493,,qwen3.5:4b,run2_p7,127.22,65.0,,,off
15684.018,,qwen3.5:4b,run2_p7,126.69,65.0,,,off
15684.542,,qwen3.5:4b,run2_p7,126.83,65.0,,,off
15685.065,,qwen3.5:4b,run2_p7,126.64,65.0,,,off
15685.590,,qwen3.5:4b,run2_p7,127.51,65.0,,,off
15686.125,,qwen3.5:4b,run2_p8,117.93,58.0,,,off
15686.651,,qwen3.5:4b,run2_p8,100.13,64.0,,,off
15687.180,,qwen3.5:4b,run2_p8,110.26,65.0,,,off
15687.704,,qwen3.5:4b,run2_p8,126.98,65.0,,,off
15688.228,,qwen3.5:4b,run2_p8,126.72,65.0,,,off
15688.753,,qwen3.5:4b,run2_p8,127.11,66.0,,,off
15689.278,,qwen3.5:4b,run2_p8,126.89,65.0,,,off
15689.802,,qwen3.5:4b,run2_p8,126.41,65.0,,,off
15690.329,,qwen3.5:4b,run2_p8,126.75,65.0,,,off
15690.854,,qwen3.5:4b,run2_p8,127.39,65.0,,,off
15691.379,,qwen3.5:4b,run2_p8,127.36,65.0,,,off
15691.906,,qwen3.5:4b,run2_p8,126.76,66.0,,,off
15692.431,,qwen3.5:4b,run2_p8,126.58,65.0,,,off
15692.955,,qwen3.5:4b,run2_p8,127.83,66.0,,,off
15693.479,,qwen3.5:4b,run2_p8,126.90,65.0,,,off
15694.001,,qwen3.5:4b,run2_p8,126.57,65.0,,,off
15694.525,,qwen3.5:4b,run2_p8,126.85,65.0,,,off
15695.046,,qwen3.5:4b,run2_p8,127.09,65.0,,,off
15695.570,,qwen3.5:4b,run2_p8,127.66,65.0,,,off
15696.094,,qwen3.5:4b,run2_p8,127.43,65.0,,,off
15696.622,,qwen3.5:4b,run2_p8,127.24,65.0,,,off
15697.192,,qwen3.5:4b,run2_p8,127.44,66.0,,,off
15697.717,,qwen3.5:4b,run2_p8,127.26,65.0,,,off
15698.240,,qwen3.5:4b,run2_p8,127.35,65.0,,,off
15698.766,,qwen3.5:4b,run2_p8,127.35,65.0,,,off
15699.299,,qwen3.5:4b,run2_p9,114.02,61.0,,,off
15699.822,,qwen3.5:4b,run2_p9,101.55,63.0,,,off
15700.346,,qwen3.5:4b,run2_p9,106.39,65.0,,,off
15700.871,,qwen3.5:4b,run2_p9,126.46,65.0,,,off
15701.394,,qwen3.5:4b,run2_p9,125.85,65.0,,,off
15701.923,,qwen3.5:4b,run2_p9,126.82,65.0,,,off
15702.448,,qwen3.5:4b,run2_p10,94.10,58.0,,,off
15702.985,,qwen3.5:4b,run2_p10,78.73,53.0,,,off
15703.522,,qwen3.5:4b,run2_p10,112.12,63.0,,,off
15704.052,,qwen3.5:4b,run2_p10,126.43,64.0,,,off
15704.577,,qwen3.5:4b,run2_p10,126.47,65.0,,,off
15705.108,,qwen3.5:4b,run2_p10,127.06,65.0,,,off
15705.633,,qwen3.5:4b,run2_p10,127.61,65.0,,,off
15706.158,,qwen3.5:4b,run2_p10,127.46,64.0,,,off
15706.683,,qwen3.5:4b,run2_p10,127.28,65.0,,,off
15707.213,,qwen3.5:4b,run2_p10,126.73,65.0,,,off
15707.736,,qwen3.5:4b,run2_p10,127.49,65.0,,,off
15708.261,,qwen3.5:4b,run2_p10,128.31,65.0,,,off
15708.784,,qwen3.5:4b,run2_p10,128.48,65.0,,,off
15709.311,,qwen3.5:4b,run2_p10,128.43,65.0,,,off
15709.844,,qwen3.5:4b,run2_p11,87.81,59.0,,,off
15710.368,,qwen3.5:4b,run2_p11,73.53,53.0,,,off
15710.892,,qwen3.5:4b,run2_p11,105.40,65.0,,,off
15711.423,,qwen3.5:4b,run2_p11,127.82,65.0,,,off
15711.947,,qwen3.5:4b,run2_p11,127.53,66.0,,,off
15712.470,,qwen3.5:4b,run2_p11,127.02,65.0,,,off
15712.994,,qwen3.5:4b,run2_p11,128.00,66.0,,,off
15713.519,,qwen3.5:4b,run2_p11,127.67,64.0,,,off
15714.048,,qwen3.5:4b,run2_p11,126.47,65.0,,,off
15714.570,,qwen3.5:4b,run2_p11,127.03,63.0,,,off
15715.093,,qwen3.5:4b,run2_p11,126.61,64.0,,,off
15715.618,,qwen3.5:4b,run2_p11,127.03,65.0,,,off
15716.143,,qwen3.5:4b,run2_p11,127.71,65.0,,,off
15716.673,,qwen3.5:4b,run2_p11,128.28,65.0,,,off
15717.199,,qwen3.5:4b,run2_p11,128.12,65.0,,,off
15717.723,,qwen3.5:4b,run2_p11,127.86,65.0,,,off
15718.247,,qwen3.5:4b,run2_p11,127.78,65.0,,,off
15718.770,,qwen3.5:4b,run2_p11,127.98,65.0,,,off
15719.293,,qwen3.5:4b,run2_p11,128.17,65.0,,,off
15719.815,,qwen3.5:4b,run2_p11,128.21,65.0,,,off
15720.340,,qwen3.5:4b,run2_p11,128.11,65.0,,,off
15720.861,,qwen3.5:4b,run2_p11,127.57,65.0,,,off
15721.382,,qwen3.5:4b,run2_p11,127.28,65.0,,,off
15721.906,,qwen3.5:4b,run2_p11,127.40,65.0,,,off
15722.431,,qwen3.5:4b,run2_p11,127.98,66.0,,,off
15722.957,,qwen3.5:4b,run2_p11,128.70,65.0,,,off
15723.480,,qwen3.5:4b,run2_p11,128.57,65.0,,,off
15724.011,,qwen3.5:4b,run2_p11,127.67,65.0,,,off
15724.535,,qwen3.5:4b,run2_p11,127.52,65.0,,,off
15725.062,,qwen3.5:4b,run2_p11,127.59,65.0,,,off
15725.585,,qwen3.5:4b,run2_p11,127.87,65.0,,,off
15726.112,,qwen3.5:4b,run2_p11,128.21,66.0,,,off
15726.635,,qwen3.5:4b,run2_p11,128.31,65.0,,,off
15727.159,,qwen3.5:4b,run2_p11,128.21,65.0,,,off
15727.682,,qwen3.5:4b,run2_p11,128.45,65.0,,,off
15728.206,,qwen3.5:4b,run2_p11,128.42,66.0,,,off
15728.732,,qwen3.5:4b,run2_p11,127.65,66.0,,,off
15729.257,,qwen3.5:4b,run2_p11,127.83,65.0,,,off
15729.781,,qwen3.5:4b,run2_p11,128.06,65.0,,,off
15730.306,,qwen3.5:4b,run2_p11,127.61,66.0,,,off
15730.835,,qwen3.5:4b,run2_p12,97.93,65.0,,,off
15731.358,,qwen3.5:4b,run2_p12,85.36,54.0,,,off
15731.881,,qwen3.5:4b,run2_p12,107.47,65.0,,,off
15732.404,,qwen3.5:4b,run2_p12,128.25,65.0,,,off
15732.929,,qwen3.5:4b,run2_p12,127.67,65.0,,,off
15733.451,,qwen3.5:4b,run2_p12,127.62,65.0,,,off
15733.974,,qwen3.5:4b,run2_p12,128.10,65.0,,,off
15734.499,,qwen3.5:4b,run2_p12,128.02,65.0,,,off
15735.023,,qwen3.5:4b,run2_p13,109.29,65.0,,,off
15735.547,,qwen3.5:4b,run2_p13,95.20,60.0,,,off
15736.073,,qwen3.5:4b,run2_p13,105.86,65.0,,,off
15736.598,,qwen3.5:4b,run2_p13,127.77,66.0,,,off
15737.123,,qwen3.5:4b,run2_p13,127.06,65.0,,,off
15737.646,,qwen3.5:4b,run2_p13,126.81,65.0,,,off
15738.169,,qwen3.5:4b,run2_p13,126.90,65.0,,,off
15738.694,,qwen3.5:4b,run2_p13,126.67,65.0,,,off
15739.217,,qwen3.5:4b,run2_p13,126.51,65.0,,,off
15739.743,,qwen3.5:4b,run2_p14,109.13,56.0,,,off
15740.268,,qwen3.5:4b,run2_p14,95.57,64.0,,,off
15740.794,,qwen3.5:4b,run2_p14,112.61,65.0,,,off
15741.316,,qwen3.5:4b,run2_p14,125.83,65.0,,,off
15741.840,,qwen3.5:4b,run2_p14,125.58,65.0,,,off
15742.385,,qwen3.5:4b,run2_p14,124.88,65.0,,,off
15742.910,,qwen3.5:4b,run2_p14,124.79,65.0,,,off
15743.435,,qwen3.5:4b,run2_p14,124.48,65.0,,,off
15743.960,,qwen3.5:4b,run2_p14,124.92,65.0,,,off
15744.484,,qwen3.5:4b,run2_p14,126.09,65.0,,,off
15745.012,,qwen3.5:4b,run2_p14,125.93,64.0,,,off
15745.537,,qwen3.5:4b,run2_p14,125.56,65.0,,,off
15746.060,,qwen3.5:4b,run2_p14,125.40,65.0,,,off
15746.585,,qwen3.5:4b,run2_p14,125.44,65.0,,,off
15747.109,,qwen3.5:4b,run2_p14,125.45,65.0,,,off
15747.632,,qwen3.5:4b,run2_p14,125.41,65.0,,,off
15748.158,,qwen3.5:4b,run2_p14,125.62,65.0,,,off
15748.682,,qwen3.5:4b,run2_p14,125.80,65.0,,,off
15749.210,,qwen3.5:4b,run2_p14,125.89,65.0,,,off
15749.734,,qwen3.5:4b,run2_p14,126.29,65.0,,,off
15750.265,,qwen3.5:4b,run2_p14,125.88,65.0,,,off
15750.787,,qwen3.5:4b,run2_p14,125.01,65.0,,,off
15751.313,,qwen3.5:4b,run2_p14,125.13,65.0,,,off
15751.837,,qwen3.5:4b,run2_p14,125.20,66.0,,,off
15752.365,,qwen3.5:4b,run2_p14,125.47,65.0,,,off
15752.889,,qwen3.5:4b,run2_p14,125.79,65.0,,,off
15753.426,,qwen3.5:4b,run2_p14,126.02,65.0,,,off
15753.952,,qwen3.5:4b,run2_p14,126.07,65.0,,,off
15754.479,,qwen3.5:4b,run2_p14,126.27,65.0,,,off
15755.003,,qwen3.5:4b,run2_p14,125.64,65.0,,,off
15755.529,,qwen3.5:4b,run2_p14,125.42,66.0,,,off
15756.053,,qwen3.5:4b,run2_p14,126.13,65.0,,,off
15756.583,,qwen3.5:4b,run2_p14,125.88,65.0,,,off
15757.106,,qwen3.5:4b,run2_p14,125.32,65.0,,,off
15757.631,,qwen3.5:4b,run2_p14,125.69,65.0,,,off
15758.157,,qwen3.5:4b,run2_p14,126.01,65.0,,,off
15758.680,,qwen3.5:4b,run2_p14,126.05,65.0,,,off
15759.203,,qwen3.5:4b,run2_p14,126.30,65.0,,,off
15759.729,,qwen3.5:4b,run2_p14,126.87,66.0,,,off
15760.253,,qwen3.5:4b,run2_p14,126.90,65.0,,,off
15760.780,,qwen3.5:4b,run2_p14,125.15,65.0,,,off
15761.304,,qwen3.5:4b,run2_p14,124.65,65.0,,,off
15761.833,,qwen3.5:4b,run2_p14,124.99,66.0,,,off
15762.357,,qwen3.5:4b,run2_p14,125.61,66.0,,,off
15762.882,,qwen3.5:4b,run2_p14,125.99,65.0,,,off
15763.406,,qwen3.5:4b,run2_p14,126.15,65.0,,,off
15763.930,,qwen3.5:4b,run2_p14,126.01,65.0,,,off
15764.454,,qwen3.5:4b,run3_p0,116.35,65.0,,,off
15764.982,,qwen3.5:4b,run3_p0,97.39,55.0,,,off
15765.505,,qwen3.5:4b,run3_p0,107.00,63.0,,,off
15766.055,,qwen3.5:4b,run3_p1,95.28,54.0,,,off
15766.578,,qwen3.5:4b,run3_p1,85.21,64.0,,,off
15767.102,,qwen3.5:4b,run3_p1,108.51,65.0,,,off
15767.627,,qwen3.5:4b,run3_p1,126.43,64.0,,,off
15768.158,,qwen3.5:4b,run3_p2,119.90,65.0,,,off
15768.681,,qwen3.5:4b,run3_p2,101.67,62.0,,,off
15769.204,,qwen3.5:4b,run3_p2,108.23,64.0,,,off
15769.734,,qwen3.5:4b,run3_p3,98.33,56.0,,,off
15770.259,,qwen3.5:4b,run3_p3,80.01,56.0,,,off
15770.783,,qwen3.5:4b,run3_p3,108.62,64.0,,,off
15771.306,,qwen3.5:4b,run3_p3,126.82,64.0,,,off
15771.832,,qwen3.5:4b,run3_p3,126.59,65.0,,,off
15772.356,,qwen3.5:4b,run3_p3,126.43,65.0,,,off
15772.881,,qwen3.5:4b,run3_p3,126.69,64.0,,,off
15773.406,,qwen3.5:4b,run3_p4,91.57,54.0,,,off
15773.933,,qwen3.5:4b,run3_p4,68.36,62.0,,,off
15774.457,,qwen3.5:4b,run3_p4,108.62,64.0,,,off
15774.981,,qwen3.5:4b,run3_p4,125.98,64.0,,,off
15775.557,,qwen3.5:4b,run3_p5,120.91,64.0,,,off
15776.082,,qwen3.5:4b,run3_p5,109.89,62.0,,,off
15776.605,,qwen3.5:4b,run3_p5,114.75,64.0,,,off
15777.131,,qwen3.5:4b,run3_p6,109.34,64.0,,,off
15777.654,,qwen3.5:4b,run3_p6,92.07,53.0,,,off
15778.178,,qwen3.5:4b,run3_p6,109.22,64.0,,,off
15778.701,,qwen3.5:4b,run3_p6,126.79,64.0,,,off
15779.231,,qwen3.5:4b,run3_p6,126.07,63.0,,,off
15779.759,,qwen3.5:4b,run3_p6,126.20,64.0,,,off
15780.283,,qwen3.5:4b,run3_p6,126.63,65.0,,,off
15780.807,,qwen3.5:4b,run3_p6,125.33,62.0,,,off
15781.330,,qwen3.5:4b,run3_p6,125.31,65.0,,,off
15781.859,,qwen3.5:4b,run3_p6,126.70,65.0,,,off
15782.382,,qwen3.5:4b,run3_p6,126.89,64.0,,,off
15782.906,,qwen3.5:4b,run3_p6,126.64,65.0,,,off
15783.432,,qwen3.5:4b,run3_p6,127.40,64.0,,,off
15783.961,,qwen3.5:4b,run3_p6,127.50,65.0,,,off
15784.485,,qwen3.5:4b,run3_p6,126.26,65.0,,,off
15785.013,,qwen3.5:4b,run3_p6,125.78,65.0,,,off
15785.589,,qwen3.5:4b,run3_p6,126.69,65.0,,,off
15786.114,,qwen3.5:4b,run3_p6,127.22,65.0,,,off
15786.638,,qwen3.5:4b,run3_p6,127.13,65.0,,,off
15787.176,,qwen3.5:4b,run3_p7,117.57,65.0,,,off
15787.699,,qwen3.5:4b,run3_p7,101.35,63.0,,,off
15788.227,,qwen3.5:4b,run3_p7,110.27,64.0,,,off
15788.751,,qwen3.5:4b,run3_p7,126.40,65.0,,,off
15789.276,,qwen3.5:4b,run3_p7,126.35,65.0,,,off
15789.798,,qwen3.5:4b,run3_p7,126.55,65.0,,,off
15790.323,,qwen3.5:4b,run3_p7,126.54,64.0,,,off
15790.847,,qwen3.5:4b,run3_p7,126.93,64.0,,,off
15791.372,,qwen3.5:4b,run3_p7,127.10,64.0,,,off
15791.895,,qwen3.5:4b,run3_p7,126.71,65.0,,,off
15792.420,,qwen3.5:4b,run3_p7,127.01,64.0,,,off
15792.943,,qwen3.5:4b,run3_p7,127.70,65.0,,,off
15793.470,,qwen3.5:4b,run3_p7,127.18,65.0,,,off
15793.994,,qwen3.5:4b,run3_p7,126.16,65.0,,,off
15794.518,,qwen3.5:4b,run3_p7,126.77,65.0,,,off
15795.042,,qwen3.5:4b,run3_p7,127.03,65.0,,,off
15795.569,,qwen3.5:4b,run3_p7,126.71,65.0,,,off
15796.092,,qwen3.5:4b,run3_p7,126.96,65.0,,,off
15796.616,,qwen3.5:4b,run3_p7,126.83,65.0,,,off
15797.141,,qwen3.5:4b,run3_p7,127.12,65.0,,,off
15797.664,,qwen3.5:4b,run3_p7,126.97,65.0,,,off
15798.189,,qwen3.5:4b,run3_p8,99.81,65.0,,,off
15798.713,,qwen3.5:4b,run3_p8,81.79,54.0,,,off
15799.237,,qwen3.5:4b,run3_p8,108.32,64.0,,,off
15799.763,,qwen3.5:4b,run3_p8,126.47,65.0,,,off
15800.286,,qwen3.5:4b,run3_p8,126.23,65.0,,,off
15800.812,,qwen3.5:4b,run3_p8,126.51,66.0,,,off
15801.336,,qwen3.5:4b,run3_p8,127.06,66.0,,,off
15801.860,,qwen3.5:4b,run3_p8,127.25,65.0,,,off
15802.387,,qwen3.5:4b,run3_p8,127.00,65.0,,,off
15802.910,,qwen3.5:4b,run3_p8,126.11,65.0,,,off
15803.434,,qwen3.5:4b,run3_p8,126.46,65.0,,,off
15803.957,,qwen3.5:4b,run3_p8,127.40,65.0,,,off
15804.481,,qwen3.5:4b,run3_p8,127.08,65.0,,,off
15805.006,,qwen3.5:4b,run3_p8,126.47,65.0,,,off
15805.534,,qwen3.5:4b,run3_p8,126.51,65.0,,,off
15806.057,,qwen3.5:4b,run3_p8,126.22,65.0,,,off
15806.579,,qwen3.5:4b,run3_p8,126.42,65.0,,,off
15807.102,,qwen3.5:4b,run3_p8,126.86,65.0,,,off
15807.629,,qwen3.5:4b,run3_p8,127.14,65.0,,,off
15808.154,,qwen3.5:4b,run3_p8,126.82,65.0,,,off
15808.678,,qwen3.5:4b,run3_p8,126.52,65.0,,,off
15809.202,,qwen3.5:4b,run3_p8,126.72,65.0,,,off
15809.728,,qwen3.5:4b,run3_p8,127.39,65.0,,,off
15810.257,,qwen3.5:4b,run3_p9,117.74,65.0,,,off
15810.781,,qwen3.5:4b,run3_p9,103.51,55.0,,,off
15811.306,,qwen3.5:4b,run3_p9,113.08,64.0,,,off
15811.829,,qwen3.5:4b,run3_p9,127.30,65.0,,,off
15812.353,,qwen3.5:4b,run3_p9,127.61,65.0,,,off
15812.882,,qwen3.5:4b,run3_p9,125.60,64.0,,,off
15813.406,,qwen3.5:4b,run3_p10,125.28,65.0,,,off
15813.936,,qwen3.5:4b,run3_p10,113.34,64.0,,,off
15814.461,,qwen3.5:4b,run3_p10,113.25,65.0,,,off
15814.988,,qwen3.5:4b,run3_p10,126.42,65.0,,,off
15815.512,,qwen3.5:4b,run3_p10,126.97,65.0,,,off
15816.037,,qwen3.5:4b,run3_p10,127.13,65.0,,,off
15816.566,,qwen3.5:4b,run3_p10,127.09,65.0,,,off
15817.092,,qwen3.5:4b,run3_p10,126.89,66.0,,,off
15817.614,,qwen3.5:4b,run3_p10,126.15,65.0,,,off
15818.139,,qwen3.5:4b,run3_p10,125.82,66.0,,,off
15818.663,,qwen3.5:4b,run3_p10,126.73,65.0,,,off
15819.187,,qwen3.5:4b,run3_p10,127.46,66.0,,,off
15819.717,,qwen3.5:4b,run3_p10,127.43,65.0,,,off
15820.242,,qwen3.5:4b,run3_p10,127.57,65.0,,,off
15820.765,,qwen3.5:4b,run3_p10,126.39,65.0,,,off
15821.289,,qwen3.5:4b,run3_p10,126.71,65.0,,,off
15821.813,,qwen3.5:4b,run3_p10,127.14,65.0,,,off
15822.336,,qwen3.5:4b,run3_p10,127.32,65.0,,,off
15822.863,,qwen3.5:4b,run3_p10,127.18,65.0,,,off
15823.388,,qwen3.5:4b,run3_p10,126.66,63.0,,,off
15823.915,,qwen3.5:4b,run3_p10,126.89,64.0,,,off
15824.454,,qwen3.5:4b,run3_p11,90.35,61.0,,,off
15824.977,,qwen3.5:4b,run3_p11,78.79,54.0,,,off
15825.499,,qwen3.5:4b,run3_p11,106.99,64.0,,,off
15826.023,,qwen3.5:4b,run3_p11,127.02,65.0,,,off
15826.548,,qwen3.5:4b,run3_p11,128.23,66.0,,,off
15827.071,,qwen3.5:4b,run3_p11,128.00,65.0,,,off
15827.594,,qwen3.5:4b,run3_p11,127.54,65.0,,,off
15828.117,,qwen3.5:4b,run3_p11,127.08,65.0,,,off
15828.639,,qwen3.5:4b,run3_p11,127.52,65.0,,,off
15829.164,,qwen3.5:4b,run3_p11,128.39,66.0,,,off
15829.688,,qwen3.5:4b,run3_p11,128.29,65.0,,,off
15830.212,,qwen3.5:4b,run3_p11,127.73,65.0,,,off
15830.734,,qwen3.5:4b,run3_p11,127.80,64.0,,,off
15831.257,,qwen3.5:4b,run3_p11,128.15,65.0,,,off
15831.782,,qwen3.5:4b,run3_p11,127.97,65.0,,,off
15832.305,,qwen3.5:4b,run3_p11,127.45,65.0,,,off
15832.828,,qwen3.5:4b,run3_p11,127.23,65.0,,,off
15833.352,,qwen3.5:4b,run3_p11,127.79,66.0,,,off
15833.877,,qwen3.5:4b,run3_p11,127.78,65.0,,,off
15834.405,,qwen3.5:4b,run3_p11,128.16,65.0,,,off
15834.928,,qwen3.5:4b,run3_p11,128.39,65.0,,,off
15835.452,,qwen3.5:4b,run3_p11,127.89,65.0,,,off
15835.975,,qwen3.5:4b,run3_p11,127.20,65.0,,,off
15836.499,,qwen3.5:4b,run3_p11,126.71,65.0,,,off
15837.022,,qwen3.5:4b,run3_p11,127.70,65.0,,,off
15837.544,,qwen3.5:4b,run3_p11,127.76,65.0,,,off
15838.067,,qwen3.5:4b,run3_p11,126.95,65.0,,,off
15838.595,,qwen3.5:4b,run3_p11,126.51,66.0,,,off
15839.117,,qwen3.5:4b,run3_p11,127.54,65.0,,,off
15839.729,,qwen3.5:4b,run3_p11,118.37,58.0,,,off
15840.365,,qwen3.5:4b,run3_p11,110.73,65.0,,,off
15840.950,,qwen3.5:4b,run3_p11,120.48,65.0,,,off
15841.473,,qwen3.5:4b,run3_p11,127.62,65.0,,,off
15841.995,,qwen3.5:4b,run3_p11,127.91,66.0,,,off
15842.641,,qwen3.5:4b,run3_p11,107.64,64.0,,,off
15843.174,,qwen3.5:4b,run3_p11,101.72,64.0,,,off
15843.698,,qwen3.5:4b,run3_p11,119.77,64.0,,,off
15844.283,,qwen3.5:4b,run3_p11,123.71,65.0,,,off
15844.818,,qwen3.5:4b,run3_p11,124.68,65.0,,,off
15845.394,,qwen3.5:4b,run3_p11,125.72,64.0,,,off
15845.917,,qwen3.5:4b,run3_p11,127.21,66.0,,,off
15846.440,,qwen3.5:4b,run3_p11,128.13,65.0,,,off
15846.964,,qwen3.5:4b,run3_p11,128.34,65.0,,,off
15847.490,,qwen3.5:4b,run3_p11,128.61,66.0,,,off
15848.013,,qwen3.5:4b,run3_p11,128.05,65.0,,,off
15848.536,,qwen3.5:4b,run3_p11,127.94,66.0,,,off
15849.064,,qwen3.5:4b,run3_p12,107.53,57.0,,,off
15849.589,,qwen3.5:4b,run3_p12,92.53,63.0,,,off
15850.123,,qwen3.5:4b,run3_p12,120.21,63.0,,,off
15850.647,,qwen3.5:4b,run3_p12,127.74,65.0,,,off
15851.180,,qwen3.5:4b,run3_p12,128.17,65.0,,,off
15851.710,,qwen3.5:4b,run3_p12,128.64,65.0,,,off
15852.240,,qwen3.5:4b,run3_p12,128.32,65.0,,,off
15852.762,,qwen3.5:4b,run3_p12,127.46,65.0,,,off
15853.286,,qwen3.5:4b,run3_p12,127.61,65.0,,,off
15853.814,,qwen3.5:4b,run3_p13,98.13,65.0,,,off
15854.340,,qwen3.5:4b,run3_p13,77.20,54.0,,,off
15854.864,,qwen3.5:4b,run3_p13,106.50,65.0,,,off
15855.392,,qwen3.5:4b,run3_p13,126.78,65.0,,,off
15855.914,,qwen3.5:4b,run3_p13,127.11,65.0,,,off
15856.441,,qwen3.5:4b,run3_p13,127.29,65.0,,,off
15856.967,,qwen3.5:4b,run3_p13,127.42,65.0,,,off
15857.495,,qwen3.5:4b,run3_p13,126.86,65.0,,,off
15858.034,,qwen3.5:4b,run3_p13,126.62,65.0,,,off
15858.561,,qwen3.5:4b,run3_p13,126.89,66.0,,,off
15859.087,,qwen3.5:4b,run3_p13,126.42,65.0,,,off
15859.613,,qwen3.5:4b,run3_p13,126.65,65.0,,,off
15860.137,,qwen3.5:4b,run3_p13,127.30,65.0,,,off
15860.665,,qwen3.5:4b,run3_p13,127.73,65.0,,,off
15861.190,,qwen3.5:4b,run3_p13,127.01,65.0,,,off
15861.718,,qwen3.5:4b,run3_p13,126.79,65.0,,,off
15862.244,,qwen3.5:4b,run3_p13,126.92,65.0,,,off
15862.772,,qwen3.5:4b,run3_p14,116.62,65.0,,,off
15863.298,,qwen3.5:4b,run3_p14,98.23,62.0,,,off
15863.824,,qwen3.5:4b,run3_p14,108.34,64.0,,,off
15864.347,,qwen3.5:4b,run3_p14,126.56,65.0,,,off
15864.870,,qwen3.5:4b,run3_p14,126.32,64.0,,,off
15865.400,,qwen3.5:4b,run3_p14,126.11,65.0,,,off
15865.927,,qwen3.5:4b,run3_p14,127.06,65.0,,,off
15866.451,,qwen3.5:4b,run3_p14,127.11,65.0,,,off
15866.976,,qwen3.5:4b,run3_p14,126.64,65.0,,,off
15867.499,,qwen3.5:4b,run3_p14,126.69,66.0,,,off
15868.023,,qwen3.5:4b,run3_p14,127.41,65.0,,,off
15868.546,,qwen3.5:4b,run3_p14,127.49,65.0,,,off
15869.072,,qwen3.5:4b,run3_p14,127.61,65.0,,,off
15869.597,,qwen3.5:4b,run3_p14,127.57,66.0,,,off
15870.126,,qwen3.5:4b,run3_p14,127.24,65.0,,,off
15870.652,,qwen3.5:4b,run3_p14,127.21,65.0,,,off
15871.178,,qwen3.5:4b,run3_p14,127.55,65.0,,,off
15871.703,,qwen3.5:4b,run3_p14,126.90,64.0,,,off
15872.230,,qwen3.5:4b,run3_p14,126.48,64.0,,,off
15872.756,,qwen3.5:4b,run3_p14,127.26,64.0,,,off
15873.279,,qwen3.5:4b,run3_p14,127.09,65.0,,,off
15873.810,,qwen3.5:4b,run3_p14,127.13,65.0,,,off
15874.338,,qwen3.5:4b,run3_p14,127.28,65.0,,,off
15874.864,,qwen3.5:4b,run3_p14,127.19,65.0,,,off
15875.390,,qwen3.5:4b,run3_p14,127.80,66.0,,,off
15875.915,,qwen3.5:4b,run3_p14,127.42,65.0,,,off
15876.441,,qwen3.5:4b,run3_p14,126.72,65.0,,,off
15876.970,,qwen3.5:4b,run3_p14,125.22,65.0,,,off
15877.509,,qwen3.5:4b,run3_p14,124.71,65.0,,,off
15878.033,,qwen3.5:4b,run3_p14,123.98,65.0,,,off
15878.561,,qwen3.5:4b,run3_p14,123.73,65.0,,,off
15879.094,,qwen3.5:4b,run3_p14,121.74,65.0,,,off
15879.622,,qwen3.5:4b,run3_p14,121.05,64.0,,,off
15880.151,,qwen3.5:4b,run3_p14,123.02,64.0,,,off
15880.673,,qwen3.5:4b,run3_p14,123.24,65.0,,,off
15881.198,,qwen3.5:4b,run3_p14,124.97,65.0,,,off
15881.727,,qwen3.5:4b,run3_p14,127.40,65.0,,,off
15882.253,,qwen3.5:4b,run3_p14,127.49,65.0,,,off
15882.779,,qwen3.5:4b,run3_p14,126.95,65.0,,,off
15883.304,,qwen3.5:4b,run3_p14,126.53,65.0,,,off
15883.830,,qwen3.5:4b,run3_p14,126.07,64.0,,,off
15919.428,,gemma4:e2b,idle,24.82,45.0,,,on
15919.961,,gemma4:e2b,idle,21.66,45.0,,,on
15920.486,,gemma4:e2b,idle,17.97,45.0,,,on
15921.010,,gemma4:e2b,idle,17.44,45.0,,,on
15921.552,,gemma4:e2b,idle,17.73,45.0,,,on
15922.080,,gemma4:e2b,idle,17.61,45.0,,,on
15922.611,,gemma4:e2b,idle,15.97,45.0,,,on
15923.136,,gemma4:e2b,idle,14.25,45.0,,,on
15923.662,,gemma4:e2b,idle,13.33,44.0,,,on
15924.187,,gemma4:e2b,idle,13.94,44.0,,,on
15924.714,,gemma4:e2b,idle,14.85,44.0,,,on
15925.240,,gemma4:e2b,idle,14.35,44.0,,,on
15925.767,,gemma4:e2b,idle,14.18,44.0,,,on
15926.290,,gemma4:e2b,idle,14.86,44.0,,,on
15926.815,,gemma4:e2b,idle,14.67,44.0,,,on
15927.342,,gemma4:e2b,idle,14.84,44.0,,,on
15927.879,,gemma4:e2b,idle,16.02,44.0,,,on
15928.407,,gemma4:e2b,idle,14.30,44.0,,,on
15928.932,,gemma4:e2b,idle,12.75,44.0,,,on
15929.471,,gemma4:e2b,run1_p0,13.12,44.0,,,on
15930.004,,gemma4:e2b,run1_p0,15.01,45.0,,,on
15930.540,,gemma4:e2b,run1_p0,61.85,57.0,,,on
15931.116,,gemma4:e2b,run1_p1,91.47,49.0,,,on
15931.646,,gemma4:e2b,run1_p1,82.83,56.0,,,on
15932.174,,gemma4:e2b,run1_p1,102.32,57.0,,,on
15932.700,,gemma4:e2b,run1_p1,113.10,57.0,,,on
15933.226,,gemma4:e2b,run1_p1,108.20,57.0,,,on
15933.754,,gemma4:e2b,run1_p2,102.24,57.0,,,on
15934.282,,gemma4:e2b,run1_p2,91.64,50.0,,,on
15934.822,,gemma4:e2b,run1_p2,100.16,58.0,,,on
15935.347,,gemma4:e2b,run1_p2,116.49,59.0,,,on
15935.879,,gemma4:e2b,run1_p3,95.18,50.0,,,on
15936.404,,gemma4:e2b,run1_p3,79.76,58.0,,,on
15936.928,,gemma4:e2b,run1_p3,100.86,59.0,,,on
15937.452,,gemma4:e2b,run1_p3,115.11,60.0,,,on
15937.995,,gemma4:e2b,run1_p4,109.50,60.0,,,on
15938.519,,gemma4:e2b,run1_p4,99.12,57.0,,,on
15939.042,,gemma4:e2b,run1_p4,99.93,60.0,,,on
15939.566,,gemma4:e2b,run1_p4,117.75,60.0,,,on
15940.104,,gemma4:e2b,run1_p5,102.66,61.0,,,on
15940.631,,gemma4:e2b,run1_p5,85.62,51.0,,,on
15941.157,,gemma4:e2b,run1_p5,100.76,60.0,,,on
15941.680,,gemma4:e2b,run1_p5,117.71,61.0,,,on
15942.202,,gemma4:e2b,run1_p5,117.70,62.0,,,on
15942.773,,gemma4:e2b,run1_p6,109.08,61.0,,,on
15943.295,,gemma4:e2b,run1_p6,99.42,60.0,,,on
15943.816,,gemma4:e2b,run1_p6,100.45,62.0,,,on
15944.340,,gemma4:e2b,run1_p6,117.63,62.0,,,on
15944.866,,gemma4:e2b,run1_p6,118.53,62.0,,,on
15945.390,,gemma4:e2b,run1_p6,118.78,62.0,,,on
15945.914,,gemma4:e2b,run1_p6,118.78,62.0,,,on
15946.437,,gemma4:e2b,run1_p6,119.22,62.0,,,on
15946.966,,gemma4:e2b,run1_p6,119.47,62.0,,,on
15947.489,,gemma4:e2b,run1_p6,119.34,63.0,,,on
15948.013,,gemma4:e2b,run1_p6,119.41,63.0,,,on
15948.534,,gemma4:e2b,run1_p6,118.81,62.0,,,on
15949.058,,gemma4:e2b,run1_p6,119.56,63.0,,,on
15949.587,,gemma4:e2b,run1_p6,119.51,63.0,,,on
15950.114,,gemma4:e2b,run1_p6,119.61,63.0,,,on
15950.637,,gemma4:e2b,run1_p6,120.50,63.0,,,on
15951.162,,gemma4:e2b,run1_p6,120.12,62.0,,,on
15951.685,,gemma4:e2b,run1_p6,119.08,63.0,,,on
15952.212,,gemma4:e2b,run1_p6,119.57,63.0,,,on
15952.736,,gemma4:e2b,run1_p6,121.41,63.0,,,on
15953.260,,gemma4:e2b,run1_p6,121.16,63.0,,,on
15953.783,,gemma4:e2b,run1_p6,120.55,63.0,,,on
15954.307,,gemma4:e2b,run1_p6,120.93,63.0,,,on
15954.832,,gemma4:e2b,run1_p6,121.28,63.0,,,on
15955.369,,gemma4:e2b,run1_p7,87.36,53.0,,,on
15955.891,,gemma4:e2b,run1_p7,73.84,62.0,,,on
15956.416,,gemma4:e2b,run1_p7,99.60,63.0,,,on
15956.941,,gemma4:e2b,run1_p7,119.71,63.0,,,on
15957.466,,gemma4:e2b,run1_p7,119.58,63.0,,,on
15957.993,,gemma4:e2b,run1_p7,119.43,63.0,,,on
15958.516,,gemma4:e2b,run1_p7,119.49,63.0,,,on
15959.039,,gemma4:e2b,run1_p7,119.20,63.0,,,on
15959.564,,gemma4:e2b,run1_p7,118.52,63.0,,,on
15960.087,,gemma4:e2b,run1_p7,118.86,63.0,,,on
15960.610,,gemma4:e2b,run1_p7,118.95,63.0,,,on
15961.133,,gemma4:e2b,run1_p7,118.76,62.0,,,on
15961.657,,gemma4:e2b,run1_p7,118.38,63.0,,,on
15962.193,,gemma4:e2b,run1_p7,118.46,64.0,,,on
15962.717,,gemma4:e2b,run1_p7,119.35,63.0,,,on
15963.241,,gemma4:e2b,run1_p7,119.42,64.0,,,on
15963.765,,gemma4:e2b,run1_p7,120.29,64.0,,,on
15964.288,,gemma4:e2b,run1_p7,119.84,63.0,,,on
15964.810,,gemma4:e2b,run1_p7,119.46,64.0,,,on
15965.336,,gemma4:e2b,run1_p7,120.43,63.0,,,on
15965.860,,gemma4:e2b,run1_p7,120.36,64.0,,,on
15966.382,,gemma4:e2b,run1_p7,119.99,64.0,,,on
15966.906,,gemma4:e2b,run1_p7,120.03,64.0,,,on
15967.429,,gemma4:e2b,run1_p7,120.25,64.0,,,on
15967.962,,gemma4:e2b,run1_p8,100.58,63.0,,,on
15968.486,,gemma4:e2b,run1_p8,86.86,54.0,,,on
15969.010,,gemma4:e2b,run1_p8,106.08,64.0,,,on
15969.535,,gemma4:e2b,run1_p8,120.03,64.0,,,on
15970.058,,gemma4:e2b,run1_p8,120.44,64.0,,,on
15970.583,,gemma4:e2b,run1_p8,120.29,64.0,,,on
15971.113,,gemma4:e2b,run1_p8,120.31,64.0,,,on
15971.635,,gemma4:e2b,run1_p8,120.35,61.0,,,on
15972.163,,gemma4:e2b,run1_p8,119.21,64.0,,,on
15972.686,,gemma4:e2b,run1_p8,119.90,65.0,,,on
15973.211,,gemma4:e2b,run1_p8,120.79,64.0,,,on
15973.735,,gemma4:e2b,run1_p8,120.95,64.0,,,on
15974.259,,gemma4:e2b,run1_p8,121.27,63.0,,,on
15974.782,,gemma4:e2b,run1_p8,121.74,64.0,,,on
15975.305,,gemma4:e2b,run1_p8,121.38,64.0,,,on
15975.830,,gemma4:e2b,run1_p8,120.97,64.0,,,on
15976.354,,gemma4:e2b,run1_p8,121.32,64.0,,,on
15976.878,,gemma4:e2b,run1_p8,121.26,64.0,,,on
15977.401,,gemma4:e2b,run1_p8,121.14,65.0,,,on
15977.924,,gemma4:e2b,run1_p8,121.64,64.0,,,on
15978.451,,gemma4:e2b,run1_p8,121.44,64.0,,,on
15978.974,,gemma4:e2b,run1_p8,121.12,64.0,,,on
15979.501,,gemma4:e2b,run1_p8,121.67,64.0,,,on
15980.026,,gemma4:e2b,run1_p8,122.25,65.0,,,on
15980.548,,gemma4:e2b,run1_p8,122.89,65.0,,,on
15981.073,,gemma4:e2b,run1_p8,123.02,65.0,,,on
15981.595,,gemma4:e2b,run1_p8,122.48,64.0,,,on
15982.122,,gemma4:e2b,run1_p8,121.26,65.0,,,on
15982.709,,gemma4:e2b,run1_p9,118.21,57.0,,,on
15983.234,,gemma4:e2b,run1_p9,98.84,63.0,,,on
15983.757,,gemma4:e2b,run1_p9,108.44,64.0,,,on
15984.280,,gemma4:e2b,run1_p9,119.91,64.0,,,on
15984.810,,gemma4:e2b,run1_p9,119.33,64.0,,,on
15985.335,,gemma4:e2b,run1_p9,119.45,64.0,,,on
15985.861,,gemma4:e2b,run1_p9,119.47,64.0,,,on
15986.387,,gemma4:e2b,run1_p9,119.61,64.0,,,on
15986.912,,gemma4:e2b,run1_p9,119.72,64.0,,,on
15987.439,,gemma4:e2b,run1_p9,119.67,64.0,,,on
15987.965,,gemma4:e2b,run1_p10,118.04,64.0,,,on
15988.494,,gemma4:e2b,run1_p10,103.00,57.0,,,on
15989.019,,gemma4:e2b,run1_p10,104.71,64.0,,,on
15989.547,,gemma4:e2b,run1_p10,119.90,64.0,,,on
15990.072,,gemma4:e2b,run1_p10,119.65,64.0,,,on
15990.600,,gemma4:e2b,run1_p10,119.90,64.0,,,on
15991.124,,gemma4:e2b,run1_p10,120.15,64.0,,,on
15991.649,,gemma4:e2b,run1_p10,119.53,65.0,,,on
15992.173,,gemma4:e2b,run1_p10,119.37,65.0,,,on
15992.701,,gemma4:e2b,run1_p10,119.08,65.0,,,on
15993.226,,gemma4:e2b,run1_p10,119.93,65.0,,,on
15993.749,,gemma4:e2b,run1_p10,120.22,65.0,,,on
15994.273,,gemma4:e2b,run1_p10,120.23,64.0,,,on
15994.804,,gemma4:e2b,run1_p10,120.36,65.0,,,on
15995.328,,gemma4:e2b,run1_p10,120.95,65.0,,,on
15995.853,,gemma4:e2b,run1_p10,121.63,65.0,,,on
15996.377,,gemma4:e2b,run1_p10,120.94,65.0,,,on
15996.902,,gemma4:e2b,run1_p10,120.85,65.0,,,on
15997.426,,gemma4:e2b,run1_p10,121.71,64.0,,,on
15997.957,,gemma4:e2b,run1_p10,121.60,65.0,,,on
15998.481,,gemma4:e2b,run1_p10,120.88,64.0,,,on
15999.007,,gemma4:e2b,run1_p10,119.68,64.0,,,on
15999.533,,gemma4:e2b,run1_p10,120.77,65.0,,,on
16000.059,,gemma4:e2b,run1_p10,121.97,65.0,,,on
16000.587,,gemma4:e2b,run1_p10,121.63,65.0,,,on
16001.111,,gemma4:e2b,run1_p10,120.82,65.0,,,on
16001.634,,gemma4:e2b,run1_p10,121.02,65.0,,,on
16002.172,,gemma4:e2b,run1_p11,93.81,54.0,,,on
16002.697,,gemma4:e2b,run1_p11,77.37,63.0,,,on
16003.223,,gemma4:e2b,run1_p11,104.28,64.0,,,on
16003.748,,gemma4:e2b,run1_p11,120.01,64.0,,,on
16004.276,,gemma4:e2b,run1_p11,119.74,64.0,,,on
16004.799,,gemma4:e2b,run1_p11,120.10,65.0,,,on
16005.324,,gemma4:e2b,run1_p11,120.20,64.0,,,on
16005.847,,gemma4:e2b,run1_p11,120.43,65.0,,,on
16006.371,,gemma4:e2b,run1_p11,120.25,64.0,,,on
16006.903,,gemma4:e2b,run1_p11,119.53,64.0,,,on
16007.433,,gemma4:e2b,run1_p11,119.71,65.0,,,on
16007.958,,gemma4:e2b,run1_p11,120.02,65.0,,,on
16008.481,,gemma4:e2b,run1_p11,119.75,64.0,,,on
16009.006,,gemma4:e2b,run1_p11,120.39,64.0,,,on
16009.530,,gemma4:e2b,run1_p11,120.16,64.0,,,on
16010.055,,gemma4:e2b,run1_p11,121.09,64.0,,,on
16010.582,,gemma4:e2b,run1_p11,120.77,64.0,,,on
16011.111,,gemma4:e2b,run1_p11,120.03,63.0,,,on
16011.639,,gemma4:e2b,run1_p11,120.74,65.0,,,on
16012.163,,gemma4:e2b,run1_p11,119.92,63.0,,,on
16012.699,,gemma4:e2b,run1_p11,120.04,65.0,,,on
16013.224,,gemma4:e2b,run1_p11,120.95,63.0,,,on
16013.749,,gemma4:e2b,run1_p11,120.74,65.0,,,on
16014.275,,gemma4:e2b,run1_p11,119.71,63.0,,,on
16014.802,,gemma4:e2b,run1_p11,120.99,64.0,,,on
16015.335,,gemma4:e2b,run1_p11,121.81,65.0,,,on
16015.858,,gemma4:e2b,run1_p11,121.35,64.0,,,on
16016.383,,gemma4:e2b,run1_p11,121.79,65.0,,,on
16016.909,,gemma4:e2b,run1_p11,122.07,65.0,,,on
16017.441,,gemma4:e2b,run1_p11,122.17,65.0,,,on
16017.964,,gemma4:e2b,run1_p11,122.56,65.0,,,on
16018.490,,gemma4:e2b,run1_p11,121.32,65.0,,,on
16019.018,,gemma4:e2b,run1_p11,121.75,65.0,,,on
16019.550,,gemma4:e2b,run1_p11,122.65,65.0,,,on
16020.074,,gemma4:e2b,run1_p11,121.62,64.0,,,on
16020.600,,gemma4:e2b,run1_p11,121.46,65.0,,,on
16021.134,,gemma4:e2b,run1_p11,122.70,65.0,,,on
16021.658,,gemma4:e2b,run1_p11,122.73,65.0,,,on
16022.184,,gemma4:e2b,run1_p11,122.81,65.0,,,on
16022.709,,gemma4:e2b,run1_p11,123.53,65.0,,,on
16023.243,,gemma4:e2b,run1_p11,123.68,65.0,,,on
16023.778,,gemma4:e2b,run1_p12,120.74,65.0,,,on
16024.314,,gemma4:e2b,run1_p12,98.88,61.0,,,on
16024.866,,gemma4:e2b,run1_p12,106.60,64.0,,,on
16025.391,,gemma4:e2b,run1_p12,119.29,64.0,,,on
16025.916,,gemma4:e2b,run1_p12,119.46,65.0,,,on
16026.441,,gemma4:e2b,run1_p12,119.43,63.0,,,on
16026.965,,gemma4:e2b,run1_p12,119.72,65.0,,,on
16027.489,,gemma4:e2b,run1_p12,119.89,65.0,,,on
16028.015,,gemma4:e2b,run1_p12,119.42,64.0,,,on
16028.540,,gemma4:e2b,run1_p12,119.71,65.0,,,on
16029.065,,gemma4:e2b,run1_p13,91.46,55.0,,,on
16029.593,,gemma4:e2b,run1_p13,77.46,63.0,,,on
16030.118,,gemma4:e2b,run1_p13,99.04,64.0,,,on
16030.643,,gemma4:e2b,run1_p13,120.23,64.0,,,on
16031.168,,gemma4:e2b,run1_p13,120.09,65.0,,,on
16031.692,,gemma4:e2b,run1_p13,120.07,65.0,,,on
16032.215,,gemma4:e2b,run1_p13,120.95,64.0,,,on
16032.738,,gemma4:e2b,run1_p13,120.49,65.0,,,on
16033.264,,gemma4:e2b,run1_p13,121.00,64.0,,,on
16033.793,,gemma4:e2b,run1_p13,121.32,65.0,,,on
16034.318,,gemma4:e2b,run1_p13,120.83,65.0,,,on
16034.848,,gemma4:e2b,run1_p13,120.99,65.0,,,on
16035.372,,gemma4:e2b,run1_p13,120.77,64.0,,,on
16035.896,,gemma4:e2b,run1_p14,119.35,65.0,,,on
16036.418,,gemma4:e2b,run1_p14,104.43,62.0,,,on
16036.951,,gemma4:e2b,run1_p14,104.99,64.0,,,on
16037.474,,gemma4:e2b,run1_p14,120.08,64.0,,,on
16037.999,,gemma4:e2b,run1_p14,120.37,63.0,,,on
16038.527,,gemma4:e2b,run1_p14,120.39,65.0,,,on
16039.049,,gemma4:e2b,run1_p14,120.28,64.0,,,on
16039.572,,gemma4:e2b,run1_p14,120.64,64.0,,,on
16040.103,,gemma4:e2b,run1_p14,120.38,64.0,,,on
16040.625,,gemma4:e2b,run1_p14,120.56,64.0,,,on
16041.148,,gemma4:e2b,run1_p14,120.10,65.0,,,on
16041.672,,gemma4:e2b,run1_p14,120.38,65.0,,,on
16042.195,,gemma4:e2b,run1_p14,121.52,64.0,,,on
16042.719,,gemma4:e2b,run1_p14,120.74,63.0,,,on
16043.245,,gemma4:e2b,run1_p14,120.59,64.0,,,on
16043.769,,gemma4:e2b,run1_p14,121.62,65.0,,,on
16044.293,,gemma4:e2b,run1_p14,121.20,65.0,,,on
16044.823,,gemma4:e2b,run1_p14,120.79,64.0,,,on
16045.349,,gemma4:e2b,run1_p14,121.86,64.0,,,on
16045.877,,gemma4:e2b,run1_p14,122.06,65.0,,,on
16046.402,,gemma4:e2b,run1_p14,121.46,65.0,,,on
16046.926,,gemma4:e2b,run1_p14,121.61,65.0,,,on
16047.450,,gemma4:e2b,run1_p14,121.78,65.0,,,on
16047.976,,gemma4:e2b,run1_p14,122.04,65.0,,,on
16048.501,,gemma4:e2b,run1_p14,122.39,65.0,,,on
16049.027,,gemma4:e2b,run1_p14,121.20,64.0,,,on
16049.624,,gemma4:e2b,run1_p14,120.23,65.0,,,on
16050.155,,gemma4:e2b,run1_p14,121.46,65.0,,,on
16050.679,,gemma4:e2b,run2_p0,121.30,63.0,,,on
16051.203,,gemma4:e2b,run2_p0,107.51,57.0,,,on
16051.728,,gemma4:e2b,run2_p0,107.39,64.0,,,on
16052.254,,gemma4:e2b,run2_p1,97.84,65.0,,,on
16052.793,,gemma4:e2b,run2_p1,78.14,54.0,,,on
16053.319,,gemma4:e2b,run2_p1,100.96,63.0,,,on
16053.841,,gemma4:e2b,run2_p1,119.39,64.0,,,on
16054.367,,gemma4:e2b,run2_p1,118.79,64.0,,,on
16054.894,,gemma4:e2b,run2_p2,82.53,54.0,,,on
16055.418,,gemma4:e2b,run2_p2,70.19,62.0,,,on
16055.941,,gemma4:e2b,run2_p2,100.13,63.0,,,on
16056.465,,gemma4:e2b,run2_p2,119.89,64.0,,,on
16056.993,,gemma4:e2b,run2_p2,120.05,64.0,,,on
16057.526,,gemma4:e2b,run2_p3,93.68,60.0,,,on
16058.055,,gemma4:e2b,run2_p3,81.03,53.0,,,on
16058.582,,gemma4:e2b,run2_p3,99.67,63.0,,,on
16059.110,,gemma4:e2b,run2_p3,119.63,64.0,,,on
16059.634,,gemma4:e2b,run2_p3,120.65,64.0,,,on
16060.164,,gemma4:e2b,run2_p4,102.57,64.0,,,on
16060.691,,gemma4:e2b,run2_p4,89.74,63.0,,,on
16061.215,,gemma4:e2b,run2_p4,101.47,63.0,,,on
16061.742,,gemma4:e2b,run2_p5,115.90,65.0,,,on
16062.265,,gemma4:e2b,run2_p5,101.53,62.0,,,on
16062.793,,gemma4:e2b,run2_p5,105.91,64.0,,,on
16063.317,,gemma4:e2b,run2_p5,120.23,64.0,,,on
16063.852,,gemma4:e2b,run2_p5,120.70,64.0,,,on
16064.375,,gemma4:e2b,run2_p5,119.96,64.0,,,on
16064.907,,gemma4:e2b,run2_p6,97.55,64.0,,,on
16065.431,,gemma4:e2b,run2_p6,79.47,53.0,,,on
16065.953,,gemma4:e2b,run2_p6,102.08,64.0,,,on
16066.481,,gemma4:e2b,run2_p6,119.92,63.0,,,on
16067.005,,gemma4:e2b,run2_p6,120.59,64.0,,,on
16067.529,,gemma4:e2b,run2_p6,120.70,63.0,,,on
16068.053,,gemma4:e2b,run2_p6,120.43,64.0,,,on
16068.575,,gemma4:e2b,run2_p6,120.85,64.0,,,on
16069.099,,gemma4:e2b,run2_p6,121.06,63.0,,,on
16069.626,,gemma4:e2b,run2_p6,120.46,64.0,,,on
16070.149,,gemma4:e2b,run2_p6,120.66,64.0,,,on
16070.673,,gemma4:e2b,run2_p6,120.57,64.0,,,on
16071.199,,gemma4:e2b,run2_p6,120.88,64.0,,,on
16071.721,,gemma4:e2b,run2_p6,121.07,64.0,,,on
16072.244,,gemma4:e2b,run2_p6,121.74,64.0,,,on
16072.769,,gemma4:e2b,run2_p6,122.11,64.0,,,on
16073.293,,gemma4:e2b,run2_p6,121.14,64.0,,,on
16073.817,,gemma4:e2b,run2_p6,121.54,64.0,,,on
16074.340,,gemma4:e2b,run2_p6,121.93,65.0,,,on
16074.867,,gemma4:e2b,run2_p6,122.04,65.0,,,on
16075.393,,gemma4:e2b,run2_p6,122.57,64.0,,,on
16075.915,,gemma4:e2b,run2_p6,122.41,64.0,,,on
16076.438,,gemma4:e2b,run2_p6,122.25,64.0,,,on
16076.967,,gemma4:e2b,run2_p7,88.08,55.0,,,on
16077.493,,gemma4:e2b,run2_p7,71.92,58.0,,,on
16078.017,,gemma4:e2b,run2_p7,104.87,63.0,,,on
16078.543,,gemma4:e2b,run2_p7,120.48,63.0,,,on
16079.067,,gemma4:e2b,run2_p7,121.05,64.0,,,on
16079.590,,gemma4:e2b,run2_p7,121.42,64.0,,,on
16080.113,,gemma4:e2b,run2_p7,121.35,64.0,,,on
16080.637,,gemma4:e2b,run2_p7,121.58,64.0,,,on
16081.159,,gemma4:e2b,run2_p7,119.89,64.0,,,on
16081.687,,gemma4:e2b,run2_p7,119.85,64.0,,,on
16082.213,,gemma4:e2b,run2_p7,121.29,63.0,,,on
16082.737,,gemma4:e2b,run2_p7,121.41,64.0,,,on
16083.262,,gemma4:e2b,run2_p7,121.10,64.0,,,on
16083.788,,gemma4:e2b,run2_p7,120.44,64.0,,,on
16084.315,,gemma4:e2b,run2_p7,121.26,65.0,,,on
16084.842,,gemma4:e2b,run2_p7,121.74,63.0,,,on
16085.366,,gemma4:e2b,run2_p7,120.93,64.0,,,on
16085.889,,gemma4:e2b,run2_p7,121.11,64.0,,,on
16086.413,,gemma4:e2b,run2_p7,120.94,64.0,,,on
16086.936,,gemma4:e2b,run2_p7,120.84,64.0,,,on
16087.458,,gemma4:e2b,run2_p7,120.92,64.0,,,on
16087.985,,gemma4:e2b,run2_p7,120.51,64.0,,,on
16088.512,,gemma4:e2b,run2_p7,120.78,64.0,,,on
16089.042,,gemma4:e2b,run2_p8,99.60,56.0,,,on
16089.569,,gemma4:e2b,run2_p8,86.02,62.0,,,on
16090.093,,gemma4:e2b,run2_p8,99.57,64.0,,,on
16090.626,,gemma4:e2b,run2_p8,119.76,65.0,,,on
16091.149,,gemma4:e2b,run2_p8,119.17,62.0,,,on
16091.676,,gemma4:e2b,run2_p8,118.93,64.0,,,on
16092.201,,gemma4:e2b,run2_p8,119.43,64.0,,,on
16092.726,,gemma4:e2b,run2_p8,119.20,64.0,,,on
16093.255,,gemma4:e2b,run2_p8,119.72,65.0,,,on
16093.782,,gemma4:e2b,run2_p8,119.42,63.0,,,on
16094.310,,gemma4:e2b,run2_p8,119.75,64.0,,,on
16094.834,,gemma4:e2b,run2_p8,120.03,64.0,,,on
16095.358,,gemma4:e2b,run2_p8,120.40,65.0,,,on
16095.884,,gemma4:e2b,run2_p8,120.50,64.0,,,on
16096.411,,gemma4:e2b,run2_p8,119.20,65.0,,,on
16096.937,,gemma4:e2b,run2_p8,119.99,65.0,,,on
16097.465,,gemma4:e2b,run2_p8,121.40,64.0,,,on
16098.018,,gemma4:e2b,run2_p8,120.81,62.0,,,on
16098.543,,gemma4:e2b,run2_p8,121.36,64.0,,,on
16099.067,,gemma4:e2b,run2_p8,122.05,65.0,,,on
16099.591,,gemma4:e2b,run2_p8,120.79,65.0,,,on
16100.121,,gemma4:e2b,run2_p9,107.37,65.0,,,on
16100.645,,gemma4:e2b,run2_p9,88.91,55.0,,,on
16101.169,,gemma4:e2b,run2_p9,100.89,64.0,,,on
16101.697,,gemma4:e2b,run2_p9,118.98,64.0,,,on
16102.221,,gemma4:e2b,run2_p9,119.78,64.0,,,on
16102.746,,gemma4:e2b,run2_p9,120.10,64.0,,,on
16103.271,,gemma4:e2b,run2_p9,119.92,64.0,,,on
16103.797,,gemma4:e2b,run2_p9,118.65,64.0,,,on
16104.320,,gemma4:e2b,run2_p9,119.02,64.0,,,on
16104.846,,gemma4:e2b,run2_p10,100.64,64.0,,,on
16105.369,,gemma4:e2b,run2_p10,86.50,54.0,,,on
16105.894,,gemma4:e2b,run2_p10,98.65,64.0,,,on
16106.419,,gemma4:e2b,run2_p10,120.21,64.0,,,on
16106.949,,gemma4:e2b,run2_p10,120.19,65.0,,,on
16107.474,,gemma4:e2b,run2_p10,120.30,64.0,,,on
16107.997,,gemma4:e2b,run2_p10,120.08,62.0,,,on
16108.524,,gemma4:e2b,run2_p10,119.83,64.0,,,on
16109.049,,gemma4:e2b,run2_p10,119.28,64.0,,,on
16109.573,,gemma4:e2b,run2_p10,119.46,64.0,,,on
16110.101,,gemma4:e2b,run2_p10,119.35,64.0,,,on
16110.638,,gemma4:e2b,run2_p10,118.88,64.0,,,on
16111.163,,gemma4:e2b,run2_p10,119.29,64.0,,,on
16111.689,,gemma4:e2b,run2_p10,120.40,64.0,,,on
16112.214,,gemma4:e2b,run2_p10,120.58,64.0,,,on
16112.739,,gemma4:e2b,run2_p10,120.93,64.0,,,on
16113.261,,gemma4:e2b,run2_p10,120.95,64.0,,,on
16113.784,,gemma4:e2b,run2_p10,120.50,64.0,,,on
16114.308,,gemma4:e2b,run2_p10,121.04,64.0,,,on
16114.833,,gemma4:e2b,run2_p10,120.99,64.0,,,on
16115.356,,gemma4:e2b,run2_p10,120.28,64.0,,,on
16115.885,,gemma4:e2b,run2_p10,120.68,65.0,,,on
16116.409,,gemma4:e2b,run2_p10,120.65,64.0,,,on
16116.933,,gemma4:e2b,run2_p10,121.30,64.0,,,on
16117.456,,gemma4:e2b,run2_p10,121.85,64.0,,,on
16118.028,,gemma4:e2b,run2_p10,121.77,65.0,,,on
16118.552,,gemma4:e2b,run2_p10,121.72,65.0,,,on
16119.083,,gemma4:e2b,run2_p10,121.64,63.0,,,on
16119.608,,gemma4:e2b,run2_p10,121.80,64.0,,,on
16120.132,,gemma4:e2b,run2_p10,120.45,63.0,,,on
16120.659,,gemma4:e2b,run2_p11,95.97,54.0,,,on
16121.183,,gemma4:e2b,run2_p11,77.64,61.0,,,on
16121.709,,gemma4:e2b,run2_p11,101.32,63.0,,,on
16122.243,,gemma4:e2b,run2_p11,120.10,64.0,,,on
16122.767,,gemma4:e2b,run2_p11,120.39,64.0,,,on
16123.291,,gemma4:e2b,run2_p11,120.82,65.0,,,on
16123.815,,gemma4:e2b,run2_p11,121.75,64.0,,,on
16124.341,,gemma4:e2b,run2_p11,120.86,64.0,,,on
16124.868,,gemma4:e2b,run2_p11,120.60,64.0,,,on
16125.393,,gemma4:e2b,run2_p11,120.65,65.0,,,on
16125.920,,gemma4:e2b,run2_p11,120.39,64.0,,,on
16126.443,,gemma4:e2b,run2_p11,121.07,64.0,,,on
16126.972,,gemma4:e2b,run2_p11,121.21,64.0,,,on
16127.497,,gemma4:e2b,run2_p11,120.53,64.0,,,on
16128.024,,gemma4:e2b,run2_p11,121.29,64.0,,,on
16128.550,,gemma4:e2b,run2_p11,122.16,65.0,,,on
16129.074,,gemma4:e2b,run2_p11,121.76,65.0,,,on
16129.598,,gemma4:e2b,run2_p11,121.76,65.0,,,on
16130.122,,gemma4:e2b,run2_p11,122.33,65.0,,,on
16130.647,,gemma4:e2b,run2_p11,122.15,65.0,,,on
16131.172,,gemma4:e2b,run2_p11,121.23,64.0,,,on
16131.696,,gemma4:e2b,run2_p11,121.26,64.0,,,on
16132.220,,gemma4:e2b,run2_p11,121.34,65.0,,,on
16132.744,,gemma4:e2b,run2_p11,121.71,65.0,,,on
16133.271,,gemma4:e2b,run2_p11,122.07,65.0,,,on
16133.798,,gemma4:e2b,run2_p11,121.49,64.0,,,on
16134.322,,gemma4:e2b,run2_p11,121.13,63.0,,,on
16134.846,,gemma4:e2b,run2_p11,121.72,65.0,,,on
16135.370,,gemma4:e2b,run2_p11,121.63,64.0,,,on
16135.899,,gemma4:e2b,run2_p11,121.78,65.0,,,on
16136.425,,gemma4:e2b,run2_p11,122.34,65.0,,,on
16136.948,,gemma4:e2b,run2_p11,121.65,65.0,,,on
16137.472,,gemma4:e2b,run2_p11,121.61,65.0,,,on
16137.997,,gemma4:e2b,run2_p11,122.43,65.0,,,on
16138.523,,gemma4:e2b,run2_p11,122.49,65.0,,,on
16139.047,,gemma4:e2b,run2_p11,121.97,65.0,,,on
16139.575,,gemma4:e2b,run2_p11,122.34,65.0,,,on
16140.099,,gemma4:e2b,run2_p11,122.98,65.0,,,on
16140.627,,gemma4:e2b,run2_p12,103.24,55.0,,,on
16141.157,,gemma4:e2b,run2_p12,82.48,63.0,,,on
16141.680,,gemma4:e2b,run2_p12,104.39,64.0,,,on
16142.205,,gemma4:e2b,run2_p12,121.06,63.0,,,on
16142.730,,gemma4:e2b,run2_p12,121.09,65.0,,,on
16143.257,,gemma4:e2b,run2_p12,121.19,64.0,,,on
16143.781,,gemma4:e2b,run2_p12,121.99,64.0,,,on
16144.305,,gemma4:e2b,run2_p12,121.48,65.0,,,on
16144.828,,gemma4:e2b,run2_p12,120.91,65.0,,,on
16145.356,,gemma4:e2b,run2_p12,122.09,65.0,,,on
16145.904,,gemma4:e2b,run2_p13,89.81,65.0,,,on
16146.428,,gemma4:e2b,run2_p13,71.26,54.0,,,on
16146.951,,gemma4:e2b,run2_p13,102.88,63.0,,,on
16147.476,,gemma4:e2b,run2_p13,120.27,64.0,,,on
16147.998,,gemma4:e2b,run2_p13,119.59,64.0,,,on
16148.528,,gemma4:e2b,run2_p13,119.70,64.0,,,on
16149.065,,gemma4:e2b,run2_p13,120.89,64.0,,,on
16149.591,,gemma4:e2b,run2_p13,120.52,64.0,,,on
16150.115,,gemma4:e2b,run2_p13,120.73,64.0,,,on
16150.639,,gemma4:e2b,run2_p13,120.72,65.0,,,on
16151.162,,gemma4:e2b,run2_p13,121.09,64.0,,,on
16151.691,,gemma4:e2b,run2_p13,120.44,64.0,,,on
16152.218,,gemma4:e2b,run2_p13,121.00,64.0,,,on
16152.744,,gemma4:e2b,run2_p13,121.61,64.0,,,on
16153.268,,gemma4:e2b,run2_p13,120.94,64.0,,,on
16153.792,,gemma4:e2b,run2_p13,120.56,64.0,,,on
16154.321,,gemma4:e2b,run2_p13,120.59,65.0,,,on
16154.845,,gemma4:e2b,run2_p13,120.91,64.0,,,on
16155.369,,gemma4:e2b,run2_p13,120.28,65.0,,,on
16155.894,,gemma4:e2b,run2_p13,120.82,65.0,,,on
16156.418,,gemma4:e2b,run2_p13,121.74,64.0,,,on
16157.017,,gemma4:e2b,run2_p13,120.76,65.0,,,on
16157.547,,gemma4:e2b,run2_p13,120.69,64.0,,,on
16158.086,,gemma4:e2b,run2_p14,107.92,65.0,,,on
16158.614,,gemma4:e2b,run2_p14,91.21,54.0,,,on
16159.142,,gemma4:e2b,run2_p14,103.74,64.0,,,on
16159.668,,gemma4:e2b,run2_p14,120.42,64.0,,,on
16160.191,,gemma4:e2b,run2_p14,120.21,64.0,,,on
16160.720,,gemma4:e2b,run2_p14,119.66,64.0,,,on
16161.254,,gemma4:e2b,run2_p14,120.23,64.0,,,on
16161.778,,gemma4:e2b,run2_p14,120.55,64.0,,,on
16162.302,,gemma4:e2b,run2_p14,120.47,65.0,,,on
16162.825,,gemma4:e2b,run2_p14,119.89,64.0,,,on
16163.350,,gemma4:e2b,run2_p14,120.52,65.0,,,on
16163.885,,gemma4:e2b,run2_p14,120.36,64.0,,,on
16164.410,,gemma4:e2b,run2_p14,119.87,64.0,,,on
16164.935,,gemma4:e2b,run2_p14,120.10,64.0,,,on
16165.459,,gemma4:e2b,run2_p14,120.76,65.0,,,on
16165.986,,gemma4:e2b,run2_p14,121.61,63.0,,,on
16166.510,,gemma4:e2b,run2_p14,120.97,65.0,,,on
16167.034,,gemma4:e2b,run2_p14,121.61,65.0,,,on
16167.563,,gemma4:e2b,run2_p14,121.18,65.0,,,on
16168.088,,gemma4:e2b,run2_p14,121.37,65.0,,,on
16168.613,,gemma4:e2b,run2_p14,122.85,63.0,,,on
16169.139,,gemma4:e2b,run2_p14,121.74,65.0,,,on
16169.664,,gemma4:e2b,run2_p14,121.41,64.0,,,on
16170.188,,gemma4:e2b,run2_p14,122.07,65.0,,,on
16170.715,,gemma4:e2b,run2_p14,121.98,64.0,,,on
16171.239,,gemma4:e2b,run2_p14,121.74,65.0,,,on
16171.763,,gemma4:e2b,run2_p14,122.55,65.0,,,on
16172.287,,gemma4:e2b,run2_p14,122.49,65.0,,,on
16172.815,,gemma4:e2b,run3_p0,87.14,54.0,,,on
16173.344,,gemma4:e2b,run3_p0,68.57,63.0,,,on
16173.869,,gemma4:e2b,run3_p0,103.00,64.0,,,on
16174.395,,gemma4:e2b,run3_p1,120.17,62.0,,,on
16174.918,,gemma4:e2b,run3_p1,102.37,62.0,,,on
16175.445,,gemma4:e2b,run3_p1,102.79,62.0,,,on
16175.978,,gemma4:e2b,run3_p1,120.86,65.0,,,on
16176.505,,gemma4:e2b,run3_p2,87.11,55.0,,,on
16177.028,,gemma4:e2b,run3_p2,71.20,57.0,,,on
16177.556,,gemma4:e2b,run3_p2,104.75,63.0,,,on
16178.079,,gemma4:e2b,run3_p2,120.37,64.0,,,on
16178.612,,gemma4:e2b,run3_p3,93.62,64.0,,,on
16179.139,,gemma4:e2b,run3_p3,80.15,53.0,,,on
16179.663,,gemma4:e2b,run3_p3,99.93,63.0,,,on
16180.187,,gemma4:e2b,run3_p3,120.86,64.0,,,on
16180.710,,gemma4:e2b,run3_p3,120.81,64.0,,,on
16181.280,,gemma4:e2b,run3_p4,118.25,64.0,,,on
16181.811,,gemma4:e2b,run3_p4,105.57,62.0,,,on
16182.334,,gemma4:e2b,run3_p4,107.60,64.0,,,on
16182.868,,gemma4:e2b,run3_p5,90.00,55.0,,,on
16183.394,,gemma4:e2b,run3_p5,72.30,54.0,,,on
16183.922,,gemma4:e2b,run3_p5,102.69,63.0,,,on
16184.449,,gemma4:e2b,run3_p5,120.17,63.0,,,on
16184.972,,gemma4:e2b,run3_p5,120.32,64.0,,,on
16185.496,,gemma4:e2b,run3_p5,120.40,64.0,,,on
16186.063,,gemma4:e2b,run3_p6,107.54,56.0,,,on
16186.587,,gemma4:e2b,run3_p6,93.76,63.0,,,on
16187.112,,gemma4:e2b,run3_p6,106.57,64.0,,,on
16187.634,,gemma4:e2b,run3_p6,120.67,63.0,,,on
16188.158,,gemma4:e2b,run3_p6,120.57,64.0,,,on
16188.689,,gemma4:e2b,run3_p6,120.74,64.0,,,on
16189.213,,gemma4:e2b,run3_p6,120.39,63.0,,,on
16189.736,,gemma4:e2b,run3_p6,120.35,64.0,,,on
16190.259,,gemma4:e2b,run3_p6,120.19,64.0,,,on
16190.782,,gemma4:e2b,run3_p6,120.57,63.0,,,on
16191.320,,gemma4:e2b,run3_p6,120.33,64.0,,,on
16191.845,,gemma4:e2b,run3_p6,120.12,64.0,,,on
16192.366,,gemma4:e2b,run3_p6,120.68,64.0,,,on
16192.888,,gemma4:e2b,run3_p6,120.70,62.0,,,on
16193.412,,gemma4:e2b,run3_p6,121.43,64.0,,,on
16193.935,,gemma4:e2b,run3_p6,121.18,64.0,,,on
16194.458,,gemma4:e2b,run3_p6,121.19,64.0,,,on
16194.981,,gemma4:e2b,run3_p6,121.29,64.0,,,on
16195.504,,gemma4:e2b,run3_p6,121.00,64.0,,,on
16196.031,,gemma4:e2b,run3_p6,121.54,64.0,,,on
16196.561,,gemma4:e2b,run3_p6,121.81,64.0,,,on
16197.086,,gemma4:e2b,run3_p6,121.62,64.0,,,on
16197.661,,gemma4:e2b,run3_p7,115.41,64.0,,,on
16198.185,,gemma4:e2b,run3_p7,103.72,63.0,,,on
16198.708,,gemma4:e2b,run3_p7,109.21,64.0,,,on
16199.241,,gemma4:e2b,run3_p7,120.98,64.0,,,on
16199.776,,gemma4:e2b,run3_p7,120.71,63.0,,,on
16200.301,,gemma4:e2b,run3_p7,120.24,64.0,,,on
16200.825,,gemma4:e2b,run3_p7,116.11,62.0,,,on
16201.359,,gemma4:e2b,run3_p7,113.77,63.0,,,on
16201.882,,gemma4:e2b,run3_p7,116.62,63.0,,,on
16202.410,,gemma4:e2b,run3_p7,118.04,63.0,,,on
16202.938,,gemma4:e2b,run3_p7,119.40,64.0,,,on
16203.474,,gemma4:e2b,run3_p7,120.15,64.0,,,on
16204.007,,gemma4:e2b,run3_p7,119.25,64.0,,,on
16204.538,,gemma4:e2b,run3_p7,117.77,64.0,,,on
16205.081,,gemma4:e2b,run3_p7,119.11,65.0,,,on
16205.609,,gemma4:e2b,run3_p7,121.16,65.0,,,on
16206.135,,gemma4:e2b,run3_p7,120.85,64.0,,,on
16206.658,,gemma4:e2b,run3_p7,120.56,64.0,,,on
16207.186,,gemma4:e2b,run3_p7,120.60,64.0,,,on
16207.713,,gemma4:e2b,run3_p7,120.43,64.0,,,on
16208.240,,gemma4:e2b,run3_p7,120.75,65.0,,,on
16208.766,,gemma4:e2b,run3_p7,120.46,64.0,,,on
16209.300,,gemma4:e2b,run3_p8,113.25,64.0,,,on
16209.826,,gemma4:e2b,run3_p8,95.15,55.0,,,on
16210.351,,gemma4:e2b,run3_p8,102.05,64.0,,,on
16210.888,,gemma4:e2b,run3_p8,120.30,64.0,,,on
16211.414,,gemma4:e2b,run3_p8,119.79,64.0,,,on
16211.938,,gemma4:e2b,run3_p8,119.05,64.0,,,on
16212.463,,gemma4:e2b,run3_p8,119.21,64.0,,,on
16212.990,,gemma4:e2b,run3_p8,120.53,64.0,,,on
16213.526,,gemma4:e2b,run3_p8,120.69,64.0,,,on
16214.050,,gemma4:e2b,run3_p8,118.94,63.0,,,on
16214.577,,gemma4:e2b,run3_p8,119.00,65.0,,,on
16215.102,,gemma4:e2b,run3_p8,119.84,64.0,,,on
16215.635,,gemma4:e2b,run3_p8,120.22,64.0,,,on
16216.161,,gemma4:e2b,run3_p8,120.62,64.0,,,on
16216.685,,gemma4:e2b,run3_p8,118.98,65.0,,,on
16217.213,,gemma4:e2b,run3_p8,118.10,64.0,,,on
16217.738,,gemma4:e2b,run3_p8,118.76,64.0,,,on
16218.264,,gemma4:e2b,run3_p8,119.74,65.0,,,on
16218.790,,gemma4:e2b,run3_p8,119.42,64.0,,,on
16219.316,,gemma4:e2b,run3_p8,118.63,64.0,,,on
16219.839,,gemma4:e2b,run3_p8,118.96,64.0,,,on
16220.366,,gemma4:e2b,run3_p8,120.90,64.0,,,on
16220.889,,gemma4:e2b,run3_p8,121.19,65.0,,,on
16221.410,,gemma4:e2b,run3_p8,120.96,64.0,,,on
16221.934,,gemma4:e2b,run3_p8,120.03,64.0,,,on
16222.460,,gemma4:e2b,run3_p8,119.50,65.0,,,on
16222.985,,gemma4:e2b,run3_p8,121.39,64.0,,,on
16223.513,,gemma4:e2b,run3_p8,121.92,65.0,,,on
16224.053,,gemma4:e2b,run3_p9,97.54,55.0,,,on
16224.577,,gemma4:e2b,run3_p9,85.02,63.0,,,on
16225.100,,gemma4:e2b,run3_p9,100.62,64.0,,,on
16225.624,,gemma4:e2b,run3_p9,120.32,65.0,,,on
16226.147,,gemma4:e2b,run3_p9,120.01,64.0,,,on
16226.671,,gemma4:e2b,run3_p9,120.59,64.0,,,on
16227.196,,gemma4:e2b,run3_p9,120.31,64.0,,,on
16227.725,,gemma4:e2b,run3_p9,119.90,64.0,,,on
16228.249,,gemma4:e2b,run3_p9,119.71,64.0,,,on
16228.773,,gemma4:e2b,run3_p9,119.62,64.0,,,on
16229.321,,gemma4:e2b,run3_p10,94.31,63.0,,,on
16229.846,,gemma4:e2b,run3_p10,82.20,54.0,,,on
16230.372,,gemma4:e2b,run3_p10,100.65,64.0,,,on
16230.897,,gemma4:e2b,run3_p10,119.28,65.0,,,on
16231.428,,gemma4:e2b,run3_p10,119.39,63.0,,,on
16231.956,,gemma4:e2b,run3_p10,119.59,63.0,,,on
16232.482,,gemma4:e2b,run3_p10,119.37,64.0,,,on
16233.005,,gemma4:e2b,run3_p10,119.70,64.0,,,on
16233.528,,gemma4:e2b,run3_p10,119.99,64.0,,,on
16234.051,,gemma4:e2b,run3_p10,120.17,64.0,,,on
16234.578,,gemma4:e2b,run3_p10,120.87,64.0,,,on
16235.102,,gemma4:e2b,run3_p10,121.31,64.0,,,on
16235.629,,gemma4:e2b,run3_p10,120.92,64.0,,,on
16236.153,,gemma4:e2b,run3_p10,120.19,65.0,,,on
16236.677,,gemma4:e2b,run3_p10,120.88,64.0,,,on
16237.212,,gemma4:e2b,run3_p10,121.68,64.0,,,on
16237.740,,gemma4:e2b,run3_p10,121.52,64.0,,,on
16238.263,,gemma4:e2b,run3_p10,121.73,64.0,,,on
16238.785,,gemma4:e2b,run3_p10,121.24,64.0,,,on
16239.310,,gemma4:e2b,run3_p10,120.93,64.0,,,on
16239.835,,gemma4:e2b,run3_p10,121.15,64.0,,,on
16240.359,,gemma4:e2b,run3_p10,121.49,64.0,,,on
16240.882,,gemma4:e2b,run3_p10,122.19,64.0,,,on
16241.405,,gemma4:e2b,run3_p10,122.82,64.0,,,on
16241.934,,gemma4:e2b,run3_p10,122.09,65.0,,,on
16242.457,,gemma4:e2b,run3_p10,121.49,64.0,,,on
16242.983,,gemma4:e2b,run3_p10,121.85,65.0,,,on
16243.506,,gemma4:e2b,run3_p10,122.14,65.0,,,on
16244.034,,gemma4:e2b,run3_p10,121.97,65.0,,,on
16244.559,,gemma4:e2b,run3_p10,121.61,65.0,,,on
16245.096,,gemma4:e2b,run3_p11,83.63,54.0,,,on
16245.624,,gemma4:e2b,run3_p11,67.45,61.0,,,on
16246.152,,gemma4:e2b,run3_p11,105.13,62.0,,,on
16246.677,,gemma4:e2b,run3_p11,121.19,64.0,,,on
16247.198,,gemma4:e2b,run3_p11,120.18,64.0,,,on
16247.723,,gemma4:e2b,run3_p11,119.80,64.0,,,on
16248.247,,gemma4:e2b,run3_p11,119.60,64.0,,,on
16248.771,,gemma4:e2b,run3_p11,119.72,64.0,,,on
16249.298,,gemma4:e2b,run3_p11,119.51,64.0,,,on
16249.848,,gemma4:e2b,run3_p11,119.70,64.0,,,on
16250.372,,gemma4:e2b,run3_p11,120.91,64.0,,,on
16250.897,,gemma4:e2b,run3_p11,120.66,65.0,,,on
16251.424,,gemma4:e2b,run3_p11,120.28,64.0,,,on
16251.950,,gemma4:e2b,run3_p11,120.55,62.0,,,on
16252.480,,gemma4:e2b,run3_p11,121.09,64.0,,,on
16253.004,,gemma4:e2b,run3_p11,121.18,64.0,,,on
16253.529,,gemma4:e2b,run3_p11,120.55,64.0,,,on
16254.053,,gemma4:e2b,run3_p11,120.08,64.0,,,on
16254.589,,gemma4:e2b,run3_p11,121.34,65.0,,,on
16255.115,,gemma4:e2b,run3_p11,122.15,65.0,,,on
16255.638,,gemma4:e2b,run3_p11,121.71,64.0,,,on
16256.166,,gemma4:e2b,run3_p11,121.46,65.0,,,on
16256.690,,gemma4:e2b,run3_p11,119.52,64.0,,,on
16257.215,,gemma4:e2b,run3_p11,118.75,63.0,,,on
16257.741,,gemma4:e2b,run3_p11,120.47,65.0,,,on
16258.263,,gemma4:e2b,run3_p11,121.33,64.0,,,on
16258.787,,gemma4:e2b,run3_p11,121.31,65.0,,,on
16259.311,,gemma4:e2b,run3_p11,121.54,64.0,,,on
16259.834,,gemma4:e2b,run3_p11,122.41,64.0,,,on
16260.364,,gemma4:e2b,run3_p11,121.50,64.0,,,on
16260.888,,gemma4:e2b,run3_p11,120.85,65.0,,,on
16261.411,,gemma4:e2b,run3_p11,121.50,64.0,,,on
16261.940,,gemma4:e2b,run3_p11,122.56,65.0,,,on
16262.467,,gemma4:e2b,run3_p11,122.01,64.0,,,on
16262.993,,gemma4:e2b,run3_p11,121.91,64.0,,,on
16263.518,,gemma4:e2b,run3_p11,122.17,65.0,,,on
16264.044,,gemma4:e2b,run3_p11,121.61,65.0,,,on
16264.574,,gemma4:e2b,run3_p11,121.03,64.0,,,on
16265.104,,gemma4:e2b,run3_p11,120.14,62.0,,,on
16265.634,,gemma4:e2b,run3_p11,120.08,64.0,,,on
16266.157,,gemma4:e2b,run3_p11,121.00,65.0,,,on
16266.688,,gemma4:e2b,run3_p12,87.07,55.0,,,on
16267.222,,gemma4:e2b,run3_p12,68.16,53.0,,,on
16267.751,,gemma4:e2b,run3_p12,100.64,63.0,,,on
16268.277,,gemma4:e2b,run3_p12,117.89,64.0,,,on
16268.802,,gemma4:e2b,run3_p12,118.64,64.0,,,on
16269.326,,gemma4:e2b,run3_p12,119.37,64.0,,,on
16269.851,,gemma4:e2b,run3_p12,119.37,64.0,,,on
16270.377,,gemma4:e2b,run3_p12,118.86,64.0,,,on
16270.904,,gemma4:e2b,run3_p12,118.85,64.0,,,on
16271.433,,gemma4:e2b,run3_p13,96.04,55.0,,,on
16271.962,,gemma4:e2b,run3_p13,79.07,61.0,,,on
16272.487,,gemma4:e2b,run3_p13,102.37,63.0,,,on
16273.041,,gemma4:e2b,run3_p13,118.96,64.0,,,on
16273.567,,gemma4:e2b,run3_p13,118.04,64.0,,,on
16274.115,,gemma4:e2b,run3_p13,117.53,63.0,,,on
16274.641,,gemma4:e2b,run3_p13,118.03,64.0,,,on
16275.167,,gemma4:e2b,run3_p13,118.73,64.0,,,on
16275.694,,gemma4:e2b,run3_p13,118.86,64.0,,,on
16276.224,,gemma4:e2b,run3_p13,119.13,64.0,,,on
16276.748,,gemma4:e2b,run3_p13,119.42,64.0,,,on
16277.273,,gemma4:e2b,run3_p13,119.10,64.0,,,on
16277.802,,gemma4:e2b,run3_p13,119.06,64.0,,,on
16278.329,,gemma4:e2b,run3_p13,118.83,64.0,,,on
16278.855,,gemma4:e2b,run3_p13,119.22,65.0,,,on
16279.388,,gemma4:e2b,run3_p14,104.29,64.0,,,on
16279.913,,gemma4:e2b,run3_p14,90.85,54.0,,,on
16280.439,,gemma4:e2b,run3_p14,98.56,63.0,,,on
16280.966,,gemma4:e2b,run3_p14,118.78,64.0,,,on
16281.493,,gemma4:e2b,run3_p14,119.39,64.0,,,on
16282.020,,gemma4:e2b,run3_p14,118.71,64.0,,,on
16282.546,,gemma4:e2b,run3_p14,119.03,64.0,,,on
16283.072,,gemma4:e2b,run3_p14,120.25,64.0,,,on
16283.605,,gemma4:e2b,run3_p14,119.70,64.0,,,on
16284.129,,gemma4:e2b,run3_p14,119.59,64.0,,,on
16284.660,,gemma4:e2b,run3_p14,119.15,63.0,,,on
16285.186,,gemma4:e2b,run3_p14,117.69,63.0,,,on
16285.714,,gemma4:e2b,run3_p14,116.00,63.0,,,on
16286.242,,gemma4:e2b,run3_p14,116.91,63.0,,,on
16286.772,,gemma4:e2b,run3_p14,118.10,64.0,,,on
16287.297,,gemma4:e2b,run3_p14,118.70,64.0,,,on
16287.823,,gemma4:e2b,run3_p14,119.92,64.0,,,on
16288.349,,gemma4:e2b,run3_p14,121.04,64.0,,,on
16288.880,,gemma4:e2b,run3_p14,120.30,65.0,,,on
16289.404,,gemma4:e2b,run3_p14,120.62,64.0,,,on
16289.933,,gemma4:e2b,run3_p14,120.49,64.0,,,on
16290.456,,gemma4:e2b,run3_p14,120.25,64.0,,,on
16290.980,,gemma4:e2b,run3_p14,120.78,64.0,,,on
16291.504,,gemma4:e2b,run3_p14,120.81,64.0,,,on
16292.035,,gemma4:e2b,run3_p14,121.04,64.0,,,on
16292.558,,gemma4:e2b,run3_p14,121.47,65.0,,,on
16293.092,,gemma4:e2b,run3_p14,121.64,64.0,,,on
16293.619,,gemma4:e2b,run3_p14,121.69,64.0,,,on
16294.151,,gemma4:e2b,run3_p14,122.29,65.0,,,on
16332.462,,gemma4:e2b,idle,17.75,44.0,,,off
16332.993,,gemma4:e2b,idle,14.18,44.0,,,off
16333.520,,gemma4:e2b,idle,13.91,43.0,,,off
16334.054,,gemma4:e2b,idle,12.79,43.0,,,off
16334.584,,gemma4:e2b,idle,12.34,43.0,,,off
16335.108,,gemma4:e2b,idle,11.99,43.0,,,off
16335.632,,gemma4:e2b,idle,11.80,43.0,,,off
16336.155,,gemma4:e2b,idle,12.05,43.0,,,off
16336.682,,gemma4:e2b,idle,12.04,43.0,,,off
16337.206,,gemma4:e2b,idle,11.89,43.0,,,off
16337.729,,gemma4:e2b,idle,11.71,43.0,,,off
16338.254,,gemma4:e2b,idle,11.44,43.0,,,off
16338.781,,gemma4:e2b,idle,11.81,43.0,,,off
16339.305,,gemma4:e2b,idle,12.20,43.0,,,off
16339.831,,gemma4:e2b,idle,12.02,43.0,,,off
16340.356,,gemma4:e2b,idle,12.05,43.0,,,off
16340.886,,gemma4:e2b,idle,12.05,43.0,,,off
16341.414,,gemma4:e2b,idle,12.10,42.0,,,off
16341.937,,gemma4:e2b,idle,12.26,42.0,,,off
16342.542,,gemma4:e2b,run1_p0,11.75,42.0,,,off
16343.088,,gemma4:e2b,run1_p0,13.78,43.0,,,off
16343.618,,gemma4:e2b,run1_p1,29.46,44.0,,,off
16344.219,,gemma4:e2b,run1_p2,49.47,50.0,,,off
16344.770,,gemma4:e2b,run1_p3,66.65,48.0,,,off
16345.317,,gemma4:e2b,run1_p3,80.49,46.0,,,off
16345.863,,gemma4:e2b,run1_p3,105.18,56.0,,,off
16346.393,,gemma4:e2b,run1_p3,115.47,57.0,,,off
16346.930,,gemma4:e2b,run1_p4,81.88,47.0,,,off
16347.465,,gemma4:e2b,run1_p5,54.49,48.0,,,off
16347.997,,gemma4:e2b,run1_p5,72.92,54.0,,,off
16348.522,,gemma4:e2b,run1_p6,72.92,49.0,,,off
16349.052,,gemma4:e2b,run1_p6,72.72,51.0,,,off
16349.589,,gemma4:e2b,run1_p6,99.76,58.0,,,off
16350.117,,gemma4:e2b,run1_p6,114.71,58.0,,,off
16350.641,,gemma4:e2b,run1_p6,115.23,58.0,,,off
16351.163,,gemma4:e2b,run1_p6,116.05,58.0,,,off
16351.694,,gemma4:e2b,run1_p6,116.62,59.0,,,off
16352.264,,gemma4:e2b,run1_p6,117.12,59.0,,,off
16352.788,,gemma4:e2b,run1_p6,116.96,59.0,,,off
16353.313,,gemma4:e2b,run1_p6,116.71,58.0,,,off
16353.841,,gemma4:e2b,run1_p6,117.23,60.0,,,off
16354.366,,gemma4:e2b,run1_p6,117.65,60.0,,,off
16354.896,,gemma4:e2b,run1_p6,117.80,60.0,,,off
16355.421,,gemma4:e2b,run1_p6,118.24,60.0,,,off
16355.958,,gemma4:e2b,run1_p6,118.03,60.0,,,off
16356.484,,gemma4:e2b,run1_p7,94.84,61.0,,,off
16357.055,,gemma4:e2b,run1_p7,77.81,59.0,,,off
16357.593,,gemma4:e2b,run1_p7,99.49,60.0,,,off
16358.125,,gemma4:e2b,run1_p7,114.63,61.0,,,off
16358.655,,gemma4:e2b,run1_p7,116.03,60.0,,,off
16359.189,,gemma4:e2b,run1_p7,117.36,60.0,,,off
16359.719,,gemma4:e2b,run1_p7,116.31,60.0,,,off
16360.251,,gemma4:e2b,run1_p7,116.59,61.0,,,off
16360.780,,gemma4:e2b,run1_p7,117.42,61.0,,,off
16361.308,,gemma4:e2b,run1_p7,118.12,61.0,,,off
16361.830,,gemma4:e2b,run1_p7,118.97,61.0,,,off
16362.364,,gemma4:e2b,run1_p7,118.07,61.0,,,off
16362.887,,gemma4:e2b,run1_p7,117.55,62.0,,,off
16363.414,,gemma4:e2b,run1_p8,109.96,55.0,,,off
16363.940,,gemma4:e2b,run1_p8,90.83,59.0,,,off
16364.464,,gemma4:e2b,run1_p8,98.49,61.0,,,off
16364.993,,gemma4:e2b,run1_p8,116.97,60.0,,,off
16365.519,,gemma4:e2b,run1_p8,116.58,61.0,,,off
16366.042,,gemma4:e2b,run1_p8,116.34,62.0,,,off
16366.567,,gemma4:e2b,run1_p8,117.94,62.0,,,off
16367.117,,gemma4:e2b,run1_p8,118.27,61.0,,,off
16367.643,,gemma4:e2b,run1_p8,116.65,62.0,,,off
16368.168,,gemma4:e2b,run1_p8,116.52,61.0,,,off
16368.706,,gemma4:e2b,run1_p8,118.15,62.0,,,off
16369.232,,gemma4:e2b,run1_p8,118.71,63.0,,,off
16369.757,,gemma4:e2b,run1_p8,117.78,62.0,,,off
16370.280,,gemma4:e2b,run1_p8,118.72,63.0,,,off
16370.803,,gemma4:e2b,run1_p8,118.96,63.0,,,off
16371.327,,gemma4:e2b,run1_p8,118.92,63.0,,,off
16371.854,,gemma4:e2b,run1_p8,119.70,63.0,,,off
16372.378,,gemma4:e2b,run1_p8,119.96,62.0,,,off
16372.902,,gemma4:e2b,run1_p8,120.50,63.0,,,off
16373.427,,gemma4:e2b,run1_p8,119.60,63.0,,,off
16373.969,,gemma4:e2b,run1_p9,113.17,63.0,,,off
16374.495,,gemma4:e2b,run1_p9,100.99,55.0,,,off
16375.025,,gemma4:e2b,run1_p9,101.10,63.0,,,off
16375.552,,gemma4:e2b,run1_p10,90.30,63.0,,,off
16376.081,,gemma4:e2b,run1_p10,74.64,61.0,,,off
16376.611,,gemma4:e2b,run1_p10,104.26,63.0,,,off
16377.137,,gemma4:e2b,run1_p10,118.78,62.0,,,off
16377.667,,gemma4:e2b,run1_p10,117.49,62.0,,,off
16378.191,,gemma4:e2b,run1_p10,118.18,63.0,,,off
16378.725,,gemma4:e2b,run1_p10,118.88,63.0,,,off
16379.299,,gemma4:e2b,run1_p10,118.31,63.0,,,off
16379.825,,gemma4:e2b,run1_p10,119.01,63.0,,,off
16380.356,,gemma4:e2b,run1_p10,120.26,63.0,,,off
16380.888,,gemma4:e2b,run1_p10,120.90,64.0,,,off
16381.415,,gemma4:e2b,run1_p10,120.33,63.0,,,off
16381.939,,gemma4:e2b,run1_p10,120.59,63.0,,,off
16382.462,,gemma4:e2b,run1_p10,119.84,63.0,,,off
16382.989,,gemma4:e2b,run1_p10,119.12,64.0,,,off
16383.513,,gemma4:e2b,run1_p10,119.76,63.0,,,off
16384.038,,gemma4:e2b,run1_p10,119.94,64.0,,,off
16384.578,,gemma4:e2b,run1_p10,119.49,63.0,,,off
16385.105,,gemma4:e2b,run1_p10,119.88,64.0,,,off
16385.632,,gemma4:e2b,run1_p10,119.98,63.0,,,off
16386.156,,gemma4:e2b,run1_p10,119.77,63.0,,,off
16386.681,,gemma4:e2b,run1_p10,120.93,64.0,,,off
16387.210,,gemma4:e2b,run1_p11,107.30,64.0,,,off
16387.738,,gemma4:e2b,run1_p11,87.46,54.0,,,off
16388.269,,gemma4:e2b,run1_p11,100.48,63.0,,,off
16388.796,,gemma4:e2b,run1_p11,119.65,63.0,,,off
16389.323,,gemma4:e2b,run1_p11,119.35,63.0,,,off
16389.848,,gemma4:e2b,run1_p11,119.55,63.0,,,off
16390.372,,gemma4:e2b,run1_p11,119.90,65.0,,,off
16390.897,,gemma4:e2b,run1_p11,119.80,64.0,,,off
16391.423,,gemma4:e2b,run1_p11,120.21,64.0,,,off
16391.947,,gemma4:e2b,run1_p11,120.17,64.0,,,off
16392.474,,gemma4:e2b,run1_p11,119.78,63.0,,,off
16392.997,,gemma4:e2b,run1_p11,119.81,64.0,,,off
16393.525,,gemma4:e2b,run1_p11,120.12,64.0,,,off
16394.049,,gemma4:e2b,run1_p11,121.09,64.0,,,off
16394.576,,gemma4:e2b,run1_p11,121.56,64.0,,,off
16395.100,,gemma4:e2b,run1_p11,121.63,64.0,,,off
16395.624,,gemma4:e2b,run1_p11,121.44,65.0,,,off
16396.153,,gemma4:e2b,run1_p11,121.39,64.0,,,off
16396.677,,gemma4:e2b,run1_p11,120.81,65.0,,,off
16397.201,,gemma4:e2b,run1_p11,119.69,64.0,,,off
16397.724,,gemma4:e2b,run1_p11,120.43,64.0,,,off
16398.249,,gemma4:e2b,run1_p11,121.29,64.0,,,off
16398.774,,gemma4:e2b,run1_p11,120.93,64.0,,,off
16399.300,,gemma4:e2b,run1_p11,120.92,63.0,,,off
16399.825,,gemma4:e2b,run1_p11,120.64,65.0,,,off
16400.348,,gemma4:e2b,run1_p11,120.54,64.0,,,off
16400.901,,gemma4:e2b,run1_p11,121.72,64.0,,,off
16401.426,,gemma4:e2b,run1_p11,122.08,65.0,,,off
16401.951,,gemma4:e2b,run1_p11,121.71,64.0,,,off
16402.485,,gemma4:e2b,run1_p12,100.72,56.0,,,off
16403.009,,gemma4:e2b,run1_p12,83.77,61.0,,,off
16403.539,,gemma4:e2b,run1_p12,104.20,64.0,,,off
16404.063,,gemma4:e2b,run1_p12,120.26,64.0,,,off
16404.588,,gemma4:e2b,run1_p12,119.99,65.0,,,off
16405.115,,gemma4:e2b,run1_p13,93.54,61.0,,,off
16405.653,,gemma4:e2b,run1_p13,75.79,53.0,,,off
16406.180,,gemma4:e2b,run1_p13,102.16,63.0,,,off
16406.703,,gemma4:e2b,run1_p13,119.67,64.0,,,off
16407.243,,gemma4:e2b,run1_p13,119.96,64.0,,,off
16407.771,,gemma4:e2b,run1_p13,119.76,64.0,,,off
16408.312,,gemma4:e2b,run1_p13,120.04,63.0,,,off
16408.838,,gemma4:e2b,run1_p13,119.87,64.0,,,off
16409.362,,gemma4:e2b,run1_p13,119.35,65.0,,,off
16409.889,,gemma4:e2b,run1_p13,120.17,61.0,,,off
16410.429,,gemma4:e2b,run1_p14,87.64,55.0,,,off
16410.953,,gemma4:e2b,run1_p14,74.72,60.0,,,off
16411.476,,gemma4:e2b,run1_p14,106.54,63.0,,,off
16412.000,,gemma4:e2b,run1_p14,119.56,64.0,,,off
16412.531,,gemma4:e2b,run1_p14,119.57,64.0,,,off
16413.055,,gemma4:e2b,run1_p14,119.87,64.0,,,off
16413.577,,gemma4:e2b,run1_p14,119.24,63.0,,,off
16414.102,,gemma4:e2b,run1_p14,118.73,64.0,,,off
16414.626,,gemma4:e2b,run1_p14,118.69,64.0,,,off
16415.157,,gemma4:e2b,run1_p14,119.94,64.0,,,off
16415.681,,gemma4:e2b,run1_p14,119.21,63.0,,,off
16416.206,,gemma4:e2b,run1_p14,117.66,63.0,,,off
16416.730,,gemma4:e2b,run1_p14,117.46,64.0,,,off
16417.254,,gemma4:e2b,run1_p14,119.22,64.0,,,off
16417.778,,gemma4:e2b,run1_p14,120.11,64.0,,,off
16418.304,,gemma4:e2b,run1_p14,120.32,63.0,,,off
16418.831,,gemma4:e2b,run1_p14,120.41,64.0,,,off
16419.354,,gemma4:e2b,run1_p14,120.17,64.0,,,off
16419.881,,gemma4:e2b,run1_p14,120.24,64.0,,,off
16420.406,,gemma4:e2b,run1_p14,121.02,64.0,,,off
16420.928,,gemma4:e2b,run1_p14,120.69,63.0,,,off
16421.462,,gemma4:e2b,run2_p0,94.76,54.0,,,off
16421.996,,gemma4:e2b,run2_p1,65.01,54.0,,,off
16422.521,,gemma4:e2b,run2_p1,72.39,62.0,,,off
16423.046,,gemma4:e2b,run2_p2,74.68,54.0,,,off
16423.590,,gemma4:e2b,run2_p3,66.47,60.0,,,off
16424.113,,gemma4:e2b,run2_p3,81.26,60.0,,,off
16424.637,,gemma4:e2b,run2_p3,100.54,63.0,,,off
16425.161,,gemma4:e2b,run2_p3,120.65,63.0,,,off
16425.706,,gemma4:e2b,run2_p4,90.74,57.0,,,off
16426.238,,gemma4:e2b,run2_p5,54.94,52.0,,,off
16426.764,,gemma4:e2b,run2_p5,69.40,60.0,,,off
16427.296,,gemma4:e2b,run2_p6,76.26,53.0,,,off
16427.819,,gemma4:e2b,run2_p6,78.02,62.0,,,off
16428.346,,gemma4:e2b,run2_p6,98.44,62.0,,,off
16428.870,,gemma4:e2b,run2_p6,118.70,63.0,,,off
16429.393,,gemma4:e2b,run2_p6,119.97,62.0,,,off
16429.923,,gemma4:e2b,run2_p6,119.70,63.0,,,off
16430.449,,gemma4:e2b,run2_p6,120.10,63.0,,,off
16430.973,,gemma4:e2b,run2_p6,120.44,62.0,,,off
16431.497,,gemma4:e2b,run2_p6,120.20,64.0,,,off
16432.022,,gemma4:e2b,run2_p6,120.04,63.0,,,off
16432.545,,gemma4:e2b,run2_p6,120.36,64.0,,,off
16433.070,,gemma4:e2b,run2_p6,120.68,63.0,,,off
16433.593,,gemma4:e2b,run2_p6,119.67,64.0,,,off
16434.117,,gemma4:e2b,run2_p6,119.56,63.0,,,off
16434.640,,gemma4:e2b,run2_p6,120.85,64.0,,,off
16435.167,,gemma4:e2b,run2_p7,88.49,53.0,,,off
16435.693,,gemma4:e2b,run2_p7,68.85,61.0,,,off
16436.218,,gemma4:e2b,run2_p7,100.59,63.0,,,off
16436.744,,gemma4:e2b,run2_p7,119.72,64.0,,,off
16437.267,,gemma4:e2b,run2_p7,120.39,64.0,,,off
16437.794,,gemma4:e2b,run2_p7,120.85,63.0,,,off
16438.318,,gemma4:e2b,run2_p7,120.44,63.0,,,off
16438.848,,gemma4:e2b,run2_p7,120.34,64.0,,,off
16439.373,,gemma4:e2b,run2_p7,118.92,64.0,,,off
16439.899,,gemma4:e2b,run2_p7,118.03,63.0,,,off
16440.424,,gemma4:e2b,run2_p7,120.28,63.0,,,off
16440.948,,gemma4:e2b,run2_p7,120.28,63.0,,,off
16441.472,,gemma4:e2b,run2_p7,118.70,64.0,,,off
16442.007,,gemma4:e2b,run2_p8,111.06,63.0,,,off
16442.533,,gemma4:e2b,run2_p8,98.00,62.0,,,off
16443.060,,gemma4:e2b,run2_p8,106.01,63.0,,,off
16443.585,,gemma4:e2b,run2_p8,119.57,64.0,,,off
16444.110,,gemma4:e2b,run2_p8,119.76,63.0,,,off
16444.648,,gemma4:e2b,run2_p8,119.70,63.0,,,off
16445.175,,gemma4:e2b,run2_p8,118.75,64.0,,,off
16445.712,,gemma4:e2b,run2_p8,117.33,63.0,,,off
16446.241,,gemma4:e2b,run2_p8,117.23,63.0,,,off
16446.766,,gemma4:e2b,run2_p8,117.57,63.0,,,off
16447.290,,gemma4:e2b,run2_p8,117.56,64.0,,,off
16447.819,,gemma4:e2b,run2_p8,119.44,64.0,,,off
16448.356,,gemma4:e2b,run2_p8,117.64,63.0,,,off
16448.880,,gemma4:e2b,run2_p8,117.56,64.0,,,off
16449.403,,gemma4:e2b,run2_p8,119.56,64.0,,,off
16449.928,,gemma4:e2b,run2_p8,116.75,63.0,,,off
16450.453,,gemma4:e2b,run2_p8,114.12,62.0,,,off
16450.978,,gemma4:e2b,run2_p9,85.75,57.0,,,off
16451.509,,gemma4:e2b,run2_p9,69.53,53.0,,,off
16452.059,,gemma4:e2b,run2_p9,99.33,63.0,,,off
16452.588,,gemma4:e2b,run2_p10,94.62,54.0,,,off
16453.116,,gemma4:e2b,run2_p10,81.41,62.0,,,off
16453.641,,gemma4:e2b,run2_p10,104.70,64.0,,,off
16454.165,,gemma4:e2b,run2_p10,118.37,64.0,,,off
16454.690,,gemma4:e2b,run2_p10,118.50,63.0,,,off
16455.218,,gemma4:e2b,run2_p10,118.54,63.0,,,off
16455.746,,gemma4:e2b,run2_p10,117.57,63.0,,,off
16456.270,,gemma4:e2b,run2_p10,117.35,63.0,,,off
16456.800,,gemma4:e2b,run2_p10,118.68,63.0,,,off
16457.326,,gemma4:e2b,run2_p10,117.77,64.0,,,off
16457.851,,gemma4:e2b,run2_p10,117.83,63.0,,,off
16458.375,,gemma4:e2b,run2_p10,118.75,64.0,,,off
16458.903,,gemma4:e2b,run2_p10,118.32,64.0,,,off
16459.426,,gemma4:e2b,run2_p10,118.57,64.0,,,off
16459.950,,gemma4:e2b,run2_p10,119.38,64.0,,,off
16460.476,,gemma4:e2b,run2_p10,121.12,64.0,,,off
16461.000,,gemma4:e2b,run2_p10,121.52,64.0,,,off
16461.523,,gemma4:e2b,run2_p10,120.32,64.0,,,off
16462.052,,gemma4:e2b,run2_p10,119.71,64.0,,,off
16462.576,,gemma4:e2b,run2_p10,120.71,64.0,,,off
16463.113,,gemma4:e2b,run2_p11,116.77,64.0,,,off
16463.640,,gemma4:e2b,run2_p11,103.33,55.0,,,off
16464.164,,gemma4:e2b,run2_p11,102.18,64.0,,,off
16464.687,,gemma4:e2b,run2_p11,119.40,64.0,,,off
16465.210,,gemma4:e2b,run2_p11,119.60,64.0,,,off
16465.744,,gemma4:e2b,run2_p11,119.41,64.0,,,off
16466.272,,gemma4:e2b,run2_p11,119.61,64.0,,,off
16466.797,,gemma4:e2b,run2_p11,119.81,62.0,,,off
16467.322,,gemma4:e2b,run2_p11,120.12,64.0,,,off
16467.846,,gemma4:e2b,run2_p11,120.44,64.0,,,off
16468.370,,gemma4:e2b,run2_p11,120.52,64.0,,,off
16468.903,,gemma4:e2b,run2_p11,120.10,64.0,,,off
16469.429,,gemma4:e2b,run2_p11,119.97,63.0,,,off
16469.951,,gemma4:e2b,run2_p11,120.71,64.0,,,off
16470.477,,gemma4:e2b,run2_p11,120.56,64.0,,,off
16471.000,,gemma4:e2b,run2_p11,119.54,64.0,,,off
16471.528,,gemma4:e2b,run2_p11,119.76,64.0,,,off
16472.054,,gemma4:e2b,run2_p11,120.01,64.0,,,off
16472.579,,gemma4:e2b,run2_p11,119.86,65.0,,,off
16473.103,,gemma4:e2b,run2_p11,120.16,64.0,,,off
16473.627,,gemma4:e2b,run2_p11,119.47,64.0,,,off
16474.152,,gemma4:e2b,run2_p11,119.89,64.0,,,off
16474.677,,gemma4:e2b,run2_p11,120.70,64.0,,,off
16475.204,,gemma4:e2b,run2_p11,120.56,64.0,,,off
16475.728,,gemma4:e2b,run2_p11,120.90,64.0,,,off
16476.252,,gemma4:e2b,run2_p11,119.94,64.0,,,off
16476.782,,gemma4:e2b,run2_p11,119.27,64.0,,,off
16477.307,,gemma4:e2b,run2_p11,119.72,64.0,,,off
16477.830,,gemma4:e2b,run2_p11,120.25,65.0,,,off
16478.355,,gemma4:e2b,run2_p11,121.42,65.0,,,off
16478.890,,gemma4:e2b,run2_p11,121.63,64.0,,,off
16479.419,,gemma4:e2b,run2_p12,93.19,55.0,,,off
16479.944,,gemma4:e2b,run2_p12,77.27,61.0,,,off
16480.471,,gemma4:e2b,run2_p12,104.52,64.0,,,off
16480.995,,gemma4:e2b,run2_p12,119.95,64.0,,,off
16481.529,,gemma4:e2b,run2_p12,119.36,64.0,,,off
16482.055,,gemma4:e2b,run2_p13,86.21,56.0,,,off
16482.580,,gemma4:e2b,run2_p13,71.81,53.0,,,off
16483.105,,gemma4:e2b,run2_p13,104.45,63.0,,,off
16483.637,,gemma4:e2b,run2_p13,119.86,64.0,,,off
16484.177,,gemma4:e2b,run2_p13,120.19,64.0,,,off
16484.701,,gemma4:e2b,run2_p13,119.82,64.0,,,off
16485.227,,gemma4:e2b,run2_p13,119.92,64.0,,,off
16485.754,,gemma4:e2b,run2_p13,119.79,64.0,,,off
16486.278,,gemma4:e2b,run2_p13,119.92,64.0,,,off
16486.805,,gemma4:e2b,run2_p14,104.96,58.0,,,off
16487.330,,gemma4:e2b,run2_p14,85.79,60.0,,,off
16487.866,,gemma4:e2b,run2_p14,100.35,64.0,,,off
16488.391,,gemma4:e2b,run2_p14,120.00,64.0,,,off
16488.916,,gemma4:e2b,run2_p14,120.77,64.0,,,off
16489.440,,gemma4:e2b,run2_p14,120.68,64.0,,,off
16489.964,,gemma4:e2b,run2_p14,119.67,64.0,,,off
16490.495,,gemma4:e2b,run2_p14,120.05,65.0,,,off
16491.018,,gemma4:e2b,run2_p14,120.45,65.0,,,off
16491.543,,gemma4:e2b,run2_p14,119.94,65.0,,,off
16492.067,,gemma4:e2b,run2_p14,120.59,64.0,,,off
16492.590,,gemma4:e2b,run2_p14,121.10,65.0,,,off
16493.116,,gemma4:e2b,run2_p14,121.36,63.0,,,off
16493.646,,gemma4:e2b,run2_p14,120.64,64.0,,,off
16494.169,,gemma4:e2b,run2_p14,120.65,65.0,,,off
16494.695,,gemma4:e2b,run2_p14,121.22,64.0,,,off
16495.220,,gemma4:e2b,run2_p14,120.92,65.0,,,off
16495.745,,gemma4:e2b,run2_p14,121.38,64.0,,,off
16496.276,,gemma4:e2b,run2_p14,120.20,65.0,,,off
16496.800,,gemma4:e2b,run2_p14,120.62,65.0,,,off
16497.325,,gemma4:e2b,run2_p14,121.15,65.0,,,off
16497.849,,gemma4:e2b,run2_p14,120.79,65.0,,,off
16498.373,,gemma4:e2b,run3_p0,89.36,54.0,,,off
16498.903,,gemma4:e2b,run3_p1,51.33,54.0,,,off
16499.428,,gemma4:e2b,run3_p1,69.79,62.0,,,off
16499.973,,gemma4:e2b,run3_p2,77.78,55.0,,,off
16500.547,,gemma4:e2b,run3_p3,67.89,59.0,,,off
16501.106,,gemma4:e2b,run3_p3,85.89,58.0,,,off
16501.631,,gemma4:e2b,run3_p3,110.50,63.0,,,off
16502.160,,gemma4:e2b,run3_p3,119.04,63.0,,,off
16502.690,,gemma4:e2b,run3_p4,88.86,53.0,,,off
16503.219,,gemma4:e2b,run3_p5,53.82,53.0,,,off
16503.745,,gemma4:e2b,run3_p5,69.82,61.0,,,off
16504.291,,gemma4:e2b,run3_p6,81.22,54.0,,,off
16504.816,,gemma4:e2b,run3_p6,81.61,61.0,,,off
16505.339,,gemma4:e2b,run3_p6,105.52,63.0,,,off
16505.863,,gemma4:e2b,run3_p6,119.34,63.0,,,off
16506.390,,gemma4:e2b,run3_p6,119.97,63.0,,,off
16506.960,,gemma4:e2b,run3_p6,120.10,62.0,,,off
16507.522,,gemma4:e2b,run3_p6,119.36,63.0,,,off
16508.047,,gemma4:e2b,run3_p6,119.26,63.0,,,off
16508.578,,gemma4:e2b,run3_p6,120.00,64.0,,,off
16509.101,,gemma4:e2b,run3_p6,119.18,63.0,,,off
16509.627,,gemma4:e2b,run3_p6,118.80,64.0,,,off
16510.150,,gemma4:e2b,run3_p6,119.37,64.0,,,off
16510.673,,gemma4:e2b,run3_p6,120.11,63.0,,,off
16511.198,,gemma4:e2b,run3_p6,120.09,64.0,,,off
16511.724,,gemma4:e2b,run3_p7,98.49,58.0,,,off
16512.249,,gemma4:e2b,run3_p7,80.89,54.0,,,off
16512.773,,gemma4:e2b,run3_p7,102.29,63.0,,,off
16513.299,,gemma4:e2b,run3_p7,119.33,64.0,,,off
16513.825,,gemma4:e2b,run3_p7,118.74,63.0,,,off
16514.351,,gemma4:e2b,run3_p7,119.67,64.0,,,off
16514.880,,gemma4:e2b,run3_p7,119.63,64.0,,,off
16515.404,,gemma4:e2b,run3_p7,119.61,64.0,,,off
16515.930,,gemma4:e2b,run3_p7,120.19,64.0,,,off
16516.456,,gemma4:e2b,run3_p7,120.33,64.0,,,off
16516.981,,gemma4:e2b,run3_p7,120.25,64.0,,,off
16517.512,,gemma4:e2b,run3_p7,119.77,64.0,,,off
16518.038,,gemma4:e2b,run3_p7,118.61,63.0,,,off
16518.565,,gemma4:e2b,run3_p7,118.83,64.0,,,off
16519.102,,gemma4:e2b,run3_p7,118.89,63.0,,,off
16519.639,,gemma4:e2b,run3_p8,87.56,57.0,,,off
16520.170,,gemma4:e2b,run3_p8,70.05,53.0,,,off
16520.705,,gemma4:e2b,run3_p8,101.21,61.0,,,off
16521.231,,gemma4:e2b,run3_p8,118.31,64.0,,,off
16521.756,,gemma4:e2b,run3_p8,118.35,62.0,,,off
16522.281,,gemma4:e2b,run3_p8,119.19,63.0,,,off
16522.813,,gemma4:e2b,run3_p8,119.25,63.0,,,off
16523.339,,gemma4:e2b,run3_p8,119.32,64.0,,,off
16523.865,,gemma4:e2b,run3_p8,120.10,64.0,,,off
16524.389,,gemma4:e2b,run3_p8,119.65,63.0,,,off
16524.914,,gemma4:e2b,run3_p8,119.42,64.0,,,off
16525.443,,gemma4:e2b,run3_p8,120.03,63.0,,,off
16525.969,,gemma4:e2b,run3_p8,120.58,64.0,,,off
16526.496,,gemma4:e2b,run3_p8,120.78,64.0,,,off
16527.072,,gemma4:e2b,run3_p8,120.50,65.0,,,off
16527.597,,gemma4:e2b,run3_p8,120.81,64.0,,,off
16528.121,,gemma4:e2b,run3_p8,121.18,64.0,,,off
16528.646,,gemma4:e2b,run3_p8,121.42,65.0,,,off
16529.205,,gemma4:e2b,run3_p9,113.34,64.0,,,off
16529.730,,gemma4:e2b,run3_p9,96.70,61.0,,,off
16530.255,,gemma4:e2b,run3_p9,103.89,64.0,,,off
16530.787,,gemma4:e2b,run3_p10,96.14,63.0,,,off
16531.310,,gemma4:e2b,run3_p10,83.25,53.0,,,off
16531.836,,gemma4:e2b,run3_p10,99.93,64.0,,,off
16532.359,,gemma4:e2b,run3_p10,120.03,64.0,,,off
16532.884,,gemma4:e2b,run3_p10,119.59,64.0,,,off
16533.443,,gemma4:e2b,run3_p10,117.91,63.0,,,off
16533.966,,gemma4:e2b,run3_p10,118.75,64.0,,,off
16534.494,,gemma4:e2b,run3_p10,120.11,64.0,,,off
16535.019,,gemma4:e2b,run3_p10,120.51,65.0,,,off
16535.546,,gemma4:e2b,run3_p10,120.39,64.0,,,off
16536.071,,gemma4:e2b,run3_p10,121.45,64.0,,,off
16536.594,,gemma4:e2b,run3_p10,121.92,64.0,,,off
16537.188,,gemma4:e2b,run3_p10,121.00,64.0,,,off
16537.718,,gemma4:e2b,run3_p11,119.96,64.0,,,off
16538.243,,gemma4:e2b,run3_p11,104.28,58.0,,,off
16538.768,,gemma4:e2b,run3_p11,104.98,64.0,,,off
16539.292,,gemma4:e2b,run3_p11,119.57,64.0,,,off
16539.829,,gemma4:e2b,run3_p11,118.31,64.0,,,off
16540.352,,gemma4:e2b,run3_p11,118.71,64.0,,,off
16540.875,,gemma4:e2b,run3_p11,120.13,65.0,,,off
16541.398,,gemma4:e2b,run3_p11,120.77,64.0,,,off
16541.922,,gemma4:e2b,run3_p11,120.92,65.0,,,off
16542.444,,gemma4:e2b,run3_p11,120.81,65.0,,,off
16542.974,,gemma4:e2b,run3_p11,120.74,62.0,,,off
16543.497,,gemma4:e2b,run3_p11,120.32,64.0,,,off
16544.020,,gemma4:e2b,run3_p11,121.20,65.0,,,off
16544.545,,gemma4:e2b,run3_p11,121.33,65.0,,,off
16545.071,,gemma4:e2b,run3_p11,120.15,64.0,,,off
16545.593,,gemma4:e2b,run3_p11,118.17,64.0,,,off
16546.118,,gemma4:e2b,run3_p11,117.49,64.0,,,off
16546.642,,gemma4:e2b,run3_p11,119.40,64.0,,,off
16547.168,,gemma4:e2b,run3_p11,120.22,64.0,,,off
16547.696,,gemma4:e2b,run3_p11,119.88,64.0,,,off
16548.220,,gemma4:e2b,run3_p11,120.08,65.0,,,off
16548.744,,gemma4:e2b,run3_p11,120.13,64.0,,,off
16549.270,,gemma4:e2b,run3_p11,120.35,65.0,,,off
16549.796,,gemma4:e2b,run3_p11,121.36,65.0,,,off
16550.325,,gemma4:e2b,run3_p11,122.29,65.0,,,off
16550.851,,gemma4:e2b,run3_p11,122.17,64.0,,,off
16551.375,,gemma4:e2b,run3_p11,121.59,64.0,,,off
16551.899,,gemma4:e2b,run3_p11,122.84,65.0,,,off
16552.461,,gemma4:e2b,run3_p12,113.10,58.0,,,off
16552.987,,gemma4:e2b,run3_p12,97.21,63.0,,,off
16553.510,,gemma4:e2b,run3_p12,106.08,64.0,,,off
16554.035,,gemma4:e2b,run3_p12,121.19,64.0,,,off
16554.561,,gemma4:e2b,run3_p12,120.95,64.0,,,off
16555.091,,gemma4:e2b,run3_p13,103.29,63.0,,,off
16555.627,,gemma4:e2b,run3_p13,85.81,56.0,,,off
16556.152,,gemma4:e2b,run3_p13,102.75,64.0,,,off
16556.675,,gemma4:e2b,run3_p13,119.27,64.0,,,off
16557.200,,gemma4:e2b,run3_p13,119.80,64.0,,,off
16557.727,,gemma4:e2b,run3_p13,119.89,64.0,,,off
16558.257,,gemma4:e2b,run3_p13,119.96,65.0,,,off
16558.782,,gemma4:e2b,run3_p13,120.36,64.0,,,off
16559.308,,gemma4:e2b,run3_p13,120.19,64.0,,,off
16559.834,,gemma4:e2b,run3_p13,119.59,64.0,,,off
16560.368,,gemma4:e2b,run3_p14,120.08,65.0,,,off
16560.892,,gemma4:e2b,run3_p14,102.44,61.0,,,off
16561.418,,gemma4:e2b,run3_p14,101.61,64.0,,,off
16561.942,,gemma4:e2b,run3_p14,118.44,64.0,,,off
16562.469,,gemma4:e2b,run3_p14,119.33,64.0,,,off
16562.993,,gemma4:e2b,run3_p14,119.57,64.0,,,off
16563.519,,gemma4:e2b,run3_p14,119.45,64.0,,,off
16564.044,,gemma4:e2b,run3_p14,120.04,64.0,,,off
16564.583,,gemma4:e2b,run3_p14,118.85,64.0,,,off
16565.108,,gemma4:e2b,run3_p14,117.97,64.0,,,off
16565.634,,gemma4:e2b,run3_p14,118.94,65.0,,,off
16566.161,,gemma4:e2b,run3_p14,118.05,63.0,,,off
16566.686,,gemma4:e2b,run3_p14,116.90,64.0,,,off
16567.209,,gemma4:e2b,run3_p14,117.85,65.0,,,off
16567.733,,gemma4:e2b,run3_p14,119.70,64.0,,,off
16568.265,,gemma4:e2b,run3_p14,120.74,64.0,,,off
16568.791,,gemma4:e2b,run3_p14,121.23,65.0,,,off
16569.314,,gemma4:e2b,run3_p14,120.95,64.0,,,off
16569.840,,gemma4:e2b,run3_p14,120.31,65.0,,,off
16570.363,,gemma4:e2b,run3_p14,121.06,64.0,,,off
16570.889,,gemma4:e2b,run3_p14,121.05,64.0,,,off
16603.656,,gemma2:2b,idle,15.94,44.0,,,n/a
16604.195,,gemma2:2b,idle,15.81,44.0,,,n/a
16604.720,,gemma2:2b,idle,16.75,44.0,,,n/a
16605.250,,gemma2:2b,idle,17.19,44.0,,,n/a
16605.778,,gemma2:2b,idle,17.08,44.0,,,n/a
16606.304,,gemma2:2b,idle,16.99,44.0,,,n/a
16606.831,,gemma2:2b,idle,16.92,44.0,,,n/a
16607.358,,gemma2:2b,idle,16.64,44.0,,,n/a
16607.885,,gemma2:2b,idle,16.68,44.0,,,n/a
16608.417,,gemma2:2b,idle,19.10,44.0,,,n/a
16608.942,,gemma2:2b,idle,27.01,45.0,,,n/a
16609.465,,gemma2:2b,idle,34.29,45.0,,,n/a
16609.992,,gemma2:2b,idle,34.06,45.0,,,n/a
16610.516,,gemma2:2b,idle,34.31,45.0,,,n/a
16611.040,,gemma2:2b,idle,34.85,45.0,,,n/a
16611.565,,gemma2:2b,idle,34.39,45.0,,,n/a
16612.092,,gemma2:2b,idle,34.01,45.0,,,n/a
16612.619,,gemma2:2b,idle,26.72,45.0,,,n/a
16613.146,,gemma2:2b,idle,20.29,44.0,,,n/a
16613.687,,gemma2:2b,run1_p0,17.75,44.0,,,n/a
16614.215,,gemma2:2b,run1_p1,23.97,46.0,,,n/a
16614.740,,gemma2:2b,run1_p1,65.48,54.0,,,n/a
16615.291,,gemma2:2b,run1_p2,69.63,47.0,,,n/a
16615.823,,gemma2:2b,run1_p3,58.50,54.0,,,n/a
16616.357,,gemma2:2b,run1_p4,66.83,51.0,,,n/a
16616.898,,gemma2:2b,run1_p5,57.42,53.0,,,n/a
16617.422,,gemma2:2b,run1_p5,73.67,52.0,,,n/a
16617.954,,gemma2:2b,run1_p6,89.72,56.0,,,n/a
16618.504,,gemma2:2b,run1_p6,90.26,48.0,,,n/a
16619.028,,gemma2:2b,run1_p6,102.59,56.0,,,n/a
16619.553,,gemma2:2b,run1_p6,107.41,56.0,,,n/a
16620.082,,gemma2:2b,run1_p6,108.60,57.0,,,n/a
16620.608,,gemma2:2b,run1_p6,110.62,57.0,,,n/a
16621.132,,gemma2:2b,run1_p6,110.93,58.0,,,n/a
16621.661,,gemma2:2b,run1_p6,110.68,58.0,,,n/a
16622.187,,gemma2:2b,run1_p6,110.54,58.0,,,n/a
16622.734,,gemma2:2b,run1_p7,96.18,58.0,,,n/a
16623.261,,gemma2:2b,run1_p7,91.93,55.0,,,n/a
16623.787,,gemma2:2b,run1_p7,98.88,58.0,,,n/a
16624.313,,gemma2:2b,run1_p7,109.21,59.0,,,n/a
16624.836,,gemma2:2b,run1_p7,111.12,58.0,,,n/a
16625.358,,gemma2:2b,run1_p7,112.17,59.0,,,n/a
16625.883,,gemma2:2b,run1_p7,110.35,58.0,,,n/a
16626.410,,gemma2:2b,run1_p7,109.94,59.0,,,n/a
16626.935,,gemma2:2b,run1_p7,111.85,59.0,,,n/a
16627.459,,gemma2:2b,run1_p7,112.15,59.0,,,n/a
16627.989,,gemma2:2b,run1_p8,84.03,51.0,,,n/a
16628.513,,gemma2:2b,run1_p8,72.16,57.0,,,n/a
16629.038,,gemma2:2b,run1_p8,99.52,59.0,,,n/a
16629.563,,gemma2:2b,run1_p8,110.52,59.0,,,n/a
16630.086,,gemma2:2b,run1_p8,108.42,58.0,,,n/a
16630.614,,gemma2:2b,run1_p8,107.72,59.0,,,n/a
16631.141,,gemma2:2b,run1_p8,108.61,59.0,,,n/a
16631.668,,gemma2:2b,run1_p8,108.61,59.0,,,n/a
16632.197,,gemma2:2b,run1_p8,108.66,59.0,,,n/a
16632.723,,gemma2:2b,run1_p8,109.99,61.0,,,n/a
16633.255,,gemma2:2b,run1_p9,88.36,52.0,,,n/a
16633.779,,gemma2:2b,run1_p9,83.33,59.0,,,n/a
16634.305,,gemma2:2b,run1_p9,100.09,60.0,,,n/a
16634.835,,gemma2:2b,run1_p10,87.42,53.0,,,n/a
16635.360,,gemma2:2b,run1_p10,81.35,58.0,,,n/a
16635.884,,gemma2:2b,run1_p10,98.81,60.0,,,n/a
16636.410,,gemma2:2b,run1_p10,111.35,60.0,,,n/a
16636.935,,gemma2:2b,run1_p10,110.64,60.0,,,n/a
16637.460,,gemma2:2b,run1_p10,109.99,60.0,,,n/a
16637.983,,gemma2:2b,run1_p10,110.83,61.0,,,n/a
16638.510,,gemma2:2b,run1_p10,110.53,61.0,,,n/a
16639.035,,gemma2:2b,run1_p10,109.75,61.0,,,n/a
16639.563,,gemma2:2b,run1_p11,110.28,61.0,,,n/a
16640.104,,gemma2:2b,run1_p11,102.32,61.0,,,n/a
16640.631,,gemma2:2b,run1_p11,100.43,60.0,,,n/a
16641.157,,gemma2:2b,run1_p11,108.20,60.0,,,n/a
16641.683,,gemma2:2b,run1_p11,110.35,61.0,,,n/a
16642.210,,gemma2:2b,run1_p11,111.56,61.0,,,n/a
16642.736,,gemma2:2b,run1_p11,111.70,61.0,,,n/a
16643.260,,gemma2:2b,run1_p11,111.53,61.0,,,n/a
16643.784,,gemma2:2b,run1_p11,112.65,62.0,,,n/a
16644.306,,gemma2:2b,run1_p11,113.70,61.0,,,n/a
16644.828,,gemma2:2b,run1_p11,114.00,62.0,,,n/a
16645.373,,gemma2:2b,run1_p11,114.37,62.0,,,n/a
16645.896,,gemma2:2b,run1_p11,114.53,62.0,,,n/a
16646.419,,gemma2:2b,run1_p11,114.43,63.0,,,n/a
16646.942,,gemma2:2b,run1_p11,114.46,62.0,,,n/a
16647.467,,gemma2:2b,run1_p11,114.71,63.0,,,n/a
16647.991,,gemma2:2b,run1_p11,114.74,62.0,,,n/a
16648.530,,gemma2:2b,run1_p12,80.82,54.0,,,n/a
16649.051,,gemma2:2b,run1_p12,70.02,59.0,,,n/a
16649.573,,gemma2:2b,run1_p12,102.85,62.0,,,n/a
16650.101,,gemma2:2b,run1_p12,112.45,62.0,,,n/a
16650.627,,gemma2:2b,run1_p12,111.82,62.0,,,n/a
16651.174,,gemma2:2b,run1_p13,105.90,61.0,,,n/a
16651.698,,gemma2:2b,run1_p13,98.06,55.0,,,n/a
16652.222,,gemma2:2b,run1_p13,104.51,62.0,,,n/a
16652.746,,gemma2:2b,run1_p13,114.18,62.0,,,n/a
16653.269,,gemma2:2b,run1_p13,113.17,62.0,,,n/a
16653.795,,gemma2:2b,run1_p13,113.48,63.0,,,n/a
16654.323,,gemma2:2b,run1_p13,112.20,62.0,,,n/a
16654.847,,gemma2:2b,run1_p13,111.12,62.0,,,n/a
16655.370,,gemma2:2b,run1_p13,112.81,62.0,,,n/a
16655.897,,gemma2:2b,run1_p14,97.06,62.0,,,n/a
16656.421,,gemma2:2b,run1_p14,88.63,57.0,,,n/a
16656.946,,gemma2:2b,run1_p14,103.91,61.0,,,n/a
16657.468,,gemma2:2b,run1_p14,111.97,62.0,,,n/a
16657.992,,gemma2:2b,run1_p14,112.06,63.0,,,n/a
16658.525,,gemma2:2b,run1_p14,111.28,62.0,,,n/a
16659.051,,gemma2:2b,run1_p14,110.61,62.0,,,n/a
16659.576,,gemma2:2b,run1_p14,110.27,62.0,,,n/a
16660.120,,gemma2:2b,run1_p14,110.16,62.0,,,n/a
16660.642,,gemma2:2b,run1_p14,109.88,61.0,,,n/a
16661.166,,gemma2:2b,run1_p14,109.87,62.0,,,n/a
16661.690,,gemma2:2b,run1_p14,109.99,62.0,,,n/a
16662.216,,gemma2:2b,run1_p14,110.06,61.0,,,n/a
16662.740,,gemma2:2b,run1_p14,110.08,62.0,,,n/a
16663.267,,gemma2:2b,run2_p0,96.33,62.0,,,n/a
16663.794,,gemma2:2b,run2_p1,73.32,54.0,,,n/a
16664.319,,gemma2:2b,run2_p2,73.53,53.0,,,n/a
16664.845,,gemma2:2b,run2_p3,86.17,62.0,,,n/a
16665.372,,gemma2:2b,run2_p4,71.43,53.0,,,n/a
16665.903,,gemma2:2b,run2_p5,63.08,54.0,,,n/a
16666.430,,gemma2:2b,run2_p5,80.14,61.0,,,n/a
16666.983,,gemma2:2b,run2_p6,77.72,54.0,,,n/a
16667.506,,gemma2:2b,run2_p6,78.21,60.0,,,n/a
16668.028,,gemma2:2b,run2_p6,106.10,61.0,,,n/a
16668.553,,gemma2:2b,run2_p6,111.01,61.0,,,n/a
16669.076,,gemma2:2b,run2_p6,112.09,61.0,,,n/a
16669.598,,gemma2:2b,run2_p6,112.89,62.0,,,n/a
16670.122,,gemma2:2b,run2_p6,113.51,62.0,,,n/a
16670.645,,gemma2:2b,run2_p6,114.58,62.0,,,n/a
16671.168,,gemma2:2b,run2_p6,115.16,62.0,,,n/a
16671.691,,gemma2:2b,run2_p6,115.00,62.0,,,n/a
16672.237,,gemma2:2b,run2_p7,106.17,57.0,,,n/a
16672.763,,gemma2:2b,run2_p7,99.13,61.0,,,n/a
16673.287,,gemma2:2b,run2_p7,105.70,62.0,,,n/a
16673.811,,gemma2:2b,run2_p7,112.55,62.0,,,n/a
16674.334,,gemma2:2b,run2_p7,112.73,62.0,,,n/a
16674.857,,gemma2:2b,run2_p7,112.60,62.0,,,n/a
16675.381,,gemma2:2b,run2_p7,112.38,62.0,,,n/a
16675.904,,gemma2:2b,run2_p7,112.98,62.0,,,n/a
16676.431,,gemma2:2b,run2_p7,114.45,62.0,,,n/a
16676.955,,gemma2:2b,run2_p7,114.88,62.0,,,n/a
16677.480,,gemma2:2b,run2_p7,114.60,62.0,,,n/a
16678.019,,gemma2:2b,run2_p8,108.80,55.0,,,n/a
16678.548,,gemma2:2b,run2_p8,99.08,62.0,,,n/a
16679.076,,gemma2:2b,run2_p8,103.20,63.0,,,n/a
16679.604,,gemma2:2b,run2_p8,111.03,62.0,,,n/a
16680.161,,gemma2:2b,run2_p8,111.14,62.0,,,n/a
16680.688,,gemma2:2b,run2_p8,111.37,62.0,,,n/a
16681.212,,gemma2:2b,run2_p8,111.88,63.0,,,n/a
16681.739,,gemma2:2b,run2_p8,112.03,62.0,,,n/a
16682.262,,gemma2:2b,run2_p8,111.96,62.0,,,n/a
16682.796,,gemma2:2b,run2_p8,112.03,62.0,,,n/a
16683.320,,gemma2:2b,run2_p8,111.20,61.0,,,n/a
16683.858,,gemma2:2b,run2_p9,94.79,54.0,,,n/a
16684.384,,gemma2:2b,run2_p9,87.13,61.0,,,n/a
16684.909,,gemma2:2b,run2_p9,102.26,62.0,,,n/a
16685.438,,gemma2:2b,run2_p10,96.06,56.0,,,n/a
16685.962,,gemma2:2b,run2_p10,91.97,61.0,,,n/a
16686.487,,gemma2:2b,run2_p10,101.86,62.0,,,n/a
16687.009,,gemma2:2b,run2_p10,113.18,62.0,,,n/a
16687.537,,gemma2:2b,run2_p10,113.82,62.0,,,n/a
16688.060,,gemma2:2b,run2_p10,112.55,62.0,,,n/a
16688.585,,gemma2:2b,run2_p10,110.69,62.0,,,n/a
16689.109,,gemma2:2b,run2_p10,111.81,62.0,,,n/a
16689.633,,gemma2:2b,run2_p10,112.36,63.0,,,n/a
16690.156,,gemma2:2b,run2_p10,112.17,63.0,,,n/a
16690.683,,gemma2:2b,run2_p11,89.40,54.0,,,n/a
16691.208,,gemma2:2b,run2_p11,84.56,62.0,,,n/a
16691.732,,gemma2:2b,run2_p11,100.95,63.0,,,n/a
16692.256,,gemma2:2b,run2_p11,113.77,63.0,,,n/a
16692.793,,gemma2:2b,run2_p11,114.67,63.0,,,n/a
16693.318,,gemma2:2b,run2_p11,113.80,62.0,,,n/a
16693.841,,gemma2:2b,run2_p11,113.85,62.0,,,n/a
16694.364,,gemma2:2b,run2_p11,114.16,62.0,,,n/a
16694.888,,gemma2:2b,run2_p11,113.91,62.0,,,n/a
16695.413,,gemma2:2b,run2_p11,113.83,62.0,,,n/a
16695.937,,gemma2:2b,run2_p11,114.13,64.0,,,n/a
16696.462,,gemma2:2b,run2_p12,113.39,63.0,,,n/a
16696.983,,gemma2:2b,run2_p12,105.77,62.0,,,n/a
16697.509,,gemma2:2b,run2_p12,105.75,62.0,,,n/a
16698.033,,gemma2:2b,run2_p12,112.36,62.0,,,n/a
16698.562,,gemma2:2b,run2_p12,113.18,63.0,,,n/a
16699.084,,gemma2:2b,run2_p12,114.26,63.0,,,n/a
16699.627,,gemma2:2b,run2_p13,94.08,55.0,,,n/a
16700.151,,gemma2:2b,run2_p13,83.71,61.0,,,n/a
16700.675,,gemma2:2b,run2_p13,103.12,62.0,,,n/a
16701.202,,gemma2:2b,run2_p13,112.51,62.0,,,n/a
16701.726,,gemma2:2b,run2_p13,112.34,62.0,,,n/a
16702.268,,gemma2:2b,run2_p13,111.48,62.0,,,n/a
16702.793,,gemma2:2b,run2_p13,111.51,62.0,,,n/a
16703.322,,gemma2:2b,run2_p13,110.85,62.0,,,n/a
16703.855,,gemma2:2b,run2_p14,95.51,55.0,,,n/a
16704.381,,gemma2:2b,run2_p14,91.23,61.0,,,n/a
16704.906,,gemma2:2b,run2_p14,99.25,63.0,,,n/a
16705.432,,gemma2:2b,run2_p14,111.56,62.0,,,n/a
16705.956,,gemma2:2b,run2_p14,112.40,62.0,,,n/a
16706.482,,gemma2:2b,run2_p14,112.66,63.0,,,n/a
16707.009,,gemma2:2b,run2_p14,112.86,63.0,,,n/a
16707.534,,gemma2:2b,run2_p14,112.57,62.0,,,n/a
16708.059,,gemma2:2b,run2_p14,111.78,63.0,,,n/a
16708.583,,gemma2:2b,run2_p14,111.69,62.0,,,n/a
16709.108,,gemma2:2b,run2_p14,112.00,63.0,,,n/a
16709.636,,gemma2:2b,run2_p14,112.22,62.0,,,n/a
16710.162,,gemma2:2b,run2_p14,111.77,62.0,,,n/a
16710.687,,gemma2:2b,run2_p14,111.21,62.0,,,n/a
16711.209,,gemma2:2b,run2_p14,111.73,62.0,,,n/a
16711.767,,gemma2:2b,run3_p0,79.32,54.0,,,n/a
16712.296,,gemma2:2b,run3_p1,49.30,54.0,,,n/a
16712.824,,gemma2:2b,run3_p2,63.00,61.0,,,n/a
16713.347,,gemma2:2b,run3_p2,85.18,59.0,,,n/a
16713.875,,gemma2:2b,run3_p3,82.96,61.0,,,n/a
16714.403,,gemma2:2b,run3_p4,68.08,57.0,,,n/a
16714.930,,gemma2:2b,run3_p5,60.08,53.0,,,n/a
16715.461,,gemma2:2b,run3_p5,75.80,61.0,,,n/a
16715.987,,gemma2:2b,run3_p6,76.93,53.0,,,n/a
16716.512,,gemma2:2b,run3_p6,77.84,61.0,,,n/a
16717.039,,gemma2:2b,run3_p6,106.67,62.0,,,n/a
16717.564,,gemma2:2b,run3_p6,113.35,62.0,,,n/a
16718.089,,gemma2:2b,run3_p6,113.73,62.0,,,n/a
16718.613,,gemma2:2b,run3_p6,113.84,62.0,,,n/a
16719.138,,gemma2:2b,run3_p6,113.76,62.0,,,n/a
16719.664,,gemma2:2b,run3_p6,114.04,62.0,,,n/a
16720.190,,gemma2:2b,run3_p6,114.16,62.0,,,n/a
16720.719,,gemma2:2b,run3_p6,113.93,62.0,,,n/a
16721.241,,gemma2:2b,run3_p6,113.60,62.0,,,n/a
16721.783,,gemma2:2b,run3_p7,81.31,53.0,,,n/a
16722.308,,gemma2:2b,run3_p7,70.16,61.0,,,n/a
16722.834,,gemma2:2b,run3_p7,101.68,62.0,,,n/a
16723.358,,gemma2:2b,run3_p7,112.90,62.0,,,n/a
16723.883,,gemma2:2b,run3_p7,113.79,62.0,,,n/a
16724.406,,gemma2:2b,run3_p7,114.10,62.0,,,n/a
16724.932,,gemma2:2b,run3_p7,113.93,62.0,,,n/a
16725.458,,gemma2:2b,run3_p7,114.15,62.0,,,n/a
16725.983,,gemma2:2b,run3_p7,114.45,62.0,,,n/a
16726.506,,gemma2:2b,run3_p7,114.09,62.0,,,n/a
16727.030,,gemma2:2b,run3_p7,113.82,62.0,,,n/a
16727.562,,gemma2:2b,run3_p8,99.06,63.0,,,n/a
16728.086,,gemma2:2b,run3_p8,94.00,62.0,,,n/a
16728.610,,gemma2:2b,run3_p8,106.34,62.0,,,n/a
16729.133,,gemma2:2b,run3_p8,112.38,62.0,,,n/a
16729.657,,gemma2:2b,run3_p8,113.92,62.0,,,n/a
16730.179,,gemma2:2b,run3_p8,114.74,63.0,,,n/a
16730.703,,gemma2:2b,run3_p8,114.54,63.0,,,n/a
16731.228,,gemma2:2b,run3_p8,114.26,62.0,,,n/a
16731.752,,gemma2:2b,run3_p8,114.45,62.0,,,n/a
16732.276,,gemma2:2b,run3_p8,114.07,63.0,,,n/a
16732.802,,gemma2:2b,run3_p8,113.37,63.0,,,n/a
16733.325,,gemma2:2b,run3_p8,113.78,62.0,,,n/a
16733.861,,gemma2:2b,run3_p9,83.32,56.0,,,n/a
16734.385,,gemma2:2b,run3_p9,71.49,53.0,,,n/a
16734.912,,gemma2:2b,run3_p9,101.54,62.0,,,n/a
16735.474,,gemma2:2b,run3_p10,109.93,62.0,,,n/a
16735.998,,gemma2:2b,run3_p10,104.95,62.0,,,n/a
16736.523,,gemma2:2b,run3_p10,107.92,63.0,,,n/a
16737.050,,gemma2:2b,run3_p10,113.52,63.0,,,n/a
16737.573,,gemma2:2b,run3_p10,113.57,63.0,,,n/a
16738.096,,gemma2:2b,run3_p10,112.73,62.0,,,n/a
16738.619,,gemma2:2b,run3_p10,111.96,62.0,,,n/a
16739.144,,gemma2:2b,run3_p10,112.17,63.0,,,n/a
16739.670,,gemma2:2b,run3_p10,112.62,62.0,,,n/a
16740.250,,gemma2:2b,run3_p11,102.24,62.0,,,n/a
16740.778,,gemma2:2b,run3_p11,90.74,62.0,,,n/a
16741.302,,gemma2:2b,run3_p11,108.26,62.0,,,n/a
16741.826,,gemma2:2b,run3_p11,114.21,62.0,,,n/a
16742.352,,gemma2:2b,run3_p11,114.28,62.0,,,n/a
16742.879,,gemma2:2b,run3_p11,114.14,63.0,,,n/a
16743.404,,gemma2:2b,run3_p11,114.58,63.0,,,n/a
16743.927,,gemma2:2b,run3_p11,114.73,63.0,,,n/a
16744.452,,gemma2:2b,run3_p11,114.80,63.0,,,n/a
16744.977,,gemma2:2b,run3_p11,113.39,63.0,,,n/a
16745.501,,gemma2:2b,run3_p11,111.83,63.0,,,n/a
16746.025,,gemma2:2b,run3_p11,111.24,62.0,,,n/a
16746.552,,gemma2:2b,run3_p11,112.47,63.0,,,n/a
16747.075,,gemma2:2b,run3_p11,113.10,62.0,,,n/a
16747.624,,gemma2:2b,run3_p12,88.29,54.0,,,n/a
16748.153,,gemma2:2b,run3_p12,85.18,62.0,,,n/a
16748.677,,gemma2:2b,run3_p12,107.33,63.0,,,n/a
16749.202,,gemma2:2b,run3_p12,112.28,62.0,,,n/a
16749.726,,gemma2:2b,run3_p12,112.49,62.0,,,n/a
16750.251,,gemma2:2b,run3_p13,102.43,63.0,,,n/a
16750.777,,gemma2:2b,run3_p13,96.62,61.0,,,n/a
16751.302,,gemma2:2b,run3_p13,100.77,62.0,,,n/a
16751.825,,gemma2:2b,run3_p13,112.86,62.0,,,n/a
16752.374,,gemma2:2b,run3_p13,112.53,62.0,,,n/a
16752.899,,gemma2:2b,run3_p13,112.48,63.0,,,n/a
16753.423,,gemma2:2b,run3_p13,112.66,62.0,,,n/a
16753.962,,gemma2:2b,run3_p14,103.68,57.0,,,n/a
16754.486,,gemma2:2b,run3_p14,98.27,62.0,,,n/a
16755.016,,gemma2:2b,run3_p14,105.76,62.0,,,n/a
16755.543,,gemma2:2b,run3_p14,109.62,62.0,,,n/a
16756.067,,gemma2:2b,run3_p14,108.42,62.0,,,n/a
16756.590,,gemma2:2b,run3_p14,109.18,62.0,,,n/a
16757.112,,gemma2:2b,run3_p14,110.21,62.0,,,n/a
16757.638,,gemma2:2b,run3_p14,110.56,62.0,,,n/a
16758.170,,gemma2:2b,run3_p14,109.50,62.0,,,n/a
16758.693,,gemma2:2b,run3_p14,109.17,62.0,,,n/a
16759.217,,gemma2:2b,run3_p14,110.88,62.0,,,n/a
16759.740,,gemma2:2b,run3_p14,112.44,62.0,,,n/a
16760.265,,gemma2:2b,run3_p14,112.58,62.0,,,n/a
16760.788,,gemma2:2b,run3_p14,111.51,63.0,,,n/a
16799.526,,phi4-mini:3.8b,idle,19.99,44.0,,,n/a
16800.051,,phi4-mini:3.8b,idle,16.08,43.0,,,n/a
16800.591,,phi4-mini:3.8b,idle,14.31,43.0,,,n/a
16801.117,,phi4-mini:3.8b,idle,13.04,43.0,,,n/a
16801.650,,phi4-mini:3.8b,idle,12.11,43.0,,,n/a
16802.174,,phi4-mini:3.8b,idle,11.66,43.0,,,n/a
16802.698,,phi4-mini:3.8b,idle,11.92,43.0,,,n/a
16803.223,,phi4-mini:3.8b,idle,11.76,43.0,,,n/a
16803.749,,phi4-mini:3.8b,idle,11.20,43.0,,,n/a
16804.273,,phi4-mini:3.8b,idle,11.40,43.0,,,n/a
16804.798,,phi4-mini:3.8b,idle,11.56,43.0,,,n/a
16805.320,,phi4-mini:3.8b,idle,11.71,43.0,,,n/a
16805.846,,phi4-mini:3.8b,idle,11.80,43.0,,,n/a
16806.369,,phi4-mini:3.8b,idle,11.47,43.0,,,n/a
16806.892,,phi4-mini:3.8b,idle,11.70,42.0,,,n/a
16807.416,,phi4-mini:3.8b,idle,12.00,42.0,,,n/a
16807.941,,phi4-mini:3.8b,idle,11.97,42.0,,,n/a
16808.468,,phi4-mini:3.8b,idle,11.78,42.0,,,n/a
16808.992,,phi4-mini:3.8b,idle,11.48,42.0,,,n/a
16809.516,,phi4-mini:3.8b,idle,11.63,42.0,,,n/a
16810.053,,phi4-mini:3.8b,run1_p0,11.83,42.0,,,n/a
16810.584,,phi4-mini:3.8b,run1_p0,28.19,44.0,,,n/a
16811.109,,phi4-mini:3.8b,run1_p0,89.29,56.0,,,n/a
16811.633,,phi4-mini:3.8b,run1_p0,128.02,58.0,,,n/a
16812.158,,phi4-mini:3.8b,run1_p0,128.92,59.0,,,n/a
16812.682,,phi4-mini:3.8b,run1_p0,129.22,58.0,,,n/a
16813.206,,phi4-mini:3.8b,run1_p0,129.61,59.0,,,n/a
16813.735,,phi4-mini:3.8b,run1_p0,129.99,60.0,,,n/a
16814.259,,phi4-mini:3.8b,run1_p0,130.26,60.0,,,n/a
16814.782,,phi4-mini:3.8b,run1_p0,130.37,61.0,,,n/a
16815.306,,phi4-mini:3.8b,run1_p0,130.50,60.0,,,n/a
16815.830,,phi4-mini:3.8b,run1_p0,130.78,61.0,,,n/a
16816.354,,phi4-mini:3.8b,run1_p0,130.61,61.0,,,n/a
16816.879,,phi4-mini:3.8b,run1_p0,130.54,61.0,,,n/a
16817.410,,phi4-mini:3.8b,run1_p1,123.00,61.0,,,n/a
16817.934,,phi4-mini:3.8b,run1_p1,114.95,60.0,,,n/a
16818.460,,phi4-mini:3.8b,run1_p1,114.33,61.0,,,n/a
16818.983,,phi4-mini:3.8b,run1_p1,130.86,61.0,,,n/a
16819.507,,phi4-mini:3.8b,run1_p1,131.55,62.0,,,n/a
16820.030,,phi4-mini:3.8b,run1_p1,131.72,61.0,,,n/a
16820.559,,phi4-mini:3.8b,run1_p2,106.47,62.0,,,n/a
16821.098,,phi4-mini:3.8b,run1_p3,71.29,51.0,,,n/a
16821.627,,phi4-mini:3.8b,run1_p4,79.05,56.0,,,n/a
16822.151,,phi4-mini:3.8b,run1_p4,100.62,62.0,,,n/a
16822.676,,phi4-mini:3.8b,run1_p4,121.72,62.0,,,n/a
16823.217,,phi4-mini:3.8b,run1_p5,92.89,51.0,,,n/a
16823.741,,phi4-mini:3.8b,run1_p5,80.88,60.0,,,n/a
16824.267,,phi4-mini:3.8b,run1_p5,119.06,62.0,,,n/a
16824.801,,phi4-mini:3.8b,run1_p6,95.76,52.0,,,n/a
16825.323,,phi4-mini:3.8b,run1_p6,80.99,58.0,,,n/a
16825.847,,phi4-mini:3.8b,run1_p6,116.53,62.0,,,n/a
16826.370,,phi4-mini:3.8b,run1_p6,131.48,62.0,,,n/a
16826.899,,phi4-mini:3.8b,run1_p6,131.80,63.0,,,n/a
16827.423,,phi4-mini:3.8b,run1_p6,132.12,63.0,,,n/a
16827.950,,phi4-mini:3.8b,run1_p6,132.06,63.0,,,n/a
16828.475,,phi4-mini:3.8b,run1_p7,121.51,55.0,,,n/a
16829.001,,phi4-mini:3.8b,run1_p7,108.13,62.0,,,n/a
16829.522,,phi4-mini:3.8b,run1_p7,118.65,63.0,,,n/a
16830.045,,phi4-mini:3.8b,run1_p7,132.29,63.0,,,n/a
16830.568,,phi4-mini:3.8b,run1_p7,132.82,64.0,,,n/a
16831.095,,phi4-mini:3.8b,run1_p7,132.23,64.0,,,n/a
16831.624,,phi4-mini:3.8b,run1_p7,131.61,64.0,,,n/a
16832.149,,phi4-mini:3.8b,run1_p7,131.08,64.0,,,n/a
16832.674,,phi4-mini:3.8b,run1_p7,129.23,63.0,,,n/a
16833.200,,phi4-mini:3.8b,run1_p7,128.88,64.0,,,n/a
16833.723,,phi4-mini:3.8b,run1_p7,130.37,64.0,,,n/a
16834.250,,phi4-mini:3.8b,run1_p8,102.19,53.0,,,n/a
16834.774,,phi4-mini:3.8b,run1_p8,93.44,63.0,,,n/a
16835.298,,phi4-mini:3.8b,run1_p8,114.45,64.0,,,n/a
16835.821,,phi4-mini:3.8b,run1_p8,132.06,64.0,,,n/a
16836.343,,phi4-mini:3.8b,run1_p8,132.72,64.0,,,n/a
16836.868,,phi4-mini:3.8b,run1_p8,131.90,64.0,,,n/a
16837.392,,phi4-mini:3.8b,run1_p8,131.26,64.0,,,n/a
16837.914,,phi4-mini:3.8b,run1_p8,131.55,64.0,,,n/a
16838.437,,phi4-mini:3.8b,run1_p8,132.54,65.0,,,n/a
16838.966,,phi4-mini:3.8b,run1_p9,94.02,56.0,,,n/a
16839.495,,phi4-mini:3.8b,run1_p9,79.05,52.0,,,n/a
16840.019,,phi4-mini:3.8b,run1_p9,118.23,64.0,,,n/a
16840.555,,phi4-mini:3.8b,run1_p10,103.26,53.0,,,n/a
16841.083,,phi4-mini:3.8b,run1_p10,86.24,62.0,,,n/a
16841.616,,phi4-mini:3.8b,run1_p10,115.08,64.0,,,n/a
16842.140,,phi4-mini:3.8b,run1_p10,131.68,64.0,,,n/a
16842.662,,phi4-mini:3.8b,run1_p10,132.33,65.0,,,n/a
16843.188,,phi4-mini:3.8b,run1_p10,132.47,64.0,,,n/a
16843.718,,phi4-mini:3.8b,run1_p10,131.20,64.0,,,n/a
16844.242,,phi4-mini:3.8b,run1_p10,130.91,65.0,,,n/a
16844.766,,phi4-mini:3.8b,run1_p10,131.72,65.0,,,n/a
16845.291,,phi4-mini:3.8b,run1_p10,130.89,64.0,,,n/a
16845.818,,phi4-mini:3.8b,run1_p10,130.47,65.0,,,n/a
16846.385,,phi4-mini:3.8b,run1_p11,91.14,64.0,,,n/a
16846.911,,phi4-mini:3.8b,run1_p11,86.96,63.0,,,n/a
16847.439,,phi4-mini:3.8b,run1_p11,118.47,65.0,,,n/a
16847.969,,phi4-mini:3.8b,run1_p11,130.79,64.0,,,n/a
16848.493,,phi4-mini:3.8b,run1_p11,129.74,64.0,,,n/a
16849.022,,phi4-mini:3.8b,run1_p11,128.98,65.0,,,n/a
16849.547,,phi4-mini:3.8b,run1_p11,128.23,64.0,,,n/a
16850.071,,phi4-mini:3.8b,run1_p11,130.11,65.0,,,n/a
16850.598,,phi4-mini:3.8b,run1_p11,133.92,65.0,,,n/a
16851.123,,phi4-mini:3.8b,run1_p11,131.50,66.0,,,n/a
16851.653,,phi4-mini:3.8b,run1_p11,128.96,64.0,,,n/a
16852.180,,phi4-mini:3.8b,run1_p11,128.85,65.0,,,n/a
16852.703,,phi4-mini:3.8b,run1_p11,129.54,65.0,,,n/a
16853.226,,phi4-mini:3.8b,run1_p11,133.06,66.0,,,n/a
16853.751,,phi4-mini:3.8b,run1_p11,134.24,66.0,,,n/a
16854.279,,phi4-mini:3.8b,run1_p12,100.96,55.0,,,n/a
16854.804,,phi4-mini:3.8b,run1_p12,87.35,64.0,,,n/a
16855.328,,phi4-mini:3.8b,run1_p12,115.42,66.0,,,n/a
16855.851,,phi4-mini:3.8b,run1_p12,133.55,65.0,,,n/a
16856.378,,phi4-mini:3.8b,run1_p12,133.59,66.0,,,n/a
16856.906,,phi4-mini:3.8b,run1_p12,132.52,66.0,,,n/a
16857.430,,phi4-mini:3.8b,run1_p12,132.56,66.0,,,n/a
16857.959,,phi4-mini:3.8b,run1_p13,116.21,66.0,,,n/a
16858.483,,phi4-mini:3.8b,run1_p13,101.17,54.0,,,n/a
16859.007,,phi4-mini:3.8b,run1_p13,117.55,65.0,,,n/a
16859.530,,phi4-mini:3.8b,run1_p13,132.74,65.0,,,n/a
16860.054,,phi4-mini:3.8b,run1_p13,133.66,66.0,,,n/a
16860.579,,phi4-mini:3.8b,run1_p13,134.39,66.0,,,n/a
16861.102,,phi4-mini:3.8b,run1_p13,134.46,66.0,,,n/a
16861.640,,phi4-mini:3.8b,run1_p14,121.42,66.0,,,n/a
16862.163,,phi4-mini:3.8b,run1_p14,108.62,64.0,,,n/a
16862.689,,phi4-mini:3.8b,run1_p14,120.08,66.0,,,n/a
16863.212,,phi4-mini:3.8b,run1_p14,133.82,65.0,,,n/a
16863.738,,phi4-mini:3.8b,run1_p14,134.55,66.0,,,n/a
16864.262,,phi4-mini:3.8b,run1_p14,134.72,67.0,,,n/a
16864.797,,phi4-mini:3.8b,run2_p0,110.75,66.0,,,n/a
16865.331,,phi4-mini:3.8b,run2_p1,100.26,54.0,,,n/a
16865.858,,phi4-mini:3.8b,run2_p1,110.84,58.0,,,n/a
16866.384,,phi4-mini:3.8b,run2_p1,120.89,66.0,,,n/a
16866.910,,phi4-mini:3.8b,run2_p1,133.74,66.0,,,n/a
16867.436,,phi4-mini:3.8b,run2_p1,134.03,66.0,,,n/a
16867.964,,phi4-mini:3.8b,run2_p1,134.39,66.0,,,n/a
16868.491,,phi4-mini:3.8b,run2_p1,134.55,66.0,,,n/a
16869.016,,phi4-mini:3.8b,run2_p1,134.66,66.0,,,n/a
16869.553,,phi4-mini:3.8b,run2_p2,86.78,55.0,,,n/a
16870.107,,phi4-mini:3.8b,run2_p2,78.76,60.0,,,n/a
16870.632,,phi4-mini:3.8b,run2_p2,126.41,65.0,,,n/a
16871.166,,phi4-mini:3.8b,run2_p3,89.16,60.0,,,n/a
16871.694,,phi4-mini:3.8b,run2_p4,63.78,53.0,,,n/a
16872.217,,phi4-mini:3.8b,run2_p4,96.54,64.0,,,n/a
16872.746,,phi4-mini:3.8b,run2_p4,117.09,65.0,,,n/a
16873.311,,phi4-mini:3.8b,run2_p5,124.81,66.0,,,n/a
16873.833,,phi4-mini:3.8b,run2_p5,115.37,65.0,,,n/a
16874.363,,phi4-mini:3.8b,run2_p5,124.31,66.0,,,n/a
16874.895,,phi4-mini:3.8b,run2_p6,120.19,65.0,,,n/a
16875.420,,phi4-mini:3.8b,run2_p6,104.97,61.0,,,n/a
16875.943,,phi4-mini:3.8b,run2_p6,118.84,65.0,,,n/a
16876.471,,phi4-mini:3.8b,run2_p6,134.15,66.0,,,n/a
16876.994,,phi4-mini:3.8b,run2_p6,134.42,66.0,,,n/a
16877.518,,phi4-mini:3.8b,run2_p6,134.82,66.0,,,n/a
16878.135,,phi4-mini:3.8b,run2_p7,132.43,66.0,,,n/a
16878.659,,phi4-mini:3.8b,run2_p7,122.29,65.0,,,n/a
16879.181,,phi4-mini:3.8b,run2_p7,124.87,66.0,,,n/a
16879.703,,phi4-mini:3.8b,run2_p7,135.19,66.0,,,n/a
16880.227,,phi4-mini:3.8b,run2_p7,135.32,66.0,,,n/a
16880.750,,phi4-mini:3.8b,run2_p7,135.69,66.0,,,n/a
16881.273,,phi4-mini:3.8b,run2_p7,132.68,65.0,,,n/a
16881.799,,phi4-mini:3.8b,run2_p7,130.46,66.0,,,n/a
16882.323,,phi4-mini:3.8b,run2_p7,131.31,65.0,,,n/a
16882.850,,phi4-mini:3.8b,run2_p7,131.87,66.0,,,n/a
16883.373,,phi4-mini:3.8b,run2_p7,130.78,66.0,,,n/a
16883.899,,phi4-mini:3.8b,run2_p7,131.28,65.0,,,n/a
16884.425,,phi4-mini:3.8b,run2_p7,131.11,66.0,,,n/a
16884.948,,phi4-mini:3.8b,run2_p7,131.68,67.0,,,n/a
16885.476,,phi4-mini:3.8b,run2_p7,131.51,65.0,,,n/a
16885.999,,phi4-mini:3.8b,run2_p7,130.14,66.0,,,n/a
16886.522,,phi4-mini:3.8b,run2_p7,131.38,66.0,,,n/a
16887.045,,phi4-mini:3.8b,run2_p7,130.95,66.0,,,n/a
16887.571,,phi4-mini:3.8b,run2_p7,131.37,66.0,,,n/a
16888.097,,phi4-mini:3.8b,run2_p7,133.61,66.0,,,n/a
16888.621,,phi4-mini:3.8b,run2_p7,135.12,66.0,,,n/a
16889.146,,phi4-mini:3.8b,run2_p7,133.49,66.0,,,n/a
16889.669,,phi4-mini:3.8b,run2_p7,133.97,66.0,,,n/a
16890.191,,phi4-mini:3.8b,run2_p7,136.19,67.0,,,n/a
16890.715,,phi4-mini:3.8b,run2_p7,136.13,66.0,,,n/a
16891.238,,phi4-mini:3.8b,run2_p7,136.09,66.0,,,n/a
16891.762,,phi4-mini:3.8b,run2_p7,136.04,67.0,,,n/a
16892.284,,phi4-mini:3.8b,run2_p7,136.14,67.0,,,n/a
16892.807,,phi4-mini:3.8b,run2_p7,136.27,67.0,,,n/a
16893.329,,phi4-mini:3.8b,run2_p7,136.44,67.0,,,n/a
16893.855,,phi4-mini:3.8b,run2_p7,136.29,66.0,,,n/a
16894.377,,phi4-mini:3.8b,run2_p7,135.72,67.0,,,n/a
16894.901,,phi4-mini:3.8b,run2_p7,135.85,67.0,,,n/a
16895.422,,phi4-mini:3.8b,run2_p7,136.43,66.0,,,n/a
16895.950,,phi4-mini:3.8b,run2_p8,99.68,67.0,,,n/a
16896.473,,phi4-mini:3.8b,run2_p8,89.51,54.0,,,n/a
16896.997,,phi4-mini:3.8b,run2_p8,116.96,66.0,,,n/a
16897.519,,phi4-mini:3.8b,run2_p8,135.54,66.0,,,n/a
16898.051,,phi4-mini:3.8b,run2_p8,135.94,67.0,,,n/a
16898.573,,phi4-mini:3.8b,run2_p8,135.93,67.0,,,n/a
16899.096,,phi4-mini:3.8b,run2_p8,136.09,66.0,,,n/a
16899.624,,phi4-mini:3.8b,run2_p9,106.46,56.0,,,n/a
16900.146,,phi4-mini:3.8b,run2_p9,89.82,64.0,,,n/a
16900.673,,phi4-mini:3.8b,run2_p10,102.87,66.0,,,n/a
16901.200,,phi4-mini:3.8b,run2_p10,105.17,62.0,,,n/a
16901.724,,phi4-mini:3.8b,run2_p10,120.96,66.0,,,n/a
16902.248,,phi4-mini:3.8b,run2_p10,134.00,67.0,,,n/a
16902.771,,phi4-mini:3.8b,run2_p10,134.05,67.0,,,n/a
16903.294,,phi4-mini:3.8b,run2_p10,135.01,66.0,,,n/a
16903.824,,phi4-mini:3.8b,run2_p11,98.61,66.0,,,n/a
16904.347,,phi4-mini:3.8b,run2_p11,89.29,65.0,,,n/a
16904.869,,phi4-mini:3.8b,run2_p11,117.50,66.0,,,n/a
16905.393,,phi4-mini:3.8b,run2_p11,135.33,66.0,,,n/a
16905.916,,phi4-mini:3.8b,run2_p11,135.10,66.0,,,n/a
16906.448,,phi4-mini:3.8b,run2_p11,134.73,66.0,,,n/a
16906.974,,phi4-mini:3.8b,run2_p11,135.02,67.0,,,n/a
17448.201,,phi4-mini:3.8b,run3_p0,131.70,67.0,,,n/a
17448.743,,phi4-mini:3.8b,run3_p1,104.82,58.0,,,n/a
17449.268,,phi4-mini:3.8b,run3_p2,71.16,54.0,,,n/a
17449.793,,phi4-mini:3.8b,run3_p2,80.39,65.0,,,n/a
17450.318,,phi4-mini:3.8b,run3_p2,120.50,66.0,,,n/a
17450.841,,phi4-mini:3.8b,run3_p2,134.81,67.0,,,n/a
17451.365,,phi4-mini:3.8b,run3_p2,135.33,66.0,,,n/a
17451.888,,phi4-mini:3.8b,run3_p2,134.59,66.0,,,n/a
17452.411,,phi4-mini:3.8b,run3_p2,134.16,66.0,,,n/a
17452.967,,phi4-mini:3.8b,run3_p2,134.31,66.0,,,n/a
17453.493,,phi4-mini:3.8b,run3_p3,103.57,67.0,,,n/a
17454.040,,phi4-mini:3.8b,run3_p4,78.31,54.0,,,n/a
17454.564,,phi4-mini:3.8b,run3_p4,96.30,54.0,,,n/a
17455.093,,phi4-mini:3.8b,run3_p5,82.07,54.0,,,n/a
17455.624,,phi4-mini:3.8b,run3_p6,57.17,54.0,,,n/a
17456.153,,phi4-mini:3.8b,run3_p7,67.38,55.0,,,n/a
17456.691,,phi4-mini:3.8b,run3_p8,71.18,60.0,,,n/a
17457.219,,phi4-mini:3.8b,run3_p9,60.44,53.0,,,n/a
17457.747,,phi4-mini:3.8b,run3_p10,44.87,52.0,,,n/a
17458.277,,phi4-mini:3.8b,run3_p11,58.35,60.0,,,n/a
17458.810,,phi4-mini:3.8b,run3_p12,65.17,57.0,,,n/a
17459.338,,phi4-mini:3.8b,run3_p13,55.45,52.0,,,n/a
17459.865,,phi4-mini:3.8b,run3_p14,55.31,51.0,,,n/a
17483.496,,phi3:mini,idle,32.39,45.0,,,n/a
17484.030,,phi3:mini,idle,24.38,45.0,,,n/a
17484.556,,phi3:mini,idle,18.09,44.0,,,n/a
17485.080,,phi3:mini,idle,14.77,44.0,,,n/a
17485.604,,phi3:mini,idle,13.45,44.0,,,n/a
17486.127,,phi3:mini,idle,12.92,44.0,,,n/a
17486.653,,phi3:mini,idle,12.43,44.0,,,n/a
17487.178,,phi3:mini,idle,12.69,44.0,,,n/a
17487.704,,phi3:mini,idle,12.89,44.0,,,n/a
17488.235,,phi3:mini,idle,12.94,44.0,,,n/a
17488.759,,phi3:mini,idle,13.03,44.0,,,n/a
17489.283,,phi3:mini,idle,13.09,44.0,,,n/a
17489.808,,phi3:mini,idle,13.22,44.0,,,n/a
17490.334,,phi3:mini,idle,12.93,43.0,,,n/a
17490.860,,phi3:mini,idle,12.61,43.0,,,n/a
17491.386,,phi3:mini,idle,12.82,43.0,,,n/a
17491.912,,phi3:mini,idle,12.81,43.0,,,n/a
17492.437,,phi3:mini,idle,12.77,43.0,,,n/a
17492.964,,phi3:mini,idle,12.73,43.0,,,n/a
17493.497,,phi3:mini,idle,12.78,43.0,,,n/a
17494.049,,phi3:mini,run1_p0,13.05,43.0,,,n/a
17494.632,,phi3:mini,run1_p0,37.16,49.0,,,n/a
17495.157,,phi3:mini,run1_p0,84.07,55.0,,,n/a
17495.681,,phi3:mini,run1_p0,116.43,56.0,,,n/a
17496.204,,phi3:mini,run1_p0,117.24,57.0,,,n/a
17496.729,,phi3:mini,run1_p0,117.61,57.0,,,n/a
17497.255,,phi3:mini,run1_p0,117.73,58.0,,,n/a
17497.780,,phi3:mini,run1_p0,117.69,58.0,,,n/a
17498.311,,phi3:mini,run1_p1,110.72,58.0,,,n/a
17498.837,,phi3:mini,run1_p1,111.11,56.0,,,n/a
17499.361,,phi3:mini,run1_p1,112.65,59.0,,,n/a
17499.887,,phi3:mini,run1_p1,119.34,59.0,,,n/a
17500.443,,phi3:mini,run1_p1,119.45,59.0,,,n/a
17501.056,,phi3:mini,run1_p1,119.19,59.0,,,n/a
17501.579,,phi3:mini,run1_p1,118.92,59.0,,,n/a
17502.118,,phi3:mini,run1_p2,116.14,60.0,,,n/a
17502.642,,phi3:mini,run1_p2,116.55,59.0,,,n/a
17503.167,,phi3:mini,run1_p2,116.79,60.0,,,n/a
17503.692,,phi3:mini,run1_p2,119.72,60.0,,,n/a
17504.217,,phi3:mini,run1_p2,120.11,61.0,,,n/a
17504.741,,phi3:mini,run1_p2,120.00,60.0,,,n/a
17505.286,,phi3:mini,run1_p3,85.36,51.0,,,n/a
17505.812,,phi3:mini,run1_p3,80.90,60.0,,,n/a
17506.342,,phi3:mini,run1_p4,115.56,61.0,,,n/a
17506.866,,phi3:mini,run1_p4,117.43,61.0,,,n/a
17507.422,,phi3:mini,run1_p5,112.19,61.0,,,n/a
17507.948,,phi3:mini,run1_p5,112.79,60.0,,,n/a
17508.471,,phi3:mini,run1_p5,118.24,61.0,,,n/a
17508.999,,phi3:mini,run1_p6,87.94,54.0,,,n/a
17509.524,,phi3:mini,run1_p6,81.46,57.0,,,n/a
17510.049,,phi3:mini,run1_p6,114.29,61.0,,,n/a
17510.573,,phi3:mini,run1_p6,120.84,61.0,,,n/a
17511.098,,phi3:mini,run1_p6,121.11,61.0,,,n/a
17511.620,,phi3:mini,run1_p6,120.61,62.0,,,n/a
17512.146,,phi3:mini,run1_p6,120.00,62.0,,,n/a
17512.670,,phi3:mini,run1_p6,120.08,62.0,,,n/a
17513.194,,phi3:mini,run1_p6,120.29,62.0,,,n/a
17513.718,,phi3:mini,run1_p6,120.61,62.0,,,n/a
17514.242,,phi3:mini,run1_p6,120.56,62.0,,,n/a
17514.765,,phi3:mini,run1_p6,120.21,62.0,,,n/a
17515.289,,phi3:mini,run1_p6,120.20,62.0,,,n/a
17515.812,,phi3:mini,run1_p6,120.26,62.0,,,n/a
17516.336,,phi3:mini,run1_p6,120.61,62.0,,,n/a
17516.862,,phi3:mini,run1_p7,113.77,55.0,,,n/a
17517.387,,phi3:mini,run1_p7,110.26,62.0,,,n/a
17517.911,,phi3:mini,run1_p7,117.35,63.0,,,n/a
17518.436,,phi3:mini,run1_p7,121.78,63.0,,,n/a
17518.961,,phi3:mini,run1_p7,121.81,63.0,,,n/a
17519.485,,phi3:mini,run1_p7,121.65,63.0,,,n/a
17520.009,,phi3:mini,run1_p7,121.44,63.0,,,n/a
17520.533,,phi3:mini,run1_p7,121.54,62.0,,,n/a
17521.057,,phi3:mini,run1_p7,121.71,63.0,,,n/a
17521.579,,phi3:mini,run1_p7,121.69,63.0,,,n/a
17522.103,,phi3:mini,run1_p7,121.69,63.0,,,n/a
17522.627,,phi3:mini,run1_p7,121.60,63.0,,,n/a
17523.150,,phi3:mini,run1_p7,121.68,63.0,,,n/a
17523.674,,phi3:mini,run1_p7,121.79,63.0,,,n/a
17524.198,,phi3:mini,run1_p7,121.62,63.0,,,n/a
17524.722,,phi3:mini,run1_p7,121.41,63.0,,,n/a
17525.245,,phi3:mini,run1_p7,121.15,63.0,,,n/a
17525.776,,phi3:mini,run1_p8,92.90,54.0,,,n/a
17526.301,,phi3:mini,run1_p8,90.60,62.0,,,n/a
17526.827,,phi3:mini,run1_p8,119.29,63.0,,,n/a
17527.352,,phi3:mini,run1_p8,122.07,63.0,,,n/a
17527.876,,phi3:mini,run1_p8,122.32,63.0,,,n/a
17528.399,,phi3:mini,run1_p8,122.37,64.0,,,n/a
17528.926,,phi3:mini,run1_p8,122.18,64.0,,,n/a
17529.450,,phi3:mini,run1_p8,122.12,64.0,,,n/a
17529.977,,phi3:mini,run1_p9,112.08,63.0,,,n/a
17530.501,,phi3:mini,run1_p9,107.62,63.0,,,n/a
17531.025,,phi3:mini,run1_p9,117.96,64.0,,,n/a
17531.563,,phi3:mini,run1_p10,111.87,57.0,,,n/a
17532.088,,phi3:mini,run1_p10,105.57,63.0,,,n/a
17532.611,,phi3:mini,run1_p10,116.28,64.0,,,n/a
17533.136,,phi3:mini,run1_p10,122.59,64.0,,,n/a
17533.660,,phi3:mini,run1_p10,122.79,64.0,,,n/a
17534.186,,phi3:mini,run1_p10,122.66,64.0,,,n/a
17534.710,,phi3:mini,run1_p10,122.09,64.0,,,n/a
17535.243,,phi3:mini,run1_p11,103.88,64.0,,,n/a
17535.767,,phi3:mini,run1_p11,98.94,60.0,,,n/a
17536.292,,phi3:mini,run1_p11,117.35,64.0,,,n/a
17536.821,,phi3:mini,run1_p11,122.87,64.0,,,n/a
17537.343,,phi3:mini,run1_p11,122.99,64.0,,,n/a
17537.868,,phi3:mini,run1_p11,122.47,64.0,,,n/a
17538.394,,phi3:mini,run1_p11,122.33,64.0,,,n/a
17538.918,,phi3:mini,run1_p11,122.44,64.0,,,n/a
17539.443,,phi3:mini,run1_p11,121.59,64.0,,,n/a
17539.966,,phi3:mini,run1_p11,120.75,63.0,,,n/a
17540.491,,phi3:mini,run1_p11,120.26,63.0,,,n/a
17541.015,,phi3:mini,run1_p11,120.05,64.0,,,n/a
17541.538,,phi3:mini,run1_p11,120.11,64.0,,,n/a
17542.062,,phi3:mini,run1_p11,120.05,63.0,,,n/a
17542.586,,phi3:mini,run1_p11,120.29,64.0,,,n/a
17543.110,,phi3:mini,run1_p11,120.21,64.0,,,n/a
17543.634,,phi3:mini,run1_p11,119.54,63.0,,,n/a
17544.160,,phi3:mini,run1_p11,119.28,63.0,,,n/a
17544.684,,phi3:mini,run1_p11,119.42,63.0,,,n/a
17545.218,,phi3:mini,run1_p12,117.76,63.0,,,n/a
17545.742,,phi3:mini,run1_p12,116.69,63.0,,,n/a
17546.268,,phi3:mini,run1_p12,119.33,64.0,,,n/a
17546.794,,phi3:mini,run1_p12,120.89,64.0,,,n/a
17547.317,,phi3:mini,run1_p12,120.73,64.0,,,n/a
17547.843,,phi3:mini,run1_p12,120.69,64.0,,,n/a
17548.369,,phi3:mini,run1_p12,120.40,64.0,,,n/a
17548.893,,phi3:mini,run1_p12,120.20,64.0,,,n/a
17549.416,,phi3:mini,run1_p12,120.33,64.0,,,n/a
17549.940,,phi3:mini,run1_p12,120.40,64.0,,,n/a
17550.463,,phi3:mini,run1_p12,120.16,64.0,,,n/a
17550.999,,phi3:mini,run1_p13,110.54,57.0,,,n/a
17551.523,,phi3:mini,run1_p13,105.64,64.0,,,n/a
17552.047,,phi3:mini,run1_p13,115.43,64.0,,,n/a
17552.571,,phi3:mini,run1_p13,121.08,64.0,,,n/a
17553.095,,phi3:mini,run1_p13,121.22,64.0,,,n/a
17553.619,,phi3:mini,run1_p13,120.86,64.0,,,n/a
17554.143,,phi3:mini,run1_p13,121.39,64.0,,,n/a
17554.667,,phi3:mini,run1_p13,122.39,64.0,,,n/a
17555.192,,phi3:mini,run1_p13,122.81,64.0,,,n/a
17555.716,,phi3:mini,run1_p13,122.72,64.0,,,n/a
17556.241,,phi3:mini,run1_p13,122.59,64.0,,,n/a
17556.767,,phi3:mini,run1_p13,122.69,64.0,,,n/a
17557.291,,phi3:mini,run1_p13,122.67,64.0,,,n/a
17557.847,,phi3:mini,run1_p14,106.65,58.0,,,n/a
17558.370,,phi3:mini,run1_p14,106.25,64.0,,,n/a
17558.894,,phi3:mini,run1_p14,122.79,64.0,,,n/a
17559.418,,phi3:mini,run1_p14,123.72,64.0,,,n/a
17559.944,,phi3:mini,run1_p14,123.37,64.0,,,n/a
17560.470,,phi3:mini,run1_p14,122.88,64.0,,,n/a
17560.995,,phi3:mini,run1_p14,122.58,64.0,,,n/a
17561.524,,phi3:mini,run1_p14,122.68,64.0,,,n/a
17562.052,,phi3:mini,run1_p14,122.55,64.0,,,n/a
17562.577,,phi3:mini,run1_p14,122.54,64.0,,,n/a
17563.101,,phi3:mini,run1_p14,122.73,64.0,,,n/a
17563.625,,phi3:mini,run1_p14,122.72,64.0,,,n/a
17564.150,,phi3:mini,run1_p14,122.57,64.0,,,n/a
17564.676,,phi3:mini,run1_p14,122.61,64.0,,,n/a
17565.203,,phi3:mini,run1_p14,122.72,64.0,,,n/a
17565.730,,phi3:mini,run1_p14,122.56,64.0,,,n/a
17566.254,,phi3:mini,run1_p14,122.36,64.0,,,n/a
17566.779,,phi3:mini,run1_p14,122.20,64.0,,,n/a
17567.323,,phi3:mini,run2_p0,114.97,64.0,,,n/a
17567.849,,phi3:mini,run2_p0,110.13,62.0,,,n/a
17568.373,,phi3:mini,run2_p0,117.94,64.0,,,n/a
17568.902,,phi3:mini,run2_p0,123.60,65.0,,,n/a
17569.435,,phi3:mini,run2_p1,109.18,57.0,,,n/a
17569.960,,phi3:mini,run2_p1,104.79,64.0,,,n/a
17570.484,,phi3:mini,run2_p1,118.94,64.0,,,n/a
17571.047,,phi3:mini,run2_p2,102.12,60.0,,,n/a
17571.571,,phi3:mini,run2_p2,103.97,63.0,,,n/a
17572.094,,phi3:mini,run2_p2,117.00,64.0,,,n/a
17572.618,,phi3:mini,run2_p2,123.16,64.0,,,n/a
17573.153,,phi3:mini,run2_p3,102.07,65.0,,,n/a
17573.676,,phi3:mini,run2_p3,98.33,61.0,,,n/a
17574.210,,phi3:mini,run2_p4,112.79,64.0,,,n/a
17574.734,,phi3:mini,run2_p4,113.54,64.0,,,n/a
17575.262,,phi3:mini,run2_p5,110.68,58.0,,,n/a
17575.788,,phi3:mini,run2_p5,111.83,64.0,,,n/a
17576.313,,phi3:mini,run2_p5,119.57,64.0,,,n/a
17576.859,,phi3:mini,run2_p6,90.88,55.0,,,n/a
17577.382,,phi3:mini,run2_p6,85.17,63.0,,,n/a
17577.905,,phi3:mini,run2_p6,117.64,64.0,,,n/a
17578.429,,phi3:mini,run2_p6,123.81,64.0,,,n/a
17578.952,,phi3:mini,run2_p6,123.96,64.0,,,n/a
17579.475,,phi3:mini,run2_p6,123.58,64.0,,,n/a
17579.999,,phi3:mini,run2_p6,123.38,64.0,,,n/a
17580.526,,phi3:mini,run2_p6,123.33,64.0,,,n/a
17581.048,,phi3:mini,run2_p6,123.31,64.0,,,n/a
17581.571,,phi3:mini,run2_p6,123.52,64.0,,,n/a
17582.095,,phi3:mini,run2_p6,123.40,64.0,,,n/a
17582.635,,phi3:mini,run2_p7,118.53,64.0,,,n/a
17583.158,,phi3:mini,run2_p7,117.61,64.0,,,n/a
17583.683,,phi3:mini,run2_p7,122.69,64.0,,,n/a
17584.205,,phi3:mini,run2_p7,124.09,65.0,,,n/a
17584.728,,phi3:mini,run2_p7,124.08,65.0,,,n/a
17585.254,,phi3:mini,run2_p7,123.68,64.0,,,n/a
17585.778,,phi3:mini,run2_p7,123.14,64.0,,,n/a
17586.322,,phi3:mini,run2_p8,95.57,64.0,,,n/a
17586.846,,phi3:mini,run2_p8,93.75,59.0,,,n/a
17587.373,,phi3:mini,run2_p8,119.73,64.0,,,n/a
17587.904,,phi3:mini,run2_p8,120.21,64.0,,,n/a
17588.473,,phi3:mini,run2_p9,111.25,64.0,,,n/a
17589.000,,phi3:mini,run2_p9,112.87,64.0,,,n/a
17589.525,,phi3:mini,run2_p9,119.30,63.0,,,n/a
17590.051,,phi3:mini,run2_p10,91.18,57.0,,,n/a
17590.575,,phi3:mini,run2_p10,90.93,62.0,,,n/a
17591.098,,phi3:mini,run2_p10,119.30,64.0,,,n/a
17591.624,,phi3:mini,run2_p10,123.91,64.0,,,n/a
17592.147,,phi3:mini,run2_p10,123.87,64.0,,,n/a
17592.671,,phi3:mini,run2_p10,121.40,64.0,,,n/a
17593.195,,phi3:mini,run2_p10,119.43,63.0,,,n/a
17593.718,,phi3:mini,run2_p10,120.32,64.0,,,n/a
17594.242,,phi3:mini,run2_p10,121.06,64.0,,,n/a
17594.766,,phi3:mini,run2_p10,120.72,63.0,,,n/a
17595.313,,phi3:mini,run2_p11,97.07,56.0,,,n/a
17595.836,,phi3:mini,run2_p11,95.15,63.0,,,n/a
17596.359,,phi3:mini,run2_p11,119.60,64.0,,,n/a
17596.884,,phi3:mini,run2_p11,123.54,64.0,,,n/a
17597.408,,phi3:mini,run2_p11,121.24,63.0,,,n/a
17597.933,,phi3:mini,run2_p11,121.26,64.0,,,n/a
17598.457,,phi3:mini,run2_p11,123.15,64.0,,,n/a
17598.984,,phi3:mini,run2_p11,121.85,64.0,,,n/a
17599.507,,phi3:mini,run2_p11,121.21,63.0,,,n/a
17600.030,,phi3:mini,run2_p11,122.30,64.0,,,n/a
17600.553,,phi3:mini,run2_p11,122.95,64.0,,,n/a
17601.079,,phi3:mini,run2_p11,122.11,64.0,,,n/a
17601.602,,phi3:mini,run2_p11,121.93,64.0,,,n/a
17602.125,,phi3:mini,run2_p11,122.65,64.0,,,n/a
17602.650,,phi3:mini,run2_p11,123.35,64.0,,,n/a
17603.173,,phi3:mini,run2_p11,122.17,64.0,,,n/a
17603.695,,phi3:mini,run2_p11,121.89,64.0,,,n/a
17604.218,,phi3:mini,run2_p11,122.91,64.0,,,n/a
17604.742,,phi3:mini,run2_p11,123.09,64.0,,,n/a
17605.266,,phi3:mini,run2_p11,122.89,64.0,,,n/a
17605.789,,phi3:mini,run2_p11,122.79,64.0,,,n/a
17606.314,,phi3:mini,run2_p11,122.66,64.0,,,n/a
17606.840,,phi3:mini,run2_p11,121.06,64.0,,,n/a
17607.364,,phi3:mini,run2_p11,120.80,64.0,,,n/a
17607.889,,phi3:mini,run2_p11,122.07,64.0,,,n/a
17608.414,,phi3:mini,run2_p11,122.36,64.0,,,n/a
17608.938,,phi3:mini,run2_p11,121.97,64.0,,,n/a
17609.462,,phi3:mini,run2_p11,121.60,64.0,,,n/a
17609.984,,phi3:mini,run2_p11,121.73,64.0,,,n/a
17610.508,,phi3:mini,run2_p11,121.92,64.0,,,n/a
17611.033,,phi3:mini,run2_p11,121.63,64.0,,,n/a
17611.558,,phi3:mini,run2_p11,120.47,64.0,,,n/a
17612.084,,phi3:mini,run2_p11,120.08,64.0,,,n/a
17612.609,,phi3:mini,run2_p11,120.18,63.0,,,n/a
17613.133,,phi3:mini,run2_p11,118.78,64.0,,,n/a
17613.671,,phi3:mini,run2_p12,97.85,55.0,,,n/a
17614.195,,phi3:mini,run2_p12,96.91,64.0,,,n/a
17614.718,,phi3:mini,run2_p12,119.96,64.0,,,n/a
17615.244,,phi3:mini,run2_p12,123.48,64.0,,,n/a
17615.768,,phi3:mini,run2_p12,123.91,65.0,,,n/a
17616.293,,phi3:mini,run2_p12,123.38,64.0,,,n/a
17616.818,,phi3:mini,run2_p12,122.92,64.0,,,n/a
17617.342,,phi3:mini,run2_p12,122.99,64.0,,,n/a
17617.868,,phi3:mini,run2_p12,123.17,64.0,,,n/a
17618.399,,phi3:mini,run2_p13,109.29,64.0,,,n/a
17618.926,,phi3:mini,run2_p13,108.80,61.0,,,n/a
17619.452,,phi3:mini,run2_p13,122.84,64.0,,,n/a
17619.978,,phi3:mini,run2_p13,123.52,65.0,,,n/a
17620.503,,phi3:mini,run2_p13,123.73,64.0,,,n/a
17621.029,,phi3:mini,run2_p13,123.63,64.0,,,n/a
17621.554,,phi3:mini,run2_p13,121.90,64.0,,,n/a
17622.082,,phi3:mini,run2_p13,120.69,64.0,,,n/a
17622.606,,phi3:mini,run2_p13,119.46,63.0,,,n/a
17623.130,,phi3:mini,run2_p13,118.07,64.0,,,n/a
17623.655,,phi3:mini,run2_p13,118.86,64.0,,,n/a
17624.180,,phi3:mini,run2_p13,120.05,64.0,,,n/a
17624.705,,phi3:mini,run2_p13,120.35,64.0,,,n/a
17625.228,,phi3:mini,run2_p13,120.52,64.0,,,n/a
17625.752,,phi3:mini,run2_p13,120.07,64.0,,,n/a
17626.285,,phi3:mini,run2_p14,97.90,55.0,,,n/a
17626.810,,phi3:mini,run2_p14,98.60,64.0,,,n/a
17627.333,,phi3:mini,run2_p14,121.40,64.0,,,n/a
17627.857,,phi3:mini,run2_p14,122.83,64.0,,,n/a
17628.381,,phi3:mini,run2_p14,123.36,64.0,,,n/a
17628.907,,phi3:mini,run2_p14,122.38,64.0,,,n/a
17629.431,,phi3:mini,run2_p14,122.10,64.0,,,n/a
17629.962,,phi3:mini,run2_p14,122.61,64.0,,,n/a
17630.488,,phi3:mini,run2_p14,122.68,64.0,,,n/a
17631.013,,phi3:mini,run2_p14,122.95,64.0,,,n/a
17631.542,,phi3:mini,run2_p14,122.63,64.0,,,n/a
17632.077,,phi3:mini,run2_p14,122.54,64.0,,,n/a
17632.601,,phi3:mini,run2_p14,122.85,64.0,,,n/a
17633.132,,phi3:mini,run3_p0,100.98,55.0,,,n/a
17633.657,,phi3:mini,run3_p0,96.37,64.0,,,n/a
17634.183,,phi3:mini,run3_p0,118.30,64.0,,,n/a
17634.709,,phi3:mini,run3_p0,123.08,64.0,,,n/a
17635.248,,phi3:mini,run3_p1,101.68,59.0,,,n/a
17635.773,,phi3:mini,run3_p1,98.85,63.0,,,n/a
17636.295,,phi3:mini,run3_p1,120.35,64.0,,,n/a
17636.834,,phi3:mini,run3_p2,87.66,57.0,,,n/a
17637.395,,phi3:mini,run3_p2,82.92,60.0,,,n/a
17637.918,,phi3:mini,run3_p2,118.48,64.0,,,n/a
17638.454,,phi3:mini,run3_p3,110.83,57.0,,,n/a
17638.992,,phi3:mini,run3_p4,107.39,63.0,,,n/a
17639.516,,phi3:mini,run3_p4,111.82,64.0,,,n/a
17640.039,,phi3:mini,run3_p4,116.47,64.0,,,n/a
17640.563,,phi3:mini,run3_p4,123.29,64.0,,,n/a
17641.086,,phi3:mini,run3_p4,123.26,64.0,,,n/a
17641.610,,phi3:mini,run3_p4,123.09,64.0,,,n/a
17642.136,,phi3:mini,run3_p4,122.80,64.0,,,n/a
17642.660,,phi3:mini,run3_p4,122.70,64.0,,,n/a
17643.184,,phi3:mini,run3_p4,122.57,64.0,,,n/a
17643.710,,phi3:mini,run3_p4,122.69,64.0,,,n/a
17644.234,,phi3:mini,run3_p4,122.74,64.0,,,n/a
17644.758,,phi3:mini,run3_p4,122.78,64.0,,,n/a
17645.286,,phi3:mini,run3_p4,122.88,64.0,,,n/a
17645.813,,phi3:mini,run3_p4,122.19,64.0,,,n/a
17646.339,,phi3:mini,run3_p4,121.04,64.0,,,n/a
17646.864,,phi3:mini,run3_p4,120.04,64.0,,,n/a
17647.389,,phi3:mini,run3_p4,117.24,63.0,,,n/a
17647.913,,phi3:mini,run3_p4,118.75,64.0,,,n/a
17648.437,,phi3:mini,run3_p4,122.47,64.0,,,n/a
17648.960,,phi3:mini,run3_p4,122.36,64.0,,,n/a
17649.484,,phi3:mini,run3_p4,122.49,64.0,,,n/a
17650.012,,phi3:mini,run3_p5,103.39,64.0,,,n/a
17650.536,,phi3:mini,run3_p5,101.12,59.0,,,n/a
17651.084,,phi3:mini,run3_p6,111.91,58.0,,,n/a
17651.607,,phi3:mini,run3_p6,113.31,64.0,,,n/a
17652.138,,phi3:mini,run3_p6,121.84,64.0,,,n/a
17652.665,,phi3:mini,run3_p6,122.89,64.0,,,n/a
17653.189,,phi3:mini,run3_p6,123.05,64.0,,,n/a
17653.714,,phi3:mini,run3_p6,121.83,64.0,,,n/a
17654.243,,phi3:mini,run3_p6,120.64,64.0,,,n/a
17654.767,,phi3:mini,run3_p6,119.85,64.0,,,n/a
17655.293,,phi3:mini,run3_p6,119.97,64.0,,,n/a
17655.822,,phi3:mini,run3_p6,117.42,63.0,,,n/a
17656.347,,phi3:mini,run3_p6,116.75,64.0,,,n/a
17656.872,,phi3:mini,run3_p6,120.31,64.0,,,n/a
17657.396,,phi3:mini,run3_p6,121.02,64.0,,,n/a
17657.960,,phi3:mini,run3_p7,112.43,63.0,,,n/a
17658.484,,phi3:mini,run3_p7,113.35,64.0,,,n/a
17659.009,,phi3:mini,run3_p7,117.86,64.0,,,n/a
17659.535,,phi3:mini,run3_p7,122.98,65.0,,,n/a
17660.061,,phi3:mini,run3_p7,123.06,64.0,,,n/a
17660.584,,phi3:mini,run3_p7,122.78,64.0,,,n/a
17661.108,,phi3:mini,run3_p7,122.65,64.0,,,n/a
17661.632,,phi3:mini,run3_p7,122.67,64.0,,,n/a
17662.161,,phi3:mini,run3_p7,121.14,64.0,,,n/a
17662.705,,phi3:mini,run3_p7,120.46,64.0,,,n/a
17663.232,,phi3:mini,run3_p7,120.61,64.0,,,n/a
17663.767,,phi3:mini,run3_p7,120.70,64.0,,,n/a
17664.291,,phi3:mini,run3_p7,121.70,64.0,,,n/a
17664.821,,phi3:mini,run3_p7,121.86,64.0,,,n/a
17665.362,,phi3:mini,run3_p7,120.64,64.0,,,n/a
17665.891,,phi3:mini,run3_p7,120.37,64.0,,,n/a
17666.421,,phi3:mini,run3_p7,121.76,64.0,,,n/a
17666.953,,phi3:mini,run3_p8,91.33,58.0,,,n/a
17667.479,,phi3:mini,run3_p8,87.52,60.0,,,n/a
17668.011,,phi3:mini,run3_p8,118.30,64.0,,,n/a
17668.560,,phi3:mini,run3_p8,121.81,64.0,,,n/a
17669.086,,phi3:mini,run3_p8,122.22,64.0,,,n/a
17669.614,,phi3:mini,run3_p8,122.11,64.0,,,n/a
17670.146,,phi3:mini,run3_p9,119.31,64.0,,,n/a
17670.672,,phi3:mini,run3_p9,117.10,64.0,,,n/a
17671.197,,phi3:mini,run3_p9,120.37,64.0,,,n/a
17671.742,,phi3:mini,run3_p9,123.12,64.0,,,n/a
17672.265,,phi3:mini,run3_p9,121.80,64.0,,,n/a
17672.790,,phi3:mini,run3_p9,121.94,64.0,,,n/a
17673.320,,phi3:mini,run3_p10,94.20,64.0,,,n/a
17673.843,,phi3:mini,run3_p10,93.41,59.0,,,n/a
17674.368,,phi3:mini,run3_p10,122.22,64.0,,,n/a
17674.894,,phi3:mini,run3_p10,123.11,64.0,,,n/a
17675.418,,phi3:mini,run3_p10,123.30,64.0,,,n/a
17675.942,,phi3:mini,run3_p10,123.19,64.0,,,n/a
17676.476,,phi3:mini,run3_p10,122.32,64.0,,,n/a
17677.000,,phi3:mini,run3_p10,120.88,64.0,,,n/a
17677.524,,phi3:mini,run3_p10,121.36,64.0,,,n/a
17678.047,,phi3:mini,run3_p10,122.85,64.0,,,n/a
17678.572,,phi3:mini,run3_p10,122.88,64.0,,,n/a
17679.111,,phi3:mini,run3_p11,120.25,64.0,,,n/a
17679.635,,phi3:mini,run3_p11,115.91,63.0,,,n/a
17680.159,,phi3:mini,run3_p11,118.87,64.0,,,n/a
17680.683,,phi3:mini,run3_p11,123.92,64.0,,,n/a
17681.208,,phi3:mini,run3_p11,123.74,64.0,,,n/a
17681.739,,phi3:mini,run3_p11,122.75,64.0,,,n/a
17682.266,,phi3:mini,run3_p11,120.83,64.0,,,n/a
17682.793,,phi3:mini,run3_p11,120.54,64.0,,,n/a
17683.318,,phi3:mini,run3_p11,121.99,64.0,,,n/a
17683.841,,phi3:mini,run3_p11,123.06,64.0,,,n/a
17684.370,,phi3:mini,run3_p11,121.70,64.0,,,n/a
17684.901,,phi3:mini,run3_p11,120.45,64.0,,,n/a
17685.435,,phi3:mini,run3_p11,121.10,64.0,,,n/a
17685.966,,phi3:mini,run3_p11,122.00,64.0,,,n/a
17686.490,,phi3:mini,run3_p11,122.93,64.0,,,n/a
17687.016,,phi3:mini,run3_p11,122.33,64.0,,,n/a
17687.545,,phi3:mini,run3_p11,121.75,64.0,,,n/a
17688.070,,phi3:mini,run3_p11,120.58,63.0,,,n/a
17688.596,,phi3:mini,run3_p11,119.49,64.0,,,n/a
17689.120,,phi3:mini,run3_p11,119.61,64.0,,,n/a
17689.652,,phi3:mini,run3_p12,110.52,64.0,,,n/a
17690.181,,phi3:mini,run3_p12,110.80,63.0,,,n/a
17690.707,,phi3:mini,run3_p12,122.51,64.0,,,n/a
17691.231,,phi3:mini,run3_p12,124.01,64.0,,,n/a
17691.757,,phi3:mini,run3_p12,124.11,64.0,,,n/a
17692.289,,phi3:mini,run3_p12,123.70,64.0,,,n/a
17692.818,,phi3:mini,run3_p12,123.16,64.0,,,n/a
17693.347,,phi3:mini,run3_p13,88.50,64.0,,,n/a
17693.870,,phi3:mini,run3_p13,87.04,64.0,,,n/a
17694.396,,phi3:mini,run3_p13,122.17,64.0,,,n/a
17694.918,,phi3:mini,run3_p13,124.17,64.0,,,n/a
17695.442,,phi3:mini,run3_p13,124.32,64.0,,,n/a
17695.972,,phi3:mini,run3_p13,122.50,64.0,,,n/a
17696.496,,phi3:mini,run3_p13,119.79,64.0,,,n/a
17697.024,,phi3:mini,run3_p13,118.62,64.0,,,n/a
17697.548,,phi3:mini,run3_p13,118.97,64.0,,,n/a
17698.075,,phi3:mini,run3_p13,119.43,64.0,,,n/a
17698.599,,phi3:mini,run3_p13,120.20,64.0,,,n/a
17699.122,,phi3:mini,run3_p13,121.97,64.0,,,n/a
17699.645,,phi3:mini,run3_p13,123.19,64.0,,,n/a
17700.206,,phi3:mini,run3_p14,109.24,56.0,,,n/a
17700.728,,phi3:mini,run3_p14,107.00,64.0,,,n/a
17701.251,,phi3:mini,run3_p14,121.37,64.0,,,n/a
17701.775,,phi3:mini,run3_p14,124.40,65.0,,,n/a
17702.299,,phi3:mini,run3_p14,124.14,64.0,,,n/a
17702.826,,phi3:mini,run3_p14,123.17,64.0,,,n/a
17703.350,,phi3:mini,run3_p14,121.08,64.0,,,n/a
17703.874,,phi3:mini,run3_p14,120.23,64.0,,,n/a
17704.399,,phi3:mini,run3_p14,120.88,64.0,,,n/a
17704.923,,phi3:mini,run3_p14,121.72,64.0,,,n/a
17705.447,,phi3:mini,run3_p14,122.31,64.0,,,n/a
17705.975,,phi3:mini,run3_p14,122.43,64.0,,,n/a
17706.500,,phi3:mini,run3_p14,120.92,64.0,,,n/a
17707.023,,phi3:mini,run3_p14,120.70,64.0,,,n/a
17707.551,,phi3:mini,run3_p14,121.81,64.0,,,n/a
17708.075,,phi3:mini,run3_p14,121.00,64.0,,,n/a
17708.600,,phi3:mini,run3_p14,121.01,64.0,,,n/a
17709.130,,phi3:mini,run3_p14,121.25,64.0,,,n/a
17735.082,,deepseek-r1:1.5b,idle,16.33,45.0,,,on
17735.607,,deepseek-r1:1.5b,idle,14.83,45.0,,,on
17736.132,,deepseek-r1:1.5b,idle,14.72,45.0,,,on
17736.663,,deepseek-r1:1.5b,idle,15.27,45.0,,,on
17737.192,,deepseek-r1:1.5b,idle,15.56,44.0,,,on
17737.725,,deepseek-r1:1.5b,idle,16.21,45.0,,,on
17738.276,,deepseek-r1:1.5b,idle,18.08,45.0,,,on
17738.802,,deepseek-r1:1.5b,idle,27.03,46.0,,,on
17739.334,,deepseek-r1:1.5b,idle,35.94,46.0,,,on
17739.863,,deepseek-r1:1.5b,idle,35.12,46.0,,,on
17740.394,,deepseek-r1:1.5b,idle,34.36,46.0,,,on
17740.951,,deepseek-r1:1.5b,idle,34.40,46.0,,,on
17741.500,,deepseek-r1:1.5b,idle,26.87,45.0,,,on
17742.030,,deepseek-r1:1.5b,idle,20.73,46.0,,,on
17742.561,,deepseek-r1:1.5b,idle,29.31,46.0,,,on
17743.096,,deepseek-r1:1.5b,idle,35.62,46.0,,,on
17743.629,,deepseek-r1:1.5b,idle,35.09,46.0,,,on
17744.159,,deepseek-r1:1.5b,idle,35.14,46.0,,,on
17744.689,,deepseek-r1:1.5b,idle,35.56,46.0,,,on
17745.217,,deepseek-r1:1.5b,run1_p0,35.72,46.0,,,on
17745.756,,deepseek-r1:1.5b,run1_p0,35.28,46.0,,,on
17746.283,,deepseek-r1:1.5b,run1_p0,29.04,45.0,,,on
17746.813,,deepseek-r1:1.5b,run1_p0,24.05,45.0,,,on
17747.339,,deepseek-r1:1.5b,run1_p0,25.18,45.0,,,on
17747.872,,deepseek-r1:1.5b,run1_p0,52.02,55.0,,,on
17748.397,,deepseek-r1:1.5b,run1_p0,93.08,57.0,,,on
17748.929,,deepseek-r1:1.5b,run1_p0,113.73,58.0,,,on
17749.463,,deepseek-r1:1.5b,run1_p0,112.75,58.0,,,on
17750.032,,deepseek-r1:1.5b,run1_p0,113.75,59.0,,,on
17750.562,,deepseek-r1:1.5b,run1_p0,113.04,58.0,,,on
17751.086,,deepseek-r1:1.5b,run1_p0,115.03,59.0,,,on
17751.611,,deepseek-r1:1.5b,run1_p0,117.27,60.0,,,on
17752.137,,deepseek-r1:1.5b,run1_p1,95.77,59.0,,,on
17752.663,,deepseek-r1:1.5b,run1_p1,83.22,49.0,,,on
17753.189,,deepseek-r1:1.5b,run1_p1,104.21,60.0,,,on
17753.716,,deepseek-r1:1.5b,run1_p1,117.96,61.0,,,on
17754.248,,deepseek-r1:1.5b,run1_p1,118.42,60.0,,,on
17754.782,,deepseek-r1:1.5b,run1_p1,117.96,60.0,,,on
17755.337,,deepseek-r1:1.5b,run1_p2,118.01,61.0,,,on
17755.862,,deepseek-r1:1.5b,run1_p2,108.39,60.0,,,on
17756.400,,deepseek-r1:1.5b,run1_p2,108.04,60.0,,,on
17756.929,,deepseek-r1:1.5b,run1_p2,116.25,61.0,,,on
17757.454,,deepseek-r1:1.5b,run1_p2,116.59,60.0,,,on
17757.984,,deepseek-r1:1.5b,run1_p3,108.39,61.0,,,on
17758.509,,deepseek-r1:1.5b,run1_p3,104.47,53.0,,,on
17759.035,,deepseek-r1:1.5b,run1_p3,106.27,61.0,,,on
17759.564,,deepseek-r1:1.5b,run1_p4,114.49,59.0,,,on
17760.088,,deepseek-r1:1.5b,run1_p4,107.54,61.0,,,on
17760.615,,deepseek-r1:1.5b,run1_p4,111.49,61.0,,,on
17761.138,,deepseek-r1:1.5b,run1_p4,118.96,62.0,,,on
17761.663,,deepseek-r1:1.5b,run1_p4,120.69,62.0,,,on
17762.202,,deepseek-r1:1.5b,run1_p5,119.02,62.0,,,on
17762.729,,deepseek-r1:1.5b,run1_p5,111.24,61.0,,,on
17763.253,,deepseek-r1:1.5b,run1_p5,112.72,62.0,,,on
17763.779,,deepseek-r1:1.5b,run1_p5,120.23,63.0,,,on
17764.307,,deepseek-r1:1.5b,run1_p6,97.72,63.0,,,on
17764.832,,deepseek-r1:1.5b,run1_p6,91.40,52.0,,,on
17765.358,,deepseek-r1:1.5b,run1_p6,106.39,63.0,,,on
17765.882,,deepseek-r1:1.5b,run1_p6,119.56,63.0,,,on
17766.408,,deepseek-r1:1.5b,run1_p6,120.75,63.0,,,on
17766.937,,deepseek-r1:1.5b,run1_p6,121.18,63.0,,,on
17767.460,,deepseek-r1:1.5b,run1_p6,121.36,63.0,,,on
17767.983,,deepseek-r1:1.5b,run1_p6,121.99,63.0,,,on
17768.511,,deepseek-r1:1.5b,run1_p6,122.46,63.0,,,on
17769.037,,deepseek-r1:1.5b,run1_p6,122.65,63.0,,,on
17769.561,,deepseek-r1:1.5b,run1_p6,122.95,63.0,,,on
17770.086,,deepseek-r1:1.5b,run1_p6,123.12,64.0,,,on
17770.612,,deepseek-r1:1.5b,run1_p6,122.98,64.0,,,on
17771.135,,deepseek-r1:1.5b,run1_p6,123.24,64.0,,,on
17771.670,,deepseek-r1:1.5b,run1_p7,112.71,54.0,,,on
17772.200,,deepseek-r1:1.5b,run1_p7,99.39,63.0,,,on
17772.725,,deepseek-r1:1.5b,run1_p7,108.53,63.0,,,on
17773.252,,deepseek-r1:1.5b,run1_p7,119.48,64.0,,,on
17773.797,,deepseek-r1:1.5b,run1_p7,120.47,63.0,,,on
17774.322,,deepseek-r1:1.5b,run1_p7,122.07,64.0,,,on
17774.848,,deepseek-r1:1.5b,run1_p7,122.69,64.0,,,on
17775.374,,deepseek-r1:1.5b,run1_p7,123.26,64.0,,,on
17775.899,,deepseek-r1:1.5b,run1_p7,123.71,64.0,,,on
17776.423,,deepseek-r1:1.5b,run1_p7,123.70,64.0,,,on
17776.949,,deepseek-r1:1.5b,run1_p8,114.25,64.0,,,on
17777.477,,deepseek-r1:1.5b,run1_p8,107.27,55.0,,,on
17778.004,,deepseek-r1:1.5b,run1_p8,114.68,63.0,,,on
17778.533,,deepseek-r1:1.5b,run1_p8,120.14,64.0,,,on
17779.058,,deepseek-r1:1.5b,run1_p8,120.66,64.0,,,on
17779.582,,deepseek-r1:1.5b,run1_p8,121.19,64.0,,,on
17780.109,,deepseek-r1:1.5b,run1_p8,120.62,64.0,,,on
17780.634,,deepseek-r1:1.5b,run1_p8,120.59,64.0,,,on
17781.160,,deepseek-r1:1.5b,run1_p8,122.11,64.0,,,on
17781.686,,deepseek-r1:1.5b,run1_p8,123.65,64.0,,,on
17782.213,,deepseek-r1:1.5b,run1_p8,123.85,64.0,,,on
17782.736,,deepseek-r1:1.5b,run1_p8,124.06,65.0,,,on
17783.260,,deepseek-r1:1.5b,run1_p8,123.15,65.0,,,on
17783.788,,deepseek-r1:1.5b,run1_p9,96.14,64.0,,,on
17784.312,,deepseek-r1:1.5b,run1_p9,86.53,63.0,,,on
17784.837,,deepseek-r1:1.5b,run1_p9,111.88,64.0,,,on
17785.362,,deepseek-r1:1.5b,run1_p9,120.79,64.0,,,on
17785.891,,deepseek-r1:1.5b,run1_p10,112.76,64.0,,,on
17786.414,,deepseek-r1:1.5b,run1_p10,106.18,63.0,,,on
17786.941,,deepseek-r1:1.5b,run1_p10,107.24,64.0,,,on
17787.465,,deepseek-r1:1.5b,run1_p10,120.39,64.0,,,on
17787.990,,deepseek-r1:1.5b,run1_p10,120.72,64.0,,,on
17788.519,,deepseek-r1:1.5b,run1_p10,122.98,64.0,,,on
17789.043,,deepseek-r1:1.5b,run1_p10,123.96,64.0,,,on
17789.567,,deepseek-r1:1.5b,run1_p10,123.51,65.0,,,on
17790.093,,deepseek-r1:1.5b,run1_p10,122.39,64.0,,,on
17790.618,,deepseek-r1:1.5b,run1_p10,122.45,65.0,,,on
17791.142,,deepseek-r1:1.5b,run1_p10,124.57,65.0,,,on
17791.668,,deepseek-r1:1.5b,run1_p10,125.36,64.0,,,on
17792.193,,deepseek-r1:1.5b,run1_p10,124.67,65.0,,,on
17792.718,,deepseek-r1:1.5b,run1_p10,124.54,65.0,,,on
17793.242,,deepseek-r1:1.5b,run1_p10,124.38,64.0,,,on
17793.766,,deepseek-r1:1.5b,run1_p10,124.80,64.0,,,on
17794.292,,deepseek-r1:1.5b,run1_p10,124.90,65.0,,,on
17794.818,,deepseek-r1:1.5b,run1_p10,123.22,64.0,,,on
17795.342,,deepseek-r1:1.5b,run1_p10,123.64,65.0,,,on
17795.865,,deepseek-r1:1.5b,run1_p10,124.70,65.0,,,on
17796.393,,deepseek-r1:1.5b,run1_p10,124.42,65.0,,,on
17796.916,,deepseek-r1:1.5b,run1_p10,124.90,65.0,,,on
17797.442,,deepseek-r1:1.5b,run1_p10,126.23,65.0,,,on
17797.965,,deepseek-r1:1.5b,run1_p10,126.83,65.0,,,on
17798.490,,deepseek-r1:1.5b,run1_p10,126.83,65.0,,,on
17799.017,,deepseek-r1:1.5b,run1_p10,126.36,65.0,,,on
17799.543,,deepseek-r1:1.5b,run1_p10,125.89,65.0,,,on
17800.066,,deepseek-r1:1.5b,run1_p10,125.29,65.0,,,on
17800.590,,deepseek-r1:1.5b,run1_p10,126.00,65.0,,,on
17801.113,,deepseek-r1:1.5b,run1_p10,126.54,65.0,,,on
17801.639,,deepseek-r1:1.5b,run1_p10,125.75,65.0,,,on
17802.162,,deepseek-r1:1.5b,run1_p10,125.38,65.0,,,on
17802.687,,deepseek-r1:1.5b,run1_p10,124.93,65.0,,,on
17803.252,,deepseek-r1:1.5b,run1_p10,123.89,65.0,,,on
17803.777,,deepseek-r1:1.5b,run1_p10,124.49,65.0,,,on
17804.300,,deepseek-r1:1.5b,run1_p10,125.88,65.0,,,on
17804.826,,deepseek-r1:1.5b,run1_p10,126.49,65.0,,,on
17805.350,,deepseek-r1:1.5b,run1_p10,126.84,65.0,,,on
17805.874,,deepseek-r1:1.5b,run1_p10,127.30,66.0,,,on
17806.399,,deepseek-r1:1.5b,run1_p10,127.08,66.0,,,on
17806.925,,deepseek-r1:1.5b,run1_p10,126.91,65.0,,,on
17807.449,,deepseek-r1:1.5b,run1_p10,126.72,65.0,,,on
17807.975,,deepseek-r1:1.5b,run1_p10,126.59,65.0,,,on
17808.500,,deepseek-r1:1.5b,run1_p10,126.75,65.0,,,on
17809.025,,deepseek-r1:1.5b,run1_p10,126.92,66.0,,,on
17809.551,,deepseek-r1:1.5b,run1_p10,126.64,65.0,,,on
17810.076,,deepseek-r1:1.5b,run1_p10,124.52,65.0,,,on
17810.601,,deepseek-r1:1.5b,run1_p10,124.30,65.0,,,on
17811.125,,deepseek-r1:1.5b,run1_p10,126.24,65.0,,,on
17811.650,,deepseek-r1:1.5b,run1_p10,125.85,65.0,,,on
17812.174,,deepseek-r1:1.5b,run1_p10,126.29,66.0,,,on
17812.699,,deepseek-r1:1.5b,run1_p10,127.71,66.0,,,on
17813.222,,deepseek-r1:1.5b,run1_p10,128.00,66.0,,,on
17813.745,,deepseek-r1:1.5b,run1_p10,128.39,66.0,,,on
17814.268,,deepseek-r1:1.5b,run1_p10,128.52,66.0,,,on
17814.792,,deepseek-r1:1.5b,run1_p10,128.77,66.0,,,on
17815.315,,deepseek-r1:1.5b,run1_p10,128.85,66.0,,,on
17815.839,,deepseek-r1:1.5b,run1_p10,128.75,66.0,,,on
17816.362,,deepseek-r1:1.5b,run1_p10,128.56,66.0,,,on
17816.885,,deepseek-r1:1.5b,run1_p10,128.50,66.0,,,on
17817.421,,deepseek-r1:1.5b,run1_p11,99.03,55.0,,,on
17817.948,,deepseek-r1:1.5b,run1_p11,86.60,64.0,,,on
17818.471,,deepseek-r1:1.5b,run1_p11,114.32,65.0,,,on
17818.997,,deepseek-r1:1.5b,run1_p11,124.04,65.0,,,on
17819.558,,deepseek-r1:1.5b,run1_p11,124.50,65.0,,,on
17820.084,,deepseek-r1:1.5b,run1_p11,124.93,65.0,,,on
17820.606,,deepseek-r1:1.5b,run1_p11,125.16,65.0,,,on
17821.133,,deepseek-r1:1.5b,run1_p11,125.26,65.0,,,on
17821.657,,deepseek-r1:1.5b,run1_p11,124.19,65.0,,,on
17822.181,,deepseek-r1:1.5b,run1_p11,122.50,65.0,,,on
17822.704,,deepseek-r1:1.5b,run1_p11,124.40,65.0,,,on
17823.228,,deepseek-r1:1.5b,run1_p11,126.40,65.0,,,on
17823.751,,deepseek-r1:1.5b,run1_p11,126.28,66.0,,,on
17824.277,,deepseek-r1:1.5b,run1_p11,126.07,65.0,,,on
17824.801,,deepseek-r1:1.5b,run1_p11,126.00,66.0,,,on
17825.325,,deepseek-r1:1.5b,run1_p11,126.07,65.0,,,on
17825.863,,deepseek-r1:1.5b,run1_p12,88.99,55.0,,,on
17826.389,,deepseek-r1:1.5b,run1_p12,79.21,62.0,,,on
17826.912,,deepseek-r1:1.5b,run1_p12,114.04,64.0,,,on
17827.440,,deepseek-r1:1.5b,run1_p12,120.98,65.0,,,on
17827.998,,deepseek-r1:1.5b,run1_p12,121.01,65.0,,,on
17828.525,,deepseek-r1:1.5b,run1_p12,121.54,65.0,,,on
17829.053,,deepseek-r1:1.5b,run1_p12,119.83,64.0,,,on
17829.579,,deepseek-r1:1.5b,run1_p12,120.51,64.0,,,on
17830.103,,deepseek-r1:1.5b,run1_p12,123.77,65.0,,,on
17830.631,,deepseek-r1:1.5b,run1_p12,124.76,65.0,,,on
17831.157,,deepseek-r1:1.5b,run1_p12,124.26,65.0,,,on
17831.680,,deepseek-r1:1.5b,run1_p12,123.53,65.0,,,on
17832.207,,deepseek-r1:1.5b,run1_p12,124.57,65.0,,,on
17832.757,,deepseek-r1:1.5b,run1_p13,115.61,65.0,,,on
17833.281,,deepseek-r1:1.5b,run1_p13,108.08,62.0,,,on
17833.805,,deepseek-r1:1.5b,run1_p13,115.85,65.0,,,on
17834.332,,deepseek-r1:1.5b,run1_p13,120.67,64.0,,,on
17834.857,,deepseek-r1:1.5b,run1_p13,119.81,64.0,,,on
17835.380,,deepseek-r1:1.5b,run1_p13,121.34,65.0,,,on
17835.903,,deepseek-r1:1.5b,run1_p13,123.89,65.0,,,on
17836.428,,deepseek-r1:1.5b,run1_p13,125.17,65.0,,,on
17836.952,,deepseek-r1:1.5b,run1_p13,125.29,65.0,,,on
17837.477,,deepseek-r1:1.5b,run1_p13,124.96,65.0,,,on
17838.009,,deepseek-r1:1.5b,run1_p14,102.50,59.0,,,on
17838.536,,deepseek-r1:1.5b,run1_p14,92.64,62.0,,,on
17839.061,,deepseek-r1:1.5b,run1_p14,112.58,64.0,,,on
17839.586,,deepseek-r1:1.5b,run1_p14,120.62,64.0,,,on
17840.112,,deepseek-r1:1.5b,run1_p14,121.70,65.0,,,on
17840.636,,deepseek-r1:1.5b,run1_p14,122.57,65.0,,,on
17841.162,,deepseek-r1:1.5b,run1_p14,122.90,64.0,,,on
17841.686,,deepseek-r1:1.5b,run1_p14,123.46,65.0,,,on
17842.212,,deepseek-r1:1.5b,run1_p14,122.81,64.0,,,on
17842.738,,deepseek-r1:1.5b,run1_p14,121.74,65.0,,,on
17843.263,,deepseek-r1:1.5b,run1_p14,121.39,64.0,,,on
17843.787,,deepseek-r1:1.5b,run1_p14,122.37,65.0,,,on
17844.314,,deepseek-r1:1.5b,run2_p0,123.09,65.0,,,on
17844.838,,deepseek-r1:1.5b,run2_p0,115.77,64.0,,,on
17845.363,,deepseek-r1:1.5b,run2_p0,116.19,65.0,,,on
17845.890,,deepseek-r1:1.5b,run2_p0,123.32,65.0,,,on
17846.414,,deepseek-r1:1.5b,run2_p0,123.31,65.0,,,on
17846.937,,deepseek-r1:1.5b,run2_p0,123.50,65.0,,,on
17847.464,,deepseek-r1:1.5b,run2_p1,114.84,65.0,,,on
17847.989,,deepseek-r1:1.5b,run2_p1,103.72,64.0,,,on
17848.512,,deepseek-r1:1.5b,run2_p1,111.74,65.0,,,on
17849.036,,deepseek-r1:1.5b,run2_p1,122.36,65.0,,,on
17849.572,,deepseek-r1:1.5b,run2_p2,121.33,64.0,,,on
17850.101,,deepseek-r1:1.5b,run2_p2,113.18,64.0,,,on
17850.627,,deepseek-r1:1.5b,run2_p2,114.01,64.0,,,on
17851.154,,deepseek-r1:1.5b,run2_p2,120.64,64.0,,,on
17851.680,,deepseek-r1:1.5b,run2_p2,119.70,64.0,,,on
17852.210,,deepseek-r1:1.5b,run2_p3,119.47,64.0,,,on
17852.736,,deepseek-r1:1.5b,run2_p3,111.51,61.0,,,on
17853.260,,deepseek-r1:1.5b,run2_p3,113.09,64.0,,,on
17853.788,,deepseek-r1:1.5b,run2_p3,121.81,64.0,,,on
17854.312,,deepseek-r1:1.5b,run2_p3,121.87,64.0,,,on
17854.836,,deepseek-r1:1.5b,run2_p3,122.51,65.0,,,on
17855.369,,deepseek-r1:1.5b,run2_p4,91.65,55.0,,,on
17855.895,,deepseek-r1:1.5b,run2_p4,85.10,63.0,,,on
17856.421,,deepseek-r1:1.5b,run2_p4,107.80,64.0,,,on
17856.945,,deepseek-r1:1.5b,run2_p4,120.34,64.0,,,on
17857.472,,deepseek-r1:1.5b,run2_p4,120.27,64.0,,,on
17857.997,,deepseek-r1:1.5b,run2_p4,121.07,64.0,,,on
17858.522,,deepseek-r1:1.5b,run2_p4,122.58,64.0,,,on
17859.054,,deepseek-r1:1.5b,run2_p5,100.04,64.0,,,on
17859.582,,deepseek-r1:1.5b,run2_p5,86.99,53.0,,,on
17860.104,,deepseek-r1:1.5b,run2_p5,108.62,63.0,,,on
17860.635,,deepseek-r1:1.5b,run2_p6,97.32,54.0,,,on
17861.161,,deepseek-r1:1.5b,run2_p6,91.61,63.0,,,on
17861.687,,deepseek-r1:1.5b,run2_p6,113.21,63.0,,,on
17862.216,,deepseek-r1:1.5b,run2_p6,118.62,64.0,,,on
17862.742,,deepseek-r1:1.5b,run2_p6,119.93,64.0,,,on
17863.266,,deepseek-r1:1.5b,run2_p6,121.29,64.0,,,on
17863.793,,deepseek-r1:1.5b,run2_p6,120.70,64.0,,,on
17864.319,,deepseek-r1:1.5b,run2_p6,119.61,63.0,,,on
17864.850,,deepseek-r1:1.5b,run2_p6,119.53,64.0,,,on
17865.378,,deepseek-r1:1.5b,run2_p6,117.85,63.0,,,on
17865.906,,deepseek-r1:1.5b,run2_p6,115.85,64.0,,,on
17866.439,,deepseek-r1:1.5b,run2_p7,106.37,63.0,,,on
17866.967,,deepseek-r1:1.5b,run2_p7,98.73,63.0,,,on
17867.496,,deepseek-r1:1.5b,run2_p7,108.60,64.0,,,on
17868.026,,deepseek-r1:1.5b,run2_p7,119.58,64.0,,,on
17868.550,,deepseek-r1:1.5b,run2_p7,120.08,63.0,,,on
17869.078,,deepseek-r1:1.5b,run2_p7,120.70,64.0,,,on
17869.606,,deepseek-r1:1.5b,run2_p7,121.65,64.0,,,on
17870.131,,deepseek-r1:1.5b,run2_p7,122.78,64.0,,,on
17870.654,,deepseek-r1:1.5b,run2_p7,123.83,64.0,,,on
17871.196,,deepseek-r1:1.5b,run2_p8,106.30,65.0,,,on
17871.720,,deepseek-r1:1.5b,run2_p8,94.82,56.0,,,on
17872.244,,deepseek-r1:1.5b,run2_p8,111.90,64.0,,,on
17872.768,,deepseek-r1:1.5b,run2_p8,122.96,64.0,,,on
17873.295,,deepseek-r1:1.5b,run2_p8,124.14,64.0,,,on
17873.819,,deepseek-r1:1.5b,run2_p8,124.47,65.0,,,on
17874.343,,deepseek-r1:1.5b,run2_p8,124.51,64.0,,,on
17874.869,,deepseek-r1:1.5b,run2_p8,124.77,64.0,,,on
17875.399,,deepseek-r1:1.5b,run2_p9,89.44,55.0,,,on
17875.923,,deepseek-r1:1.5b,run2_p9,81.65,61.0,,,on
17876.449,,deepseek-r1:1.5b,run2_p9,107.27,64.0,,,on
17876.975,,deepseek-r1:1.5b,run2_p9,120.90,64.0,,,on
17877.500,,deepseek-r1:1.5b,run2_p9,121.47,64.0,,,on
17878.028,,deepseek-r1:1.5b,run2_p10,82.61,57.0,,,on
17878.552,,deepseek-r1:1.5b,run2_p10,76.52,53.0,,,on
17879.079,,deepseek-r1:1.5b,run2_p10,107.90,63.0,,,on
17879.604,,deepseek-r1:1.5b,run2_p10,120.57,63.0,,,on
17880.169,,deepseek-r1:1.5b,run2_p10,121.60,64.0,,,on
17880.693,,deepseek-r1:1.5b,run2_p10,124.08,64.0,,,on
17881.217,,deepseek-r1:1.5b,run2_p10,124.50,64.0,,,on
17881.741,,deepseek-r1:1.5b,run2_p10,123.92,64.0,,,on
17882.267,,deepseek-r1:1.5b,run2_p10,123.57,64.0,,,on
17882.789,,deepseek-r1:1.5b,run2_p10,122.60,64.0,,,on
17883.313,,deepseek-r1:1.5b,run2_p10,122.84,64.0,,,on
17883.837,,deepseek-r1:1.5b,run2_p10,124.42,64.0,,,on
17884.361,,deepseek-r1:1.5b,run2_p10,125.05,65.0,,,on
17884.885,,deepseek-r1:1.5b,run2_p10,125.16,64.0,,,on
17885.411,,deepseek-r1:1.5b,run2_p10,124.48,64.0,,,on
17885.935,,deepseek-r1:1.5b,run2_p10,124.94,65.0,,,on
17886.460,,deepseek-r1:1.5b,run2_p10,126.05,65.0,,,on
17886.983,,deepseek-r1:1.5b,run2_p10,124.36,65.0,,,on
17887.510,,deepseek-r1:1.5b,run2_p10,124.21,65.0,,,on
17888.035,,deepseek-r1:1.5b,run2_p10,123.88,64.0,,,on
17888.561,,deepseek-r1:1.5b,run2_p10,122.55,64.0,,,on
17889.087,,deepseek-r1:1.5b,run2_p10,124.35,65.0,,,on
17889.611,,deepseek-r1:1.5b,run2_p10,125.98,65.0,,,on
17890.136,,deepseek-r1:1.5b,run2_p10,126.44,65.0,,,on
17890.659,,deepseek-r1:1.5b,run2_p10,125.69,65.0,,,on
17891.183,,deepseek-r1:1.5b,run2_p10,125.49,64.0,,,on
17891.706,,deepseek-r1:1.5b,run2_p10,125.87,65.0,,,on
17892.231,,deepseek-r1:1.5b,run2_p10,123.06,64.0,,,on
17892.756,,deepseek-r1:1.5b,run2_p10,121.62,65.0,,,on
17893.280,,deepseek-r1:1.5b,run2_p10,124.28,65.0,,,on
17893.809,,deepseek-r1:1.5b,run2_p10,125.97,65.0,,,on
17894.333,,deepseek-r1:1.5b,run2_p10,126.16,65.0,,,on
17894.862,,deepseek-r1:1.5b,run2_p11,89.29,55.0,,,on
17895.389,,deepseek-r1:1.5b,run2_p11,79.10,62.0,,,on
17895.911,,deepseek-r1:1.5b,run2_p11,112.71,63.0,,,on
17896.434,,deepseek-r1:1.5b,run2_p11,120.24,64.0,,,on
17896.959,,deepseek-r1:1.5b,run2_p11,120.48,64.0,,,on
17897.482,,deepseek-r1:1.5b,run2_p11,120.93,64.0,,,on
17898.005,,deepseek-r1:1.5b,run2_p11,122.30,64.0,,,on
17898.529,,deepseek-r1:1.5b,run2_p11,123.79,64.0,,,on
17899.053,,deepseek-r1:1.5b,run2_p11,124.07,64.0,,,on
17899.577,,deepseek-r1:1.5b,run2_p11,124.51,65.0,,,on
17900.155,,deepseek-r1:1.5b,run2_p11,125.40,65.0,,,on
17900.719,,deepseek-r1:1.5b,run2_p11,125.56,65.0,,,on
17901.243,,deepseek-r1:1.5b,run2_p11,125.69,65.0,,,on
17901.768,,deepseek-r1:1.5b,run2_p11,125.91,65.0,,,on
17902.291,,deepseek-r1:1.5b,run2_p11,125.97,65.0,,,on
17902.820,,deepseek-r1:1.5b,run2_p12,100.60,65.0,,,on
17903.346,,deepseek-r1:1.5b,run2_p12,92.41,54.0,,,on
17903.870,,deepseek-r1:1.5b,run2_p12,115.54,64.0,,,on
17904.394,,deepseek-r1:1.5b,run2_p12,122.28,64.0,,,on
17904.917,,deepseek-r1:1.5b,run2_p12,123.65,65.0,,,on
17905.442,,deepseek-r1:1.5b,run2_p12,124.62,65.0,,,on
17905.966,,deepseek-r1:1.5b,run2_p12,124.45,65.0,,,on
17906.490,,deepseek-r1:1.5b,run2_p12,124.02,64.0,,,on
17907.057,,deepseek-r1:1.5b,run2_p13,116.21,64.0,,,on
17907.581,,deepseek-r1:1.5b,run2_p13,107.91,63.0,,,on
17908.107,,deepseek-r1:1.5b,run2_p13,115.17,64.0,,,on
17908.633,,deepseek-r1:1.5b,run2_p13,121.30,64.0,,,on
17909.158,,deepseek-r1:1.5b,run2_p13,120.53,64.0,,,on
17909.681,,deepseek-r1:1.5b,run2_p13,121.88,64.0,,,on
17910.205,,deepseek-r1:1.5b,run2_p13,122.95,64.0,,,on
17910.728,,deepseek-r1:1.5b,run2_p13,123.26,65.0,,,on
17911.252,,deepseek-r1:1.5b,run2_p13,123.69,64.0,,,on
17911.777,,deepseek-r1:1.5b,run2_p13,123.99,64.0,,,on
17912.301,,deepseek-r1:1.5b,run2_p13,124.68,64.0,,,on
17912.826,,deepseek-r1:1.5b,run2_p13,124.90,65.0,,,on
17913.355,,deepseek-r1:1.5b,run2_p13,123.28,64.0,,,on
17913.926,,deepseek-r1:1.5b,run2_p14,114.94,65.0,,,on
17914.458,,deepseek-r1:1.5b,run2_p14,107.62,62.0,,,on
17914.986,,deepseek-r1:1.5b,run2_p14,113.38,64.0,,,on
17915.511,,deepseek-r1:1.5b,run2_p14,120.44,64.0,,,on
17916.035,,deepseek-r1:1.5b,run2_p14,122.89,65.0,,,on
17916.562,,deepseek-r1:1.5b,run2_p14,123.71,65.0,,,on
17917.086,,deepseek-r1:1.5b,run2_p14,123.74,65.0,,,on
17917.610,,deepseek-r1:1.5b,run2_p14,124.23,65.0,,,on
17918.158,,deepseek-r1:1.5b,run3_p0,109.60,65.0,,,on
17918.682,,deepseek-r1:1.5b,run3_p0,103.81,63.0,,,on
17919.208,,deepseek-r1:1.5b,run3_p0,109.69,64.0,,,on
17919.732,,deepseek-r1:1.5b,run3_p0,120.75,64.0,,,on
17920.256,,deepseek-r1:1.5b,run3_p0,121.01,64.0,,,on
17920.829,,deepseek-r1:1.5b,run3_p0,122.30,65.0,,,on
17921.399,,deepseek-r1:1.5b,run3_p1,110.99,56.0,,,on
17921.935,,deepseek-r1:1.5b,run3_p1,104.98,64.0,,,on
17922.458,,deepseek-r1:1.5b,run3_p1,116.03,65.0,,,on
17922.985,,deepseek-r1:1.5b,run3_p1,121.45,64.0,,,on
17923.572,,deepseek-r1:1.5b,run3_p2,116.57,64.0,,,on
17924.096,,deepseek-r1:1.5b,run3_p2,111.24,63.0,,,on
17924.622,,deepseek-r1:1.5b,run3_p2,115.97,64.0,,,on
17925.148,,deepseek-r1:1.5b,run3_p2,122.46,65.0,,,on
17925.672,,deepseek-r1:1.5b,run3_p2,122.92,64.0,,,on
17926.210,,deepseek-r1:1.5b,run3_p3,97.10,65.0,,,on
17926.734,,deepseek-r1:1.5b,run3_p3,91.94,63.0,,,on
17927.257,,deepseek-r1:1.5b,run3_p3,110.92,65.0,,,on
17927.781,,deepseek-r1:1.5b,run3_p3,123.04,64.0,,,on
17928.305,,deepseek-r1:1.5b,run3_p3,122.50,64.0,,,on
17928.875,,deepseek-r1:1.5b,run3_p4,120.04,65.0,,,on
17929.399,,deepseek-r1:1.5b,run3_p4,115.32,64.0,,,on
17929.921,,deepseek-r1:1.5b,run3_p4,117.80,64.0,,,on
17930.446,,deepseek-r1:1.5b,run3_p4,123.40,64.0,,,on
17930.969,,deepseek-r1:1.5b,run3_p4,124.57,65.0,,,on
17931.499,,deepseek-r1:1.5b,run3_p5,95.37,65.0,,,on
17932.028,,deepseek-r1:1.5b,run3_p5,85.83,54.0,,,on
17932.551,,deepseek-r1:1.5b,run3_p5,113.70,64.0,,,on
17933.076,,deepseek-r1:1.5b,run3_p5,122.65,64.0,,,on
17933.604,,deepseek-r1:1.5b,run3_p6,98.58,55.0,,,on
17934.127,,deepseek-r1:1.5b,run3_p6,92.46,63.0,,,on
17934.651,,deepseek-r1:1.5b,run3_p6,109.29,64.0,,,on
17935.175,,deepseek-r1:1.5b,run3_p6,123.31,64.0,,,on
17935.700,,deepseek-r1:1.5b,run3_p6,124.38,64.0,,,on
17936.233,,deepseek-r1:1.5b,run3_p6,123.95,65.0,,,on
17936.760,,deepseek-r1:1.5b,run3_p6,123.93,65.0,,,on
17937.282,,deepseek-r1:1.5b,run3_p6,124.77,65.0,,,on
17937.808,,deepseek-r1:1.5b,run3_p6,124.60,64.0,,,on
17938.331,,deepseek-r1:1.5b,run3_p6,124.09,64.0,,,on
17938.859,,deepseek-r1:1.5b,run3_p7,96.92,65.0,,,on
17939.381,,deepseek-r1:1.5b,run3_p7,89.43,63.0,,,on
17939.903,,deepseek-r1:1.5b,run3_p7,108.49,64.0,,,on
17940.428,,deepseek-r1:1.5b,run3_p7,122.98,64.0,,,on
17940.953,,deepseek-r1:1.5b,run3_p7,124.20,65.0,,,on
17941.479,,deepseek-r1:1.5b,run3_p7,125.20,65.0,,,on
17942.002,,deepseek-r1:1.5b,run3_p7,124.87,65.0,,,on
17942.526,,deepseek-r1:1.5b,run3_p7,123.61,65.0,,,on
17943.050,,deepseek-r1:1.5b,run3_p7,122.46,64.0,,,on
17943.573,,deepseek-r1:1.5b,run3_p7,123.82,65.0,,,on
17944.099,,deepseek-r1:1.5b,run3_p7,125.74,65.0,,,on
17944.623,,deepseek-r1:1.5b,run3_p7,126.23,65.0,,,on
17945.146,,deepseek-r1:1.5b,run3_p7,126.30,65.0,,,on
17945.670,,deepseek-r1:1.5b,run3_p7,125.46,65.0,,,on
17946.196,,deepseek-r1:1.5b,run3_p7,125.55,65.0,,,on
17946.723,,deepseek-r1:1.5b,run3_p7,126.23,65.0,,,on
17947.248,,deepseek-r1:1.5b,run3_p7,126.23,65.0,,,on
17947.770,,deepseek-r1:1.5b,run3_p7,125.13,65.0,,,on
17948.296,,deepseek-r1:1.5b,run3_p7,124.47,64.0,,,on
17948.838,,deepseek-r1:1.5b,run3_p8,102.82,59.0,,,on
17949.364,,deepseek-r1:1.5b,run3_p8,90.42,61.0,,,on
17949.888,,deepseek-r1:1.5b,run3_p8,111.08,64.0,,,on
17950.424,,deepseek-r1:1.5b,run3_p8,120.30,64.0,,,on
17950.948,,deepseek-r1:1.5b,run3_p8,120.40,64.0,,,on
17951.472,,deepseek-r1:1.5b,run3_p8,122.57,64.0,,,on
17951.995,,deepseek-r1:1.5b,run3_p8,124.17,64.0,,,on
17952.521,,deepseek-r1:1.5b,run3_p8,124.98,65.0,,,on
17953.045,,deepseek-r1:1.5b,run3_p8,124.64,65.0,,,on
17953.567,,deepseek-r1:1.5b,run3_p8,124.99,65.0,,,on
17954.092,,deepseek-r1:1.5b,run3_p8,125.27,65.0,,,on
17954.625,,deepseek-r1:1.5b,run3_p9,92.63,55.0,,,on
17955.151,,deepseek-r1:1.5b,run3_p9,83.14,62.0,,,on
17955.675,,deepseek-r1:1.5b,run3_p9,113.59,64.0,,,on
17956.201,,deepseek-r1:1.5b,run3_p9,122.78,64.0,,,on
17956.726,,deepseek-r1:1.5b,run3_p9,123.67,64.0,,,on
17957.255,,deepseek-r1:1.5b,run3_p10,85.91,58.0,,,on
17957.782,,deepseek-r1:1.5b,run3_p10,74.80,53.0,,,on
17958.306,,deepseek-r1:1.5b,run3_p10,110.79,63.0,,,on
17958.890,,deepseek-r1:1.5b,run3_p10,119.20,63.0,,,on
17959.416,,deepseek-r1:1.5b,run3_p10,119.17,64.0,,,on
17959.941,,deepseek-r1:1.5b,run3_p10,120.21,64.0,,,on
17960.466,,deepseek-r1:1.5b,run3_p10,120.64,64.0,,,on
17960.991,,deepseek-r1:1.5b,run3_p10,122.29,64.0,,,on
17961.516,,deepseek-r1:1.5b,run3_p10,122.52,64.0,,,on
17962.042,,deepseek-r1:1.5b,run3_p10,121.58,64.0,,,on
17962.581,,deepseek-r1:1.5b,run3_p10,122.55,64.0,,,on
17963.107,,deepseek-r1:1.5b,run3_p10,122.05,63.0,,,on
17963.632,,deepseek-r1:1.5b,run3_p10,122.82,65.0,,,on
17964.158,,deepseek-r1:1.5b,run3_p10,124.58,65.0,,,on
17964.682,,deepseek-r1:1.5b,run3_p10,124.30,65.0,,,on
17965.206,,deepseek-r1:1.5b,run3_p10,124.19,64.0,,,on
17965.732,,deepseek-r1:1.5b,run3_p10,123.91,64.0,,,on
17966.260,,deepseek-r1:1.5b,run3_p10,124.32,65.0,,,on
17966.815,,deepseek-r1:1.5b,run3_p10,124.80,65.0,,,on
17967.344,,deepseek-r1:1.5b,run3_p10,123.76,65.0,,,on
17967.870,,deepseek-r1:1.5b,run3_p10,122.88,64.0,,,on
17968.403,,deepseek-r1:1.5b,run3_p11,99.10,65.0,,,on
17968.929,,deepseek-r1:1.5b,run3_p11,91.65,54.0,,,on
17969.454,,deepseek-r1:1.5b,run3_p11,114.14,63.0,,,on
17969.981,,deepseek-r1:1.5b,run3_p11,120.61,64.0,,,on
17970.507,,deepseek-r1:1.5b,run3_p11,121.47,64.0,,,on
17971.037,,deepseek-r1:1.5b,run3_p11,122.56,64.0,,,on
17971.563,,deepseek-r1:1.5b,run3_p11,122.05,64.0,,,on
17972.088,,deepseek-r1:1.5b,run3_p11,122.24,64.0,,,on
17972.614,,deepseek-r1:1.5b,run3_p11,123.08,64.0,,,on
17973.139,,deepseek-r1:1.5b,run3_p11,123.67,65.0,,,on
17973.662,,deepseek-r1:1.5b,run3_p11,123.75,65.0,,,on
17974.188,,deepseek-r1:1.5b,run3_p11,122.70,64.0,,,on
17974.715,,deepseek-r1:1.5b,run3_p11,121.25,64.0,,,on
17975.245,,deepseek-r1:1.5b,run3_p11,120.29,64.0,,,on
17975.770,,deepseek-r1:1.5b,run3_p11,120.47,64.0,,,on
17976.302,,deepseek-r1:1.5b,run3_p12,111.33,57.0,,,on
17976.827,,deepseek-r1:1.5b,run3_p12,102.94,64.0,,,on
17977.353,,deepseek-r1:1.5b,run3_p12,111.29,63.0,,,on
17977.880,,deepseek-r1:1.5b,run3_p12,119.80,64.0,,,on
17978.408,,deepseek-r1:1.5b,run3_p12,122.69,65.0,,,on
17978.931,,deepseek-r1:1.5b,run3_p12,123.81,65.0,,,on
17979.455,,deepseek-r1:1.5b,run3_p12,124.23,65.0,,,on
17979.980,,deepseek-r1:1.5b,run3_p12,124.40,65.0,,,on
17980.502,,deepseek-r1:1.5b,run3_p12,123.62,64.0,,,on
17981.027,,deepseek-r1:1.5b,run3_p12,124.20,65.0,,,on
17981.553,,deepseek-r1:1.5b,run3_p12,124.83,65.0,,,on
17982.079,,deepseek-r1:1.5b,run3_p12,124.02,65.0,,,on
17982.607,,deepseek-r1:1.5b,run3_p13,109.54,64.0,,,on
17983.130,,deepseek-r1:1.5b,run3_p13,100.49,63.0,,,on
17983.656,,deepseek-r1:1.5b,run3_p13,112.89,64.0,,,on
17984.178,,deepseek-r1:1.5b,run3_p13,120.65,64.0,,,on
17984.706,,deepseek-r1:1.5b,run3_p13,120.97,64.0,,,on
17985.231,,deepseek-r1:1.5b,run3_p13,121.64,64.0,,,on
17985.754,,deepseek-r1:1.5b,run3_p13,122.88,65.0,,,on
17986.280,,deepseek-r1:1.5b,run3_p13,124.50,65.0,,,on
17986.805,,deepseek-r1:1.5b,run3_p13,124.96,65.0,,,on
17987.349,,deepseek-r1:1.5b,run3_p13,125.38,65.0,,,on
17987.878,,deepseek-r1:1.5b,run3_p14,91.13,64.0,,,on
17988.428,,deepseek-r1:1.5b,run3_p14,79.27,53.0,,,on
17988.951,,deepseek-r1:1.5b,run3_p14,111.32,64.0,,,on
17989.475,,deepseek-r1:1.5b,run3_p14,120.88,64.0,,,on
17989.999,,deepseek-r1:1.5b,run3_p14,121.52,64.0,,,on
17990.524,,deepseek-r1:1.5b,run3_p14,121.38,64.0,,,on
17991.047,,deepseek-r1:1.5b,run3_p14,122.27,64.0,,,on
17991.575,,deepseek-r1:1.5b,run3_p14,123.68,64.0,,,on
17992.101,,deepseek-r1:1.5b,run3_p14,124.40,65.0,,,on
17992.625,,deepseek-r1:1.5b,run3_p14,125.05,65.0,,,on
17993.149,,deepseek-r1:1.5b,run3_p14,125.52,65.0,,,on
17993.674,,deepseek-r1:1.5b,run3_p14,125.17,65.0,,,on
17994.200,,deepseek-r1:1.5b,run3_p14,124.43,65.0,,,on
17994.724,,deepseek-r1:1.5b,run3_p14,124.78,65.0,,,on
17995.248,,deepseek-r1:1.5b,run3_p14,125.68,65.0,,,on
18017.977,,deepseek-r1:1.5b,idle,33.97,46.0,,,off
18018.504,,deepseek-r1:1.5b,idle,34.29,46.0,,,off
18019.029,,deepseek-r1:1.5b,idle,34.22,47.0,,,off
18019.553,,deepseek-r1:1.5b,idle,26.05,45.0,,,off
18020.080,,deepseek-r1:1.5b,idle,16.03,45.0,,,off
18020.610,,deepseek-r1:1.5b,idle,14.32,45.0,,,off
18021.139,,deepseek-r1:1.5b,idle,13.94,44.0,,,off
18021.665,,deepseek-r1:1.5b,idle,13.97,44.0,,,off
18022.197,,deepseek-r1:1.5b,idle,12.76,44.0,,,off
18022.722,,deepseek-r1:1.5b,idle,12.18,44.0,,,off
18023.254,,deepseek-r1:1.5b,idle,12.69,44.0,,,off
18023.781,,deepseek-r1:1.5b,idle,12.88,44.0,,,off
18024.311,,deepseek-r1:1.5b,idle,14.11,44.0,,,off
18024.838,,deepseek-r1:1.5b,idle,15.03,44.0,,,off
18025.368,,deepseek-r1:1.5b,idle,13.80,44.0,,,off
18025.894,,deepseek-r1:1.5b,idle,12.77,44.0,,,off
18026.438,,deepseek-r1:1.5b,idle,11.78,44.0,,,off
18026.967,,deepseek-r1:1.5b,idle,12.55,44.0,,,off
18027.496,,deepseek-r1:1.5b,idle,14.32,44.0,,,off
18028.032,,deepseek-r1:1.5b,run1_p0,13.93,44.0,,,off
18028.566,,deepseek-r1:1.5b,run1_p1,20.42,44.0,,,off
18029.108,,deepseek-r1:1.5b,run1_p2,43.33,52.0,,,off
18029.632,,deepseek-r1:1.5b,run1_p2,83.02,54.0,,,off
18030.157,,deepseek-r1:1.5b,run1_p3,76.11,52.0,,,off
18030.684,,deepseek-r1:1.5b,run1_p3,78.53,48.0,,,off
18031.213,,deepseek-r1:1.5b,run1_p4,71.87,47.0,,,off
18031.742,,deepseek-r1:1.5b,run1_p5,50.19,48.0,,,off
18032.268,,deepseek-r1:1.5b,run1_p5,78.06,57.0,,,off
18032.805,,deepseek-r1:1.5b,run1_p6,106.38,58.0,,,off
18033.331,,deepseek-r1:1.5b,run1_p7,81.65,49.0,,,off
18033.858,,deepseek-r1:1.5b,run1_p7,73.60,57.0,,,off
18034.386,,deepseek-r1:1.5b,run1_p7,106.76,58.0,,,off
18034.919,,deepseek-r1:1.5b,run1_p7,115.45,59.0,,,off
18035.444,,deepseek-r1:1.5b,run1_p7,116.26,59.0,,,off
18035.973,,deepseek-r1:1.5b,run1_p8,94.41,59.0,,,off
18036.499,,deepseek-r1:1.5b,run1_p8,84.22,51.0,,,off
18037.027,,deepseek-r1:1.5b,run1_p8,106.56,59.0,,,off
18037.564,,deepseek-r1:1.5b,run1_p8,117.13,60.0,,,off
18038.089,,deepseek-r1:1.5b,run1_p8,116.44,60.0,,,off
18038.620,,deepseek-r1:1.5b,run1_p8,115.34,60.0,,,off
18039.152,,deepseek-r1:1.5b,run1_p9,80.69,51.0,,,off
18039.677,,deepseek-r1:1.5b,run1_p9,73.53,59.0,,,off
18040.203,,deepseek-r1:1.5b,run1_p10,94.98,60.0,,,off
18040.736,,deepseek-r1:1.5b,run1_p10,96.43,58.0,,,off
18041.269,,deepseek-r1:1.5b,run1_p10,110.80,60.0,,,off
18041.798,,deepseek-r1:1.5b,run1_p10,118.71,61.0,,,off
18042.328,,deepseek-r1:1.5b,run1_p11,113.69,61.0,,,off
18042.855,,deepseek-r1:1.5b,run1_p11,108.42,53.0,,,off
18043.381,,deepseek-r1:1.5b,run1_p11,103.08,61.0,,,off
18043.905,,deepseek-r1:1.5b,run1_p11,114.20,61.0,,,off
18044.428,,deepseek-r1:1.5b,run1_p11,117.74,61.0,,,off
18044.952,,deepseek-r1:1.5b,run1_p11,117.93,62.0,,,off
18045.477,,deepseek-r1:1.5b,run1_p11,120.35,62.0,,,off
18046.001,,deepseek-r1:1.5b,run1_p11,122.20,62.0,,,off
18046.525,,deepseek-r1:1.5b,run1_p11,122.71,62.0,,,off
18047.048,,deepseek-r1:1.5b,run1_p11,122.70,63.0,,,off
18047.574,,deepseek-r1:1.5b,run1_p11,123.60,63.0,,,off
18048.115,,deepseek-r1:1.5b,run1_p12,121.82,63.0,,,off
18048.658,,deepseek-r1:1.5b,run1_p13,86.00,58.0,,,off
18049.182,,deepseek-r1:1.5b,run1_p13,80.53,52.0,,,off
18049.708,,deepseek-r1:1.5b,run1_p13,114.83,63.0,,,off
18050.232,,deepseek-r1:1.5b,run1_p13,121.85,62.0,,,off
18050.756,,deepseek-r1:1.5b,run1_p13,122.50,63.0,,,off
18051.303,,deepseek-r1:1.5b,run1_p13,121.15,63.0,,,off
18051.859,,deepseek-r1:1.5b,run1_p14,106.24,63.0,,,off
18052.390,,deepseek-r1:1.5b,run1_p14,101.06,61.0,,,off
18052.913,,deepseek-r1:1.5b,run1_p14,114.79,63.0,,,off
18053.438,,deepseek-r1:1.5b,run1_p14,120.45,63.0,,,off
18053.969,,deepseek-r1:1.5b,run2_p0,104.42,64.0,,,off
18054.502,,deepseek-r1:1.5b,run2_p1,63.62,53.0,,,off
18055.057,,deepseek-r1:1.5b,run2_p2,49.12,51.0,,,off
18055.583,,deepseek-r1:1.5b,run2_p2,78.87,61.0,,,off
18056.114,,deepseek-r1:1.5b,run2_p3,82.66,52.0,,,off
18056.637,,deepseek-r1:1.5b,run2_p3,81.07,61.0,,,off
18057.171,,deepseek-r1:1.5b,run2_p4,78.16,52.0,,,off
18057.701,,deepseek-r1:1.5b,run2_p5,56.15,53.0,,,off
18058.224,,deepseek-r1:1.5b,run2_p5,79.43,60.0,,,off
18058.788,,deepseek-r1:1.5b,run2_p6,109.41,62.0,,,off
18059.323,,deepseek-r1:1.5b,run2_p7,84.76,58.0,,,off
18059.845,,deepseek-r1:1.5b,run2_p7,77.78,51.0,,,off
18060.370,,deepseek-r1:1.5b,run2_p7,108.78,62.0,,,off
18060.894,,deepseek-r1:1.5b,run2_p7,119.86,62.0,,,off
18061.446,,deepseek-r1:1.5b,run2_p8,116.91,63.0,,,off
18061.984,,deepseek-r1:1.5b,run2_p8,108.75,62.0,,,off
18062.510,,deepseek-r1:1.5b,run2_p8,112.48,63.0,,,off
18063.033,,deepseek-r1:1.5b,run2_p8,122.26,63.0,,,off
18063.556,,deepseek-r1:1.5b,run2_p8,122.81,63.0,,,off
18064.079,,deepseek-r1:1.5b,run2_p8,122.62,64.0,,,off
18064.632,,deepseek-r1:1.5b,run2_p9,122.27,63.0,,,off
18065.157,,deepseek-r1:1.5b,run2_p9,112.51,60.0,,,off
18065.691,,deepseek-r1:1.5b,run2_p10,90.17,62.0,,,off
18066.213,,deepseek-r1:1.5b,run2_p10,89.12,62.0,,,off
18066.737,,deepseek-r1:1.5b,run2_p10,110.64,63.0,,,off
18067.260,,deepseek-r1:1.5b,run2_p10,119.89,63.0,,,off
18067.782,,deepseek-r1:1.5b,run2_p10,121.53,64.0,,,off
18068.310,,deepseek-r1:1.5b,run2_p11,112.71,63.0,,,off
18068.836,,deepseek-r1:1.5b,run2_p11,103.37,62.0,,,off
18069.358,,deepseek-r1:1.5b,run2_p11,112.01,63.0,,,off
18069.881,,deepseek-r1:1.5b,run2_p11,121.64,64.0,,,off
18070.408,,deepseek-r1:1.5b,run2_p12,97.60,64.0,,,off
18070.932,,deepseek-r1:1.5b,run2_p12,91.13,60.0,,,off
18071.453,,deepseek-r1:1.5b,run2_p12,108.24,63.0,,,off
18071.981,,deepseek-r1:1.5b,run2_p13,83.96,57.0,,,off
18072.504,,deepseek-r1:1.5b,run2_p13,74.95,52.0,,,off
18073.032,,deepseek-r1:1.5b,run2_p13,111.28,63.0,,,off
18073.556,,deepseek-r1:1.5b,run2_p13,118.17,63.0,,,off
18074.082,,deepseek-r1:1.5b,run2_p13,118.06,63.0,,,off
18074.631,,deepseek-r1:1.5b,run2_p14,108.80,63.0,,,off
18075.160,,deepseek-r1:1.5b,run2_p14,100.36,62.0,,,off
18075.687,,deepseek-r1:1.5b,run2_p14,110.17,63.0,,,off
18076.212,,deepseek-r1:1.5b,run2_p14,117.72,62.0,,,off
18076.736,,deepseek-r1:1.5b,run2_p14,117.14,63.0,,,off
18077.282,,deepseek-r1:1.5b,run3_p0,109.64,64.0,,,off
18077.822,,deepseek-r1:1.5b,run3_p1,72.25,55.0,,,off
18078.350,,deepseek-r1:1.5b,run3_p2,57.42,53.0,,,off
18078.889,,deepseek-r1:1.5b,run3_p3,73.90,54.0,,,off
18079.426,,deepseek-r1:1.5b,run3_p4,83.08,57.0,,,off
18079.955,,deepseek-r1:1.5b,run3_p5,72.75,53.0,,,off
18080.480,,deepseek-r1:1.5b,run3_p5,78.53,61.0,,,off
18081.007,,deepseek-r1:1.5b,run3_p5,112.11,63.0,,,off
18081.537,,deepseek-r1:1.5b,run3_p6,88.78,54.0,,,off
18082.077,,deepseek-r1:1.5b,run3_p7,50.38,54.0,,,off
18082.603,,deepseek-r1:1.5b,run3_p7,74.76,58.0,,,off
18083.127,,deepseek-r1:1.5b,run3_p7,113.03,62.0,,,off
18083.657,,deepseek-r1:1.5b,run3_p7,119.60,62.0,,,off
18084.183,,deepseek-r1:1.5b,run3_p7,120.19,63.0,,,off
18084.706,,deepseek-r1:1.5b,run3_p7,122.21,64.0,,,off
18085.269,,deepseek-r1:1.5b,run3_p8,80.89,52.0,,,off
18085.796,,deepseek-r1:1.5b,run3_p8,75.22,62.0,,,off
18086.321,,deepseek-r1:1.5b,run3_p8,107.74,62.0,,,off
18086.846,,deepseek-r1:1.5b,run3_p8,120.28,63.0,,,off
18087.370,,deepseek-r1:1.5b,run3_p8,122.09,64.0,,,off
18087.897,,deepseek-r1:1.5b,run3_p8,121.87,63.0,,,off
18088.425,,deepseek-r1:1.5b,run3_p9,88.07,56.0,,,off
18088.951,,deepseek-r1:1.5b,run3_p9,78.12,56.0,,,off
18089.475,,deepseek-r1:1.5b,run3_p9,111.38,62.0,,,off
18090.005,,deepseek-r1:1.5b,run3_p10,110.72,54.0,,,off
18090.532,,deepseek-r1:1.5b,run3_p10,100.01,62.0,,,off
18091.057,,deepseek-r1:1.5b,run3_p10,109.54,63.0,,,off
18091.582,,deepseek-r1:1.5b,run3_p10,120.33,63.0,,,off
18092.108,,deepseek-r1:1.5b,run3_p10,121.34,64.0,,,off
18092.639,,deepseek-r1:1.5b,run3_p11,110.16,60.0,,,off
18093.165,,deepseek-r1:1.5b,run3_p11,97.49,62.0,,,off
18093.689,,deepseek-r1:1.5b,run3_p11,108.57,63.0,,,off
18094.216,,deepseek-r1:1.5b,run3_p11,119.79,64.0,,,off
18094.740,,deepseek-r1:1.5b,run3_p11,120.31,64.0,,,off
18095.262,,deepseek-r1:1.5b,run3_p11,121.58,64.0,,,off
18095.786,,deepseek-r1:1.5b,run3_p11,123.36,64.0,,,off
18096.311,,deepseek-r1:1.5b,run3_p11,123.51,64.0,,,off
18096.834,,deepseek-r1:1.5b,run3_p11,123.33,64.0,,,off
18097.400,,deepseek-r1:1.5b,run3_p12,123.99,64.0,,,off
18097.923,,deepseek-r1:1.5b,run3_p12,115.21,64.0,,,off
18098.451,,deepseek-r1:1.5b,run3_p12,113.70,64.0,,,off
18098.975,,deepseek-r1:1.5b,run3_p12,120.93,64.0,,,off
18099.499,,deepseek-r1:1.5b,run3_p12,120.62,64.0,,,off
18100.024,,deepseek-r1:1.5b,run3_p12,119.49,64.0,,,off
18100.550,,deepseek-r1:1.5b,run3_p12,118.69,64.0,,,off
18101.078,,deepseek-r1:1.5b,run3_p12,119.49,64.0,,,off
18101.603,,deepseek-r1:1.5b,run3_p12,121.29,64.0,,,off
18102.128,,deepseek-r1:1.5b,run3_p13,106.40,64.0,,,off
18102.654,,deepseek-r1:1.5b,run3_p13,96.07,63.0,,,off
18103.181,,deepseek-r1:1.5b,run3_p13,110.75,64.0,,,off
18103.711,,deepseek-r1:1.5b,run3_p13,119.47,64.0,,,off
18104.238,,deepseek-r1:1.5b,run3_p14,93.39,55.0,,,off
18104.824,,deepseek-r1:1.5b,run3_p14,85.94,62.0,,,off
18105.349,,deepseek-r1:1.5b,run3_p14,111.05,63.0,,,off
18105.875,,deepseek-r1:1.5b,run3_p14,118.08,64.0,,,off
18106.398,,deepseek-r1:1.5b,run3_p14,118.65,63.0,,,off
18106.922,,deepseek-r1:1.5b,run3_p14,119.00,64.0,,,off
18107.449,,deepseek-r1:1.5b,run3_p14,119.11,63.0,,,off
18107.972,,deepseek-r1:1.5b,run3_p14,119.49,63.0,,,off
18133.730,,deepseek-r1:7b,idle,24.98,45.0,,,on
18134.260,,deepseek-r1:7b,idle,24.96,45.0,,,on
18134.782,,deepseek-r1:7b,idle,24.87,45.0,,,on
18135.305,,deepseek-r1:7b,idle,22.70,45.0,,,on
18135.831,,deepseek-r1:7b,idle,19.63,45.0,,,on
18136.361,,deepseek-r1:7b,idle,17.69,45.0,,,on
18136.889,,deepseek-r1:7b,idle,17.11,44.0,,,on
18137.416,,deepseek-r1:7b,idle,16.74,44.0,,,on
18137.941,,deepseek-r1:7b,idle,15.37,44.0,,,on
18138.464,,deepseek-r1:7b,idle,14.50,44.0,,,on
18138.989,,deepseek-r1:7b,idle,14.38,44.0,,,on
18139.513,,deepseek-r1:7b,idle,14.30,44.0,,,on
18140.040,,deepseek-r1:7b,idle,14.37,44.0,,,on
18140.563,,deepseek-r1:7b,idle,14.44,44.0,,,on
18141.087,,deepseek-r1:7b,idle,14.28,44.0,,,on
18141.610,,deepseek-r1:7b,idle,15.06,44.0,,,on
18142.136,,deepseek-r1:7b,idle,15.33,44.0,,,on
18142.659,,deepseek-r1:7b,idle,15.29,44.0,,,on
18143.186,,deepseek-r1:7b,idle,15.24,44.0,,,on
18143.712,,deepseek-r1:7b,idle,14.35,43.0,,,on
18144.242,,deepseek-r1:7b,run1_p0,15.22,43.0,,,on
18144.821,,deepseek-r1:7b,run1_p0,37.67,44.0,,,on
18145.346,,deepseek-r1:7b,run1_p1,47.92,48.0,,,on
18145.871,,deepseek-r1:7b,run1_p1,73.74,46.0,,,on
18146.399,,deepseek-r1:7b,run1_p1,121.30,60.0,,,on
18146.923,,deepseek-r1:7b,run1_p1,131.09,59.0,,,on
18147.450,,deepseek-r1:7b,run1_p1,130.68,60.0,,,on
18147.974,,deepseek-r1:7b,run1_p1,131.85,61.0,,,on
18148.498,,deepseek-r1:7b,run1_p1,132.62,61.0,,,on
18149.022,,deepseek-r1:7b,run1_p1,132.69,61.0,,,on
18149.546,,deepseek-r1:7b,run1_p1,132.79,61.0,,,on
18150.073,,deepseek-r1:7b,run1_p1,133.29,62.0,,,on
18150.596,,deepseek-r1:7b,run1_p1,133.19,62.0,,,on
18151.120,,deepseek-r1:7b,run1_p1,133.20,62.0,,,on
18151.646,,deepseek-r1:7b,run1_p1,133.43,62.0,,,on
18152.169,,deepseek-r1:7b,run1_p1,133.88,63.0,,,on
18152.692,,deepseek-r1:7b,run1_p1,133.72,63.0,,,on
18153.216,,deepseek-r1:7b,run1_p1,133.20,63.0,,,on
18153.740,,deepseek-r1:7b,run1_p1,134.24,63.0,,,on
18154.266,,deepseek-r1:7b,run1_p2,111.90,54.0,,,on
18154.789,,deepseek-r1:7b,run1_p2,102.54,61.0,,,on
18155.313,,deepseek-r1:7b,run1_p2,125.49,63.0,,,on
18155.839,,deepseek-r1:7b,run1_p2,134.56,63.0,,,on
18156.365,,deepseek-r1:7b,run1_p2,133.84,63.0,,,on
18156.890,,deepseek-r1:7b,run1_p2,133.46,64.0,,,on
18157.413,,deepseek-r1:7b,run1_p2,133.93,63.0,,,on
18157.939,,deepseek-r1:7b,run1_p2,133.84,63.0,,,on
18158.465,,deepseek-r1:7b,run1_p2,134.29,64.0,,,on
18158.989,,deepseek-r1:7b,run1_p2,134.63,64.0,,,on
18159.514,,deepseek-r1:7b,run1_p2,134.40,64.0,,,on
18160.038,,deepseek-r1:7b,run1_p2,134.11,65.0,,,on
18160.561,,deepseek-r1:7b,run1_p2,134.37,65.0,,,on
18161.128,,deepseek-r1:7b,run1_p3,109.79,58.0,,,on
18161.651,,deepseek-r1:7b,run1_p3,108.08,62.0,,,on
18162.175,,deepseek-r1:7b,run1_p3,125.43,64.0,,,on
18162.706,,deepseek-r1:7b,run1_p3,133.92,64.0,,,on
18163.230,,deepseek-r1:7b,run1_p3,133.73,65.0,,,on
18163.753,,deepseek-r1:7b,run1_p3,135.83,65.0,,,on
18164.277,,deepseek-r1:7b,run1_p3,136.24,65.0,,,on
18164.801,,deepseek-r1:7b,run1_p3,135.93,65.0,,,on
18165.326,,deepseek-r1:7b,run1_p3,136.01,65.0,,,on
18165.855,,deepseek-r1:7b,run1_p4,131.17,65.0,,,on
18166.380,,deepseek-r1:7b,run1_p4,121.18,64.0,,,on
18166.919,,deepseek-r1:7b,run1_p5,116.20,65.0,,,on
18167.442,,deepseek-r1:7b,run1_p5,117.27,64.0,,,on
18167.966,,deepseek-r1:7b,run1_p5,127.08,65.0,,,on
18168.490,,deepseek-r1:7b,run1_p5,136.23,65.0,,,on
18169.012,,deepseek-r1:7b,run1_p5,135.46,65.0,,,on
18169.538,,deepseek-r1:7b,run1_p5,135.46,65.0,,,on
18170.061,,deepseek-r1:7b,run1_p5,136.16,65.0,,,on
18170.608,,deepseek-r1:7b,run1_p5,136.26,65.0,,,on
18171.134,,deepseek-r1:7b,run1_p5,136.03,66.0,,,on
18171.658,,deepseek-r1:7b,run1_p5,135.96,66.0,,,on
18172.182,,deepseek-r1:7b,run1_p5,135.68,66.0,,,on
18172.713,,deepseek-r1:7b,run1_p5,135.24,65.0,,,on
18173.238,,deepseek-r1:7b,run1_p5,135.13,66.0,,,on
18173.764,,deepseek-r1:7b,run1_p5,133.45,65.0,,,on
18174.288,,deepseek-r1:7b,run1_p5,133.10,66.0,,,on
18174.816,,deepseek-r1:7b,run1_p6,97.32,55.0,,,on
18175.339,,deepseek-r1:7b,run1_p6,84.85,62.0,,,on
18175.863,,deepseek-r1:7b,run1_p6,123.19,65.0,,,on
18176.386,,deepseek-r1:7b,run1_p6,135.97,66.0,,,on
18176.908,,deepseek-r1:7b,run1_p6,135.36,66.0,,,on
18177.432,,deepseek-r1:7b,run1_p6,135.52,66.0,,,on
18177.955,,deepseek-r1:7b,run1_p6,135.50,66.0,,,on
18178.478,,deepseek-r1:7b,run1_p6,135.38,66.0,,,on
18179.021,,deepseek-r1:7b,run1_p6,135.22,65.0,,,on
18179.545,,deepseek-r1:7b,run1_p6,135.45,66.0,,,on
18180.069,,deepseek-r1:7b,run1_p6,136.09,66.0,,,on
18180.594,,deepseek-r1:7b,run1_p6,135.47,66.0,,,on
18181.121,,deepseek-r1:7b,run1_p6,134.85,66.0,,,on
18181.647,,deepseek-r1:7b,run1_p6,135.67,66.0,,,on
18182.172,,deepseek-r1:7b,run1_p6,136.15,66.0,,,on
18182.696,,deepseek-r1:7b,run1_p6,136.33,66.0,,,on
18183.219,,deepseek-r1:7b,run1_p6,136.65,66.0,,,on
18183.742,,deepseek-r1:7b,run1_p6,136.80,66.0,,,on
18184.265,,deepseek-r1:7b,run1_p6,136.77,67.0,,,on
18184.788,,deepseek-r1:7b,run1_p6,136.90,67.0,,,on
18185.312,,deepseek-r1:7b,run1_p6,135.23,66.0,,,on
18185.837,,deepseek-r1:7b,run1_p6,135.23,67.0,,,on
18186.361,,deepseek-r1:7b,run1_p6,136.88,67.0,,,on
18186.885,,deepseek-r1:7b,run1_p6,136.87,67.0,,,on
18187.408,,deepseek-r1:7b,run1_p6,137.13,67.0,,,on
18187.932,,deepseek-r1:7b,run1_p6,137.21,67.0,,,on
18188.457,,deepseek-r1:7b,run1_p6,137.30,67.0,,,on
18188.983,,deepseek-r1:7b,run1_p6,136.83,67.0,,,on
18189.506,,deepseek-r1:7b,run1_p6,136.84,67.0,,,on
18190.029,,deepseek-r1:7b,run1_p6,137.11,67.0,,,on
18190.555,,deepseek-r1:7b,run1_p6,136.90,67.0,,,on
18191.080,,deepseek-r1:7b,run1_p6,136.65,66.0,,,on
18191.602,,deepseek-r1:7b,run1_p6,136.62,67.0,,,on
18192.192,,deepseek-r1:7b,run1_p6,135.29,66.0,,,on
18192.717,,deepseek-r1:7b,run1_p6,134.83,66.0,,,on
18193.242,,deepseek-r1:7b,run1_p6,134.58,66.0,,,on
18193.768,,deepseek-r1:7b,run1_p6,135.03,67.0,,,on
18194.292,,deepseek-r1:7b,run1_p6,136.96,67.0,,,on
18194.816,,deepseek-r1:7b,run1_p6,136.81,67.0,,,on
18195.340,,deepseek-r1:7b,run1_p6,137.09,67.0,,,on
18195.866,,deepseek-r1:7b,run1_p6,137.15,67.0,,,on
18196.391,,deepseek-r1:7b,run1_p6,136.62,67.0,,,on
18196.915,,deepseek-r1:7b,run1_p6,136.10,67.0,,,on
18197.441,,deepseek-r1:7b,run1_p7,133.88,67.0,,,on
18197.965,,deepseek-r1:7b,run1_p7,121.39,66.0,,,on
18198.490,,deepseek-r1:7b,run1_p7,123.34,67.0,,,on
18199.014,,deepseek-r1:7b,run1_p7,137.12,67.0,,,on
18199.538,,deepseek-r1:7b,run1_p7,137.62,67.0,,,on
18200.063,,deepseek-r1:7b,run1_p7,135.94,67.0,,,on
18200.586,,deepseek-r1:7b,run1_p7,133.68,66.0,,,on
18201.110,,deepseek-r1:7b,run1_p7,134.89,67.0,,,on
18201.633,,deepseek-r1:7b,run1_p7,136.07,67.0,,,on
18202.157,,deepseek-r1:7b,run1_p7,135.77,67.0,,,on
18202.682,,deepseek-r1:7b,run1_p7,136.10,66.0,,,on
18203.206,,deepseek-r1:7b,run1_p7,135.80,67.0,,,on
18203.730,,deepseek-r1:7b,run1_p7,135.06,66.0,,,on
18204.254,,deepseek-r1:7b,run1_p7,135.32,67.0,,,on
18204.778,,deepseek-r1:7b,run1_p7,135.75,67.0,,,on
18205.302,,deepseek-r1:7b,run1_p7,135.79,67.0,,,on
18205.825,,deepseek-r1:7b,run1_p7,135.87,67.0,,,on
18206.348,,deepseek-r1:7b,run1_p7,136.28,67.0,,,on
18206.873,,deepseek-r1:7b,run1_p7,136.68,67.0,,,on
18207.397,,deepseek-r1:7b,run1_p7,135.92,67.0,,,on
18207.928,,deepseek-r1:7b,run1_p7,136.23,67.0,,,on
18208.455,,deepseek-r1:7b,run1_p7,136.88,67.0,,,on
18208.979,,deepseek-r1:7b,run1_p7,136.82,67.0,,,on
18209.513,,deepseek-r1:7b,run1_p7,137.06,67.0,,,on
18210.039,,deepseek-r1:7b,run1_p7,137.14,67.0,,,on
18210.562,,deepseek-r1:7b,run1_p7,137.26,67.0,,,on
18211.086,,deepseek-r1:7b,run1_p7,136.13,67.0,,,on
18211.610,,deepseek-r1:7b,run1_p7,134.97,67.0,,,on
18212.134,,deepseek-r1:7b,run1_p7,135.82,67.0,,,on
18212.672,,deepseek-r1:7b,run1_p8,124.35,67.0,,,on
18213.195,,deepseek-r1:7b,run1_p8,114.18,64.0,,,on
18213.718,,deepseek-r1:7b,run1_p8,126.55,67.0,,,on
18214.242,,deepseek-r1:7b,run1_p8,135.82,67.0,,,on
18214.766,,deepseek-r1:7b,run1_p8,134.46,67.0,,,on
18215.290,,deepseek-r1:7b,run1_p8,134.65,67.0,,,on
18215.814,,deepseek-r1:7b,run1_p8,135.17,66.0,,,on
18216.338,,deepseek-r1:7b,run1_p8,135.55,67.0,,,on
18216.862,,deepseek-r1:7b,run1_p8,135.80,67.0,,,on
18217.387,,deepseek-r1:7b,run1_p8,136.28,67.0,,,on
18217.911,,deepseek-r1:7b,run1_p8,136.13,67.0,,,on
18218.435,,deepseek-r1:7b,run1_p8,136.32,67.0,,,on
18218.958,,deepseek-r1:7b,run1_p8,136.41,67.0,,,on
18219.482,,deepseek-r1:7b,run1_p8,135.67,67.0,,,on
18220.007,,deepseek-r1:7b,run1_p8,135.23,67.0,,,on
18220.530,,deepseek-r1:7b,run1_p8,135.97,67.0,,,on
18221.054,,deepseek-r1:7b,run1_p8,136.26,67.0,,,on
18221.591,,deepseek-r1:7b,run1_p8,134.78,66.0,,,on
18222.115,,deepseek-r1:7b,run1_p8,134.79,67.0,,,on
18222.638,,deepseek-r1:7b,run1_p8,136.88,67.0,,,on
18223.162,,deepseek-r1:7b,run1_p8,136.00,67.0,,,on
18223.687,,deepseek-r1:7b,run1_p8,135.49,67.0,,,on
18224.213,,deepseek-r1:7b,run1_p8,136.68,67.0,,,on
18224.737,,deepseek-r1:7b,run1_p8,135.92,67.0,,,on
18225.262,,deepseek-r1:7b,run1_p8,136.39,67.0,,,on
18225.785,,deepseek-r1:7b,run1_p8,137.21,67.0,,,on
18226.309,,deepseek-r1:7b,run1_p8,136.73,67.0,,,on
18226.833,,deepseek-r1:7b,run1_p8,136.13,67.0,,,on
18227.357,,deepseek-r1:7b,run1_p8,136.85,67.0,,,on
18227.883,,deepseek-r1:7b,run1_p8,137.64,67.0,,,on
18228.407,,deepseek-r1:7b,run1_p8,137.76,67.0,,,on
18228.931,,deepseek-r1:7b,run1_p8,137.68,67.0,,,on
18229.458,,deepseek-r1:7b,run1_p8,137.53,67.0,,,on
18229.983,,deepseek-r1:7b,run1_p8,137.28,67.0,,,on
18230.507,,deepseek-r1:7b,run1_p8,136.35,67.0,,,on
18231.032,,deepseek-r1:7b,run1_p8,136.36,67.0,,,on
18231.558,,deepseek-r1:7b,run1_p8,136.51,67.0,,,on
18232.082,,deepseek-r1:7b,run1_p8,136.20,67.0,,,on
18232.607,,deepseek-r1:7b,run1_p8,136.46,67.0,,,on
18233.130,,deepseek-r1:7b,run1_p8,136.37,67.0,,,on
18233.654,,deepseek-r1:7b,run1_p8,136.94,67.0,,,on
18234.179,,deepseek-r1:7b,run1_p8,137.55,67.0,,,on
18234.702,,deepseek-r1:7b,run1_p8,137.38,67.0,,,on
18235.226,,deepseek-r1:7b,run1_p8,136.34,67.0,,,on
18235.752,,deepseek-r1:7b,run1_p8,135.57,67.0,,,on
18236.275,,deepseek-r1:7b,run1_p8,135.86,67.0,,,on
18236.799,,deepseek-r1:7b,run1_p8,136.75,67.0,,,on
18237.325,,deepseek-r1:7b,run1_p8,137.24,67.0,,,on
18237.850,,deepseek-r1:7b,run1_p8,137.60,67.0,,,on
18238.373,,deepseek-r1:7b,run1_p8,138.07,67.0,,,on
18238.923,,deepseek-r1:7b,run1_p9,129.16,68.0,,,on
18239.445,,deepseek-r1:7b,run1_p9,117.51,64.0,,,on
18239.969,,deepseek-r1:7b,run1_p9,125.81,67.0,,,on
18240.494,,deepseek-r1:7b,run1_p9,136.68,67.0,,,on
18241.040,,deepseek-r1:7b,run1_p9,136.79,67.0,,,on
18241.562,,deepseek-r1:7b,run1_p9,136.56,67.0,,,on
18242.094,,deepseek-r1:7b,run1_p9,137.09,67.0,,,on
18242.618,,deepseek-r1:7b,run1_p9,137.46,67.0,,,on
18243.143,,deepseek-r1:7b,run1_p9,137.35,67.0,,,on
18243.667,,deepseek-r1:7b,run1_p9,137.71,67.0,,,on
18244.192,,deepseek-r1:7b,run1_p9,137.33,67.0,,,on
18244.717,,deepseek-r1:7b,run1_p9,136.27,67.0,,,on
18245.240,,deepseek-r1:7b,run1_p9,136.04,67.0,,,on
18245.764,,deepseek-r1:7b,run1_p9,136.39,67.0,,,on
18246.287,,deepseek-r1:7b,run1_p9,136.74,67.0,,,on
18246.814,,deepseek-r1:7b,run1_p9,137.47,67.0,,,on
18247.341,,deepseek-r1:7b,run1_p9,137.12,67.0,,,on
18247.878,,deepseek-r1:7b,run1_p9,137.11,67.0,,,on
18248.411,,deepseek-r1:7b,run1_p10,103.31,55.0,,,on
18248.938,,deepseek-r1:7b,run1_p10,92.01,66.0,,,on
18249.462,,deepseek-r1:7b,run1_p10,126.11,67.0,,,on
18249.988,,deepseek-r1:7b,run1_p10,137.55,67.0,,,on
18250.513,,deepseek-r1:7b,run1_p10,137.73,67.0,,,on
18251.037,,deepseek-r1:7b,run1_p10,137.52,67.0,,,on
18251.560,,deepseek-r1:7b,run1_p10,137.35,67.0,,,on
18252.086,,deepseek-r1:7b,run1_p10,136.99,67.0,,,on
18252.609,,deepseek-r1:7b,run1_p10,136.06,67.0,,,on
18253.135,,deepseek-r1:7b,run1_p10,134.80,66.0,,,on
18253.658,,deepseek-r1:7b,run1_p10,135.24,67.0,,,on
18254.183,,deepseek-r1:7b,run1_p10,136.15,68.0,,,on
18254.709,,deepseek-r1:7b,run1_p10,136.11,67.0,,,on
18255.233,,deepseek-r1:7b,run1_p10,136.31,67.0,,,on
18255.759,,deepseek-r1:7b,run1_p10,137.71,68.0,,,on
18256.283,,deepseek-r1:7b,run1_p10,137.59,67.0,,,on
18256.808,,deepseek-r1:7b,run1_p10,136.69,67.0,,,on
18257.333,,deepseek-r1:7b,run1_p10,137.60,67.0,,,on
18257.857,,deepseek-r1:7b,run1_p10,138.60,68.0,,,on
18258.381,,deepseek-r1:7b,run1_p10,138.97,67.0,,,on
18258.906,,deepseek-r1:7b,run1_p10,138.81,67.0,,,on
18259.429,,deepseek-r1:7b,run1_p10,137.54,67.0,,,on
18259.954,,deepseek-r1:7b,run1_p10,137.28,67.0,,,on
18260.544,,deepseek-r1:7b,run1_p10,137.09,67.0,,,on
18261.068,,deepseek-r1:7b,run1_p10,136.95,67.0,,,on
18261.592,,deepseek-r1:7b,run1_p10,137.54,67.0,,,on
18262.117,,deepseek-r1:7b,run1_p10,137.63,67.0,,,on
18262.642,,deepseek-r1:7b,run1_p10,137.53,67.0,,,on
18263.166,,deepseek-r1:7b,run1_p10,137.58,67.0,,,on
18263.690,,deepseek-r1:7b,run1_p10,137.66,67.0,,,on
18264.214,,deepseek-r1:7b,run1_p10,137.74,67.0,,,on
18264.737,,deepseek-r1:7b,run1_p10,137.88,67.0,,,on
18265.260,,deepseek-r1:7b,run1_p10,138.11,67.0,,,on
18265.784,,deepseek-r1:7b,run1_p10,138.29,67.0,,,on
18266.311,,deepseek-r1:7b,run1_p10,138.28,67.0,,,on
18266.838,,deepseek-r1:7b,run1_p10,137.93,67.0,,,on
18267.362,,deepseek-r1:7b,run1_p10,137.90,67.0,,,on
18267.888,,deepseek-r1:7b,run1_p10,138.07,67.0,,,on
18268.414,,deepseek-r1:7b,run1_p10,138.04,67.0,,,on
18268.939,,deepseek-r1:7b,run1_p10,136.71,67.0,,,on
18269.463,,deepseek-r1:7b,run1_p10,134.27,67.0,,,on
18269.987,,deepseek-r1:7b,run1_p10,135.36,68.0,,,on
18270.513,,deepseek-r1:7b,run1_p10,137.92,67.0,,,on
18271.038,,deepseek-r1:7b,run1_p10,138.25,67.0,,,on
18271.562,,deepseek-r1:7b,run1_p10,138.17,67.0,,,on
18272.085,,deepseek-r1:7b,run1_p10,138.15,67.0,,,on
18272.610,,deepseek-r1:7b,run1_p10,138.24,67.0,,,on
18273.135,,deepseek-r1:7b,run1_p10,138.41,67.0,,,on
18273.660,,deepseek-r1:7b,run1_p10,137.51,67.0,,,on
18274.203,,deepseek-r1:7b,run1_p11,122.13,58.0,,,on
18274.728,,deepseek-r1:7b,run1_p11,117.61,67.0,,,on
18275.252,,deepseek-r1:7b,run1_p11,124.23,67.0,,,on
18275.776,,deepseek-r1:7b,run1_p11,138.21,67.0,,,on
18276.301,,deepseek-r1:7b,run1_p11,138.04,67.0,,,on
18276.827,,deepseek-r1:7b,run1_p11,138.13,67.0,,,on
18277.352,,deepseek-r1:7b,run1_p11,138.75,67.0,,,on
18277.876,,deepseek-r1:7b,run1_p11,138.57,67.0,,,on
18278.400,,deepseek-r1:7b,run1_p11,137.76,67.0,,,on
18278.925,,deepseek-r1:7b,run1_p11,137.63,67.0,,,on
18279.449,,deepseek-r1:7b,run1_p11,137.99,68.0,,,on
18279.973,,deepseek-r1:7b,run1_p11,138.20,67.0,,,on
18280.496,,deepseek-r1:7b,run1_p11,138.36,68.0,,,on
18281.020,,deepseek-r1:7b,run1_p11,138.43,67.0,,,on
18281.547,,deepseek-r1:7b,run1_p11,137.72,66.0,,,on
18282.071,,deepseek-r1:7b,run1_p11,136.56,67.0,,,on
18282.594,,deepseek-r1:7b,run1_p11,136.85,67.0,,,on
18283.117,,deepseek-r1:7b,run1_p11,137.92,67.0,,,on
18283.640,,deepseek-r1:7b,run1_p11,138.25,67.0,,,on
18284.162,,deepseek-r1:7b,run1_p11,138.45,68.0,,,on
18284.685,,deepseek-r1:7b,run1_p11,138.56,68.0,,,on
18285.209,,deepseek-r1:7b,run1_p11,138.56,67.0,,,on
18285.733,,deepseek-r1:7b,run1_p11,138.72,68.0,,,on
18286.256,,deepseek-r1:7b,run1_p11,138.41,67.0,,,on
18286.779,,deepseek-r1:7b,run1_p11,138.40,67.0,,,on
18287.303,,deepseek-r1:7b,run1_p11,137.35,67.0,,,on
18287.827,,deepseek-r1:7b,run1_p11,136.66,67.0,,,on
18288.352,,deepseek-r1:7b,run1_p11,137.50,67.0,,,on
18288.874,,deepseek-r1:7b,run1_p11,136.93,68.0,,,on
18289.398,,deepseek-r1:7b,run1_p11,137.40,68.0,,,on
18289.921,,deepseek-r1:7b,run1_p11,138.65,68.0,,,on
18290.446,,deepseek-r1:7b,run1_p11,138.06,68.0,,,on
18290.971,,deepseek-r1:7b,run1_p11,136.67,67.0,,,on
18291.497,,deepseek-r1:7b,run1_p11,136.12,67.0,,,on
18292.021,,deepseek-r1:7b,run1_p11,137.38,67.0,,,on
18292.545,,deepseek-r1:7b,run1_p11,138.45,67.0,,,on
18293.070,,deepseek-r1:7b,run1_p11,138.67,67.0,,,on
18293.594,,deepseek-r1:7b,run1_p11,138.74,68.0,,,on
18294.119,,deepseek-r1:7b,run1_p11,138.82,67.0,,,on
18294.643,,deepseek-r1:7b,run1_p11,139.02,68.0,,,on
18295.167,,deepseek-r1:7b,run1_p11,139.09,67.0,,,on
18295.700,,deepseek-r1:7b,run1_p11,138.75,68.0,,,on
18296.222,,deepseek-r1:7b,run1_p11,138.77,68.0,,,on
18296.747,,deepseek-r1:7b,run1_p11,138.82,68.0,,,on
18297.300,,deepseek-r1:7b,run1_p11,136.89,67.0,,,on
18297.872,,deepseek-r1:7b,run1_p12,128.04,67.0,,,on
18298.397,,deepseek-r1:7b,run1_p12,122.32,64.0,,,on
18298.921,,deepseek-r1:7b,run1_p12,130.70,67.0,,,on
18299.444,,deepseek-r1:7b,run1_p12,138.48,68.0,,,on
18299.968,,deepseek-r1:7b,run1_p12,138.71,67.0,,,on
18300.495,,deepseek-r1:7b,run1_p12,138.57,67.0,,,on
18301.020,,deepseek-r1:7b,run1_p12,138.77,68.0,,,on
18301.542,,deepseek-r1:7b,run1_p12,138.79,68.0,,,on
18302.066,,deepseek-r1:7b,run1_p12,137.98,67.0,,,on
18302.592,,deepseek-r1:7b,run1_p12,135.54,67.0,,,on
18303.120,,deepseek-r1:7b,run1_p12,135.49,67.0,,,on
18303.645,,deepseek-r1:7b,run1_p12,136.76,67.0,,,on
18304.179,,deepseek-r1:7b,run1_p12,136.66,68.0,,,on
18304.709,,deepseek-r1:7b,run1_p12,136.95,67.0,,,on
18305.235,,deepseek-r1:7b,run1_p12,136.62,67.0,,,on
18305.767,,deepseek-r1:7b,run1_p12,135.75,67.0,,,on
18306.318,,deepseek-r1:7b,run1_p12,134.99,67.0,,,on
18306.845,,deepseek-r1:7b,run1_p12,135.74,67.0,,,on
18307.374,,deepseek-r1:7b,run1_p12,135.99,67.0,,,on
18307.900,,deepseek-r1:7b,run1_p12,136.20,68.0,,,on
18308.429,,deepseek-r1:7b,run1_p12,137.53,68.0,,,on
18308.964,,deepseek-r1:7b,run1_p13,111.78,68.0,,,on
18309.493,,deepseek-r1:7b,run1_p13,105.26,63.0,,,on
18310.025,,deepseek-r1:7b,run1_p13,129.69,67.0,,,on
18310.603,,deepseek-r1:7b,run1_p13,134.87,67.0,,,on
18311.127,,deepseek-r1:7b,run1_p13,135.17,67.0,,,on
18311.650,,deepseek-r1:7b,run1_p13,136.42,67.0,,,on
18312.175,,deepseek-r1:7b,run1_p13,137.82,68.0,,,on
18312.699,,deepseek-r1:7b,run1_p13,138.03,67.0,,,on
18313.225,,deepseek-r1:7b,run1_p13,137.79,67.0,,,on
18313.753,,deepseek-r1:7b,run1_p13,137.79,67.0,,,on
18314.280,,deepseek-r1:7b,run1_p13,137.37,67.0,,,on
18314.807,,deepseek-r1:7b,run1_p13,137.03,68.0,,,on
18315.333,,deepseek-r1:7b,run1_p13,137.21,67.0,,,on
18315.876,,deepseek-r1:7b,run1_p13,137.35,67.0,,,on
18316.404,,deepseek-r1:7b,run1_p13,136.38,66.0,,,on
18316.930,,deepseek-r1:7b,run1_p13,134.43,67.0,,,on
18317.461,,deepseek-r1:7b,run1_p13,134.22,67.0,,,on
18317.987,,deepseek-r1:7b,run1_p13,134.73,67.0,,,on
18318.512,,deepseek-r1:7b,run1_p13,134.18,67.0,,,on
18319.037,,deepseek-r1:7b,run1_p13,134.90,67.0,,,on
18319.562,,deepseek-r1:7b,run1_p13,136.81,67.0,,,on
18320.086,,deepseek-r1:7b,run1_p13,136.91,67.0,,,on
18320.611,,deepseek-r1:7b,run1_p13,136.96,67.0,,,on
18321.134,,deepseek-r1:7b,run1_p13,137.20,67.0,,,on
18321.658,,deepseek-r1:7b,run1_p13,137.59,67.0,,,on
18322.183,,deepseek-r1:7b,run1_p13,137.71,68.0,,,on
18322.721,,deepseek-r1:7b,run1_p13,136.44,67.0,,,on
18323.246,,deepseek-r1:7b,run1_p13,134.89,67.0,,,on
18323.783,,deepseek-r1:7b,run1_p13,136.12,67.0,,,on
18324.307,,deepseek-r1:7b,run1_p13,137.28,67.0,,,on
18324.831,,deepseek-r1:7b,run1_p13,137.22,67.0,,,on
18325.357,,deepseek-r1:7b,run1_p13,136.76,67.0,,,on
18325.881,,deepseek-r1:7b,run1_p13,136.62,67.0,,,on
18326.408,,deepseek-r1:7b,run1_p13,137.35,67.0,,,on
18326.937,,deepseek-r1:7b,run1_p13,137.40,67.0,,,on
18327.461,,deepseek-r1:7b,run1_p13,137.26,67.0,,,on
18328.003,,deepseek-r1:7b,run1_p13,137.61,67.0,,,on
18328.529,,deepseek-r1:7b,run1_p13,137.25,67.0,,,on
18329.057,,deepseek-r1:7b,run1_p13,135.78,67.0,,,on
18329.581,,deepseek-r1:7b,run1_p13,134.85,67.0,,,on
18330.118,,deepseek-r1:7b,run1_p14,119.98,58.0,,,on
18330.685,,deepseek-r1:7b,run1_p14,105.72,64.0,,,on
18331.209,,deepseek-r1:7b,run1_p14,130.56,67.0,,,on
18331.734,,deepseek-r1:7b,run1_p14,137.18,67.0,,,on
18332.261,,deepseek-r1:7b,run1_p14,135.78,67.0,,,on
18332.788,,deepseek-r1:7b,run1_p14,136.63,67.0,,,on
18333.311,,deepseek-r1:7b,run1_p14,137.84,67.0,,,on
18333.837,,deepseek-r1:7b,run1_p14,137.89,67.0,,,on
18334.362,,deepseek-r1:7b,run1_p14,136.94,68.0,,,on
18334.886,,deepseek-r1:7b,run1_p14,135.64,67.0,,,on
18335.418,,deepseek-r1:7b,run1_p14,136.32,67.0,,,on
18335.943,,deepseek-r1:7b,run1_p14,136.86,67.0,,,on
18336.469,,deepseek-r1:7b,run1_p14,137.86,67.0,,,on
18336.992,,deepseek-r1:7b,run1_p14,138.88,67.0,,,on
18337.516,,deepseek-r1:7b,run1_p14,138.87,67.0,,,on
18338.039,,deepseek-r1:7b,run1_p14,138.33,68.0,,,on
18338.566,,deepseek-r1:7b,run1_p14,137.98,67.0,,,on
18339.092,,deepseek-r1:7b,run1_p14,138.27,67.0,,,on
18339.615,,deepseek-r1:7b,run1_p14,138.16,67.0,,,on
18340.143,,deepseek-r1:7b,run1_p14,137.75,67.0,,,on
18340.669,,deepseek-r1:7b,run1_p14,137.11,67.0,,,on
18341.195,,deepseek-r1:7b,run1_p14,137.36,67.0,,,on
18341.720,,deepseek-r1:7b,run1_p14,137.11,67.0,,,on
18342.245,,deepseek-r1:7b,run1_p14,137.02,67.0,,,on
18342.769,,deepseek-r1:7b,run1_p14,137.80,67.0,,,on
18343.293,,deepseek-r1:7b,run1_p14,138.02,67.0,,,on
18343.817,,deepseek-r1:7b,run1_p14,138.03,68.0,,,on
18344.342,,deepseek-r1:7b,run1_p14,137.62,67.0,,,on
18344.865,,deepseek-r1:7b,run1_p14,137.73,67.0,,,on
18345.391,,deepseek-r1:7b,run1_p14,137.79,67.0,,,on
18345.913,,deepseek-r1:7b,run1_p14,137.18,67.0,,,on
18346.438,,deepseek-r1:7b,run1_p14,136.55,67.0,,,on
18346.964,,deepseek-r1:7b,run1_p14,137.27,67.0,,,on
18347.486,,deepseek-r1:7b,run1_p14,137.76,67.0,,,on
18348.009,,deepseek-r1:7b,run1_p14,138.04,67.0,,,on
18348.532,,deepseek-r1:7b,run1_p14,138.08,67.0,,,on
18349.066,,deepseek-r1:7b,run2_p0,89.33,55.0,,,on
18349.598,,deepseek-r1:7b,run2_p1,66.89,58.0,,,on
18350.123,,deepseek-r1:7b,run2_p1,96.59,65.0,,,on
18350.647,,deepseek-r1:7b,run2_p1,126.98,66.0,,,on
18351.173,,deepseek-r1:7b,run2_p1,137.09,67.0,,,on
18351.697,,deepseek-r1:7b,run2_p1,137.68,66.0,,,on
18352.222,,deepseek-r1:7b,run2_p1,137.67,67.0,,,on
18352.748,,deepseek-r1:7b,run2_p1,137.63,67.0,,,on
18353.271,,deepseek-r1:7b,run2_p1,138.06,67.0,,,on
18353.798,,deepseek-r1:7b,run2_p1,138.39,68.0,,,on
18354.322,,deepseek-r1:7b,run2_p1,138.58,67.0,,,on
18354.849,,deepseek-r1:7b,run2_p1,138.81,67.0,,,on
18355.376,,deepseek-r1:7b,run2_p1,136.29,66.0,,,on
18355.902,,deepseek-r1:7b,run2_p1,134.81,67.0,,,on
18356.426,,deepseek-r1:7b,run2_p1,137.34,67.0,,,on
18356.951,,deepseek-r1:7b,run2_p1,138.42,67.0,,,on
18357.491,,deepseek-r1:7b,run2_p1,138.09,67.0,,,on
18358.019,,deepseek-r1:7b,run2_p1,138.52,67.0,,,on
18358.553,,deepseek-r1:7b,run2_p1,138.91,67.0,,,on
18359.077,,deepseek-r1:7b,run2_p1,137.66,67.0,,,on
18359.601,,deepseek-r1:7b,run2_p1,136.94,67.0,,,on
18360.127,,deepseek-r1:7b,run2_p1,137.34,67.0,,,on
18360.661,,deepseek-r1:7b,run2_p2,95.62,55.0,,,on
18361.191,,deepseek-r1:7b,run2_p2,86.66,66.0,,,on
18361.721,,deepseek-r1:7b,run2_p2,128.00,66.0,,,on
18362.245,,deepseek-r1:7b,run2_p2,136.41,67.0,,,on
18362.772,,deepseek-r1:7b,run2_p2,135.87,67.0,,,on
18363.306,,deepseek-r1:7b,run2_p2,133.01,66.0,,,on
18363.830,,deepseek-r1:7b,run2_p2,133.14,67.0,,,on
18364.357,,deepseek-r1:7b,run2_p2,134.60,67.0,,,on
18364.880,,deepseek-r1:7b,run2_p2,134.56,67.0,,,on
18365.433,,deepseek-r1:7b,run2_p2,134.45,66.0,,,on
18366.010,,deepseek-r1:7b,run2_p2,134.52,66.0,,,on
18366.534,,deepseek-r1:7b,run2_p2,134.84,67.0,,,on
18367.058,,deepseek-r1:7b,run2_p2,136.20,67.0,,,on
18367.603,,deepseek-r1:7b,run2_p3,136.99,67.0,,,on
18368.127,,deepseek-r1:7b,run2_p3,123.69,65.0,,,on
18368.653,,deepseek-r1:7b,run2_p3,124.19,67.0,,,on
18369.177,,deepseek-r1:7b,run2_p3,137.73,67.0,,,on
18369.701,,deepseek-r1:7b,run2_p3,136.44,67.0,,,on
18370.235,,deepseek-r1:7b,run2_p3,134.86,66.0,,,on
18370.764,,deepseek-r1:7b,run2_p3,134.23,66.0,,,on
18371.297,,deepseek-r1:7b,run2_p3,132.96,67.0,,,on
18371.829,,deepseek-r1:7b,run2_p3,133.51,66.0,,,on
18372.357,,deepseek-r1:7b,run2_p3,135.17,67.0,,,on
18372.885,,deepseek-r1:7b,run2_p4,134.02,67.0,,,on
18373.412,,deepseek-r1:7b,run2_p4,126.14,67.0,,,on
18373.948,,deepseek-r1:7b,run2_p5,112.31,67.0,,,on
18374.474,,deepseek-r1:7b,run2_p5,113.38,65.0,,,on
18374.999,,deepseek-r1:7b,run2_p5,129.61,67.0,,,on
18375.527,,deepseek-r1:7b,run2_p5,137.10,67.0,,,on
18376.052,,deepseek-r1:7b,run2_p5,137.02,67.0,,,on
18376.575,,deepseek-r1:7b,run2_p5,136.29,67.0,,,on
18377.155,,deepseek-r1:7b,run2_p5,135.11,67.0,,,on
18377.681,,deepseek-r1:7b,run2_p5,134.55,67.0,,,on
18378.206,,deepseek-r1:7b,run2_p5,133.52,66.0,,,on
18378.730,,deepseek-r1:7b,run2_p5,133.87,67.0,,,on
18379.254,,deepseek-r1:7b,run2_p5,136.12,66.0,,,on
18379.778,,deepseek-r1:7b,run2_p5,137.36,66.0,,,on
18380.314,,deepseek-r1:7b,run2_p6,107.42,58.0,,,on
18380.852,,deepseek-r1:7b,run2_p6,95.27,63.0,,,on
18381.377,,deepseek-r1:7b,run2_p6,125.41,66.0,,,on
18381.903,,deepseek-r1:7b,run2_p6,136.44,67.0,,,on
18382.437,,deepseek-r1:7b,run2_p6,134.59,66.0,,,on
18382.964,,deepseek-r1:7b,run2_p6,134.33,67.0,,,on
18383.489,,deepseek-r1:7b,run2_p6,135.37,67.0,,,on
18384.013,,deepseek-r1:7b,run2_p6,136.13,67.0,,,on
18384.539,,deepseek-r1:7b,run2_p6,137.05,67.0,,,on
18385.065,,deepseek-r1:7b,run2_p6,134.65,66.0,,,on
18385.590,,deepseek-r1:7b,run2_p6,134.52,67.0,,,on
18386.114,,deepseek-r1:7b,run2_p6,135.62,66.0,,,on
18386.638,,deepseek-r1:7b,run2_p6,135.48,67.0,,,on
18387.162,,deepseek-r1:7b,run2_p6,135.31,66.0,,,on
18387.686,,deepseek-r1:7b,run2_p6,135.16,67.0,,,on
18388.210,,deepseek-r1:7b,run2_p6,136.80,67.0,,,on
18388.733,,deepseek-r1:7b,run2_p6,136.82,67.0,,,on
18389.257,,deepseek-r1:7b,run2_p6,135.79,67.0,,,on
18389.782,,deepseek-r1:7b,run2_p6,136.15,67.0,,,on
18390.306,,deepseek-r1:7b,run2_p6,137.20,67.0,,,on
18390.830,,deepseek-r1:7b,run2_p6,137.35,67.0,,,on
18391.354,,deepseek-r1:7b,run2_p6,137.50,67.0,,,on
18391.878,,deepseek-r1:7b,run2_p6,137.41,67.0,,,on
18392.402,,deepseek-r1:7b,run2_p6,137.30,67.0,,,on
18392.925,,deepseek-r1:7b,run2_p6,137.27,67.0,,,on
18393.450,,deepseek-r1:7b,run2_p6,137.39,67.0,,,on
18393.974,,deepseek-r1:7b,run2_p6,137.76,67.0,,,on
18394.497,,deepseek-r1:7b,run2_p6,137.84,67.0,,,on
18395.021,,deepseek-r1:7b,run2_p6,137.88,67.0,,,on
18395.545,,deepseek-r1:7b,run2_p6,138.03,67.0,,,on
18396.069,,deepseek-r1:7b,run2_p6,138.26,67.0,,,on
18396.602,,deepseek-r1:7b,run2_p6,138.31,67.0,,,on
18397.124,,deepseek-r1:7b,run2_p6,138.39,67.0,,,on
18397.647,,deepseek-r1:7b,run2_p6,138.50,67.0,,,on
18398.170,,deepseek-r1:7b,run2_p6,138.55,67.0,,,on
18398.693,,deepseek-r1:7b,run2_p6,137.86,67.0,,,on
18399.214,,deepseek-r1:7b,run2_p6,137.80,67.0,,,on
18399.738,,deepseek-r1:7b,run2_p6,138.28,67.0,,,on
18400.261,,deepseek-r1:7b,run2_p6,138.26,67.0,,,on
18400.785,,deepseek-r1:7b,run2_p6,138.57,67.0,,,on
18401.313,,deepseek-r1:7b,run2_p7,129.79,67.0,,,on
18401.837,,deepseek-r1:7b,run2_p7,123.61,58.0,,,on
18402.370,,deepseek-r1:7b,run2_p7,131.38,67.0,,,on
18402.893,,deepseek-r1:7b,run2_p7,137.23,67.0,,,on
18403.417,,deepseek-r1:7b,run2_p7,136.69,67.0,,,on
18403.940,,deepseek-r1:7b,run2_p7,136.74,67.0,,,on
18404.466,,deepseek-r1:7b,run2_p7,136.60,67.0,,,on
18404.990,,deepseek-r1:7b,run2_p7,136.82,67.0,,,on
18405.514,,deepseek-r1:7b,run2_p7,136.99,67.0,,,on
18406.039,,deepseek-r1:7b,run2_p7,135.05,67.0,,,on
18406.569,,deepseek-r1:7b,run2_p7,134.48,67.0,,,on
18407.095,,deepseek-r1:7b,run2_p7,136.16,67.0,,,on
18407.619,,deepseek-r1:7b,run2_p7,136.78,67.0,,,on
18408.143,,deepseek-r1:7b,run2_p7,137.30,67.0,,,on
18408.665,,deepseek-r1:7b,run2_p7,137.26,67.0,,,on
18409.190,,deepseek-r1:7b,run2_p7,137.71,68.0,,,on
18409.714,,deepseek-r1:7b,run2_p7,136.68,68.0,,,on
18410.237,,deepseek-r1:7b,run2_p7,136.65,67.0,,,on
18410.760,,deepseek-r1:7b,run2_p7,138.02,67.0,,,on
18411.285,,deepseek-r1:7b,run2_p7,138.32,67.0,,,on
18411.809,,deepseek-r1:7b,run2_p7,138.58,67.0,,,on
18412.334,,deepseek-r1:7b,run2_p7,138.10,67.0,,,on
18412.858,,deepseek-r1:7b,run2_p7,137.88,67.0,,,on
18413.382,,deepseek-r1:7b,run2_p7,138.19,67.0,,,on
18413.907,,deepseek-r1:7b,run2_p7,136.62,67.0,,,on
18414.433,,deepseek-r1:7b,run2_p7,136.51,67.0,,,on
18414.958,,deepseek-r1:7b,run2_p7,137.40,67.0,,,on
18415.483,,deepseek-r1:7b,run2_p7,134.94,67.0,,,on
18416.006,,deepseek-r1:7b,run2_p7,135.87,67.0,,,on
18416.530,,deepseek-r1:7b,run2_p7,138.47,67.0,,,on
18417.054,,deepseek-r1:7b,run2_p7,138.58,67.0,,,on
18417.576,,deepseek-r1:7b,run2_p7,138.66,67.0,,,on
18418.109,,deepseek-r1:7b,run2_p8,102.72,57.0,,,on
18418.632,,deepseek-r1:7b,run2_p8,96.36,65.0,,,on
18419.155,,deepseek-r1:7b,run2_p8,123.65,67.0,,,on
18419.678,,deepseek-r1:7b,run2_p8,138.82,68.0,,,on
18420.201,,deepseek-r1:7b,run2_p8,138.13,67.0,,,on
18420.725,,deepseek-r1:7b,run2_p8,137.12,67.0,,,on
18421.249,,deepseek-r1:7b,run2_p8,136.94,67.0,,,on
18421.777,,deepseek-r1:7b,run2_p8,135.37,67.0,,,on
18422.303,,deepseek-r1:7b,run2_p8,134.60,67.0,,,on
18422.826,,deepseek-r1:7b,run2_p8,136.37,67.0,,,on
18423.350,,deepseek-r1:7b,run2_p8,137.22,67.0,,,on
18423.879,,deepseek-r1:7b,run2_p8,136.97,67.0,,,on
18424.402,,deepseek-r1:7b,run2_p8,136.79,67.0,,,on
18424.926,,deepseek-r1:7b,run2_p8,134.81,67.0,,,on
18425.455,,deepseek-r1:7b,run2_p8,134.56,67.0,,,on
18425.979,,deepseek-r1:7b,run2_p8,135.39,67.0,,,on
18426.502,,deepseek-r1:7b,run2_p8,135.60,67.0,,,on
18427.026,,deepseek-r1:7b,run2_p8,136.72,67.0,,,on
18427.551,,deepseek-r1:7b,run2_p8,136.07,67.0,,,on
18428.075,,deepseek-r1:7b,run2_p8,136.04,67.0,,,on
18428.598,,deepseek-r1:7b,run2_p8,137.06,67.0,,,on
18429.122,,deepseek-r1:7b,run2_p8,136.82,67.0,,,on
18429.645,,deepseek-r1:7b,run2_p8,136.67,67.0,,,on
18430.169,,deepseek-r1:7b,run2_p8,136.49,67.0,,,on
18430.692,,deepseek-r1:7b,run2_p8,136.63,67.0,,,on
18431.216,,deepseek-r1:7b,run2_p8,137.60,67.0,,,on
18431.742,,deepseek-r1:7b,run2_p8,137.61,67.0,,,on
18432.265,,deepseek-r1:7b,run2_p8,137.39,67.0,,,on
18432.788,,deepseek-r1:7b,run2_p8,137.38,67.0,,,on
18433.319,,deepseek-r1:7b,run2_p8,136.62,67.0,,,on
18433.847,,deepseek-r1:7b,run2_p8,136.04,67.0,,,on
18434.372,,deepseek-r1:7b,run2_p8,136.58,67.0,,,on
18434.897,,deepseek-r1:7b,run2_p8,137.01,67.0,,,on
18435.420,,deepseek-r1:7b,run2_p8,137.46,67.0,,,on
18435.943,,deepseek-r1:7b,run2_p8,137.60,67.0,,,on
18436.472,,deepseek-r1:7b,run2_p8,137.88,67.0,,,on
18437.002,,deepseek-r1:7b,run2_p8,137.85,67.0,,,on
18437.526,,deepseek-r1:7b,run2_p8,137.44,67.0,,,on
18438.067,,deepseek-r1:7b,run2_p9,94.45,56.0,,,on
18438.593,,deepseek-r1:7b,run2_p9,83.24,63.0,,,on
18439.116,,deepseek-r1:7b,run2_p9,133.93,66.0,,,on
18439.640,,deepseek-r1:7b,run2_p9,136.90,67.0,,,on
18440.164,,deepseek-r1:7b,run2_p9,137.80,66.0,,,on
18440.688,,deepseek-r1:7b,run2_p9,137.67,67.0,,,on
18441.214,,deepseek-r1:7b,run2_p9,137.62,67.0,,,on
18441.738,,deepseek-r1:7b,run2_p9,137.69,67.0,,,on
18442.262,,deepseek-r1:7b,run2_p9,137.25,67.0,,,on
18442.786,,deepseek-r1:7b,run2_p9,134.90,66.0,,,on
18443.315,,deepseek-r1:7b,run2_p9,134.42,67.0,,,on
18443.840,,deepseek-r1:7b,run2_p9,136.38,67.0,,,on
18444.363,,deepseek-r1:7b,run2_p9,137.12,67.0,,,on
18444.888,,deepseek-r1:7b,run2_p9,135.84,66.0,,,on
18445.411,,deepseek-r1:7b,run2_p9,134.54,67.0,,,on
18445.939,,deepseek-r1:7b,run2_p10,96.12,58.0,,,on
18446.463,,deepseek-r1:7b,run2_p10,84.50,57.0,,,on
18446.987,,deepseek-r1:7b,run2_p10,124.11,66.0,,,on
18447.510,,deepseek-r1:7b,run2_p10,136.47,67.0,,,on
18448.035,,deepseek-r1:7b,run2_p10,136.31,67.0,,,on
18448.558,,deepseek-r1:7b,run2_p10,136.76,67.0,,,on
18449.083,,deepseek-r1:7b,run2_p10,137.24,67.0,,,on
18449.607,,deepseek-r1:7b,run2_p10,136.63,67.0,,,on
18450.133,,deepseek-r1:7b,run2_p10,136.08,66.0,,,on
18450.658,,deepseek-r1:7b,run2_p10,136.35,67.0,,,on
18451.183,,deepseek-r1:7b,run2_p10,137.02,67.0,,,on
18451.706,,deepseek-r1:7b,run2_p10,137.26,67.0,,,on
18452.230,,deepseek-r1:7b,run2_p10,137.45,67.0,,,on
18452.754,,deepseek-r1:7b,run2_p10,137.82,67.0,,,on
18453.278,,deepseek-r1:7b,run2_p10,137.75,67.0,,,on
18453.802,,deepseek-r1:7b,run2_p10,136.24,67.0,,,on
18454.331,,deepseek-r1:7b,run2_p10,136.13,66.0,,,on
18454.854,,deepseek-r1:7b,run2_p10,137.49,67.0,,,on
18455.377,,deepseek-r1:7b,run2_p10,137.42,67.0,,,on
18455.902,,deepseek-r1:7b,run2_p10,137.51,67.0,,,on
18456.426,,deepseek-r1:7b,run2_p10,136.35,66.0,,,on
18456.966,,deepseek-r1:7b,run2_p10,136.17,67.0,,,on
18457.492,,deepseek-r1:7b,run2_p10,137.80,67.0,,,on
18458.016,,deepseek-r1:7b,run2_p10,135.98,66.0,,,on
18458.540,,deepseek-r1:7b,run2_p10,135.85,67.0,,,on
18459.064,,deepseek-r1:7b,run2_p10,137.82,67.0,,,on
18459.587,,deepseek-r1:7b,run2_p10,137.62,67.0,,,on
18460.114,,deepseek-r1:7b,run2_p10,137.70,67.0,,,on
18460.640,,deepseek-r1:7b,run2_p10,136.36,67.0,,,on
18461.167,,deepseek-r1:7b,run2_p10,136.09,67.0,,,on
18461.691,,deepseek-r1:7b,run2_p10,137.09,67.0,,,on
18462.215,,deepseek-r1:7b,run2_p10,136.79,67.0,,,on
18462.741,,deepseek-r1:7b,run2_p10,137.28,67.0,,,on
18463.267,,deepseek-r1:7b,run2_p10,136.93,67.0,,,on
18463.791,,deepseek-r1:7b,run2_p10,136.80,67.0,,,on
18464.315,,deepseek-r1:7b,run2_p10,137.84,67.0,,,on
18464.842,,deepseek-r1:7b,run2_p10,137.46,67.0,,,on
18465.367,,deepseek-r1:7b,run2_p10,136.86,67.0,,,on
18465.889,,deepseek-r1:7b,run2_p10,137.35,67.0,,,on
18466.413,,deepseek-r1:7b,run2_p10,137.98,68.0,,,on
18466.936,,deepseek-r1:7b,run2_p10,138.20,67.0,,,on
18467.462,,deepseek-r1:7b,run2_p10,137.46,67.0,,,on
18467.985,,deepseek-r1:7b,run2_p10,136.98,67.0,,,on
18468.512,,deepseek-r1:7b,run2_p10,137.81,67.0,,,on
18469.039,,deepseek-r1:7b,run2_p10,138.02,67.0,,,on
18469.569,,deepseek-r1:7b,run2_p10,137.65,67.0,,,on
18470.093,,deepseek-r1:7b,run2_p10,137.20,67.0,,,on
18470.619,,deepseek-r1:7b,run2_p10,137.22,67.0,,,on
18471.142,,deepseek-r1:7b,run2_p10,137.62,67.0,,,on
18471.666,,deepseek-r1:7b,run2_p10,137.66,67.0,,,on
18472.191,,deepseek-r1:7b,run2_p10,138.19,67.0,,,on
18472.717,,deepseek-r1:7b,run2_p10,138.08,67.0,,,on
18473.241,,deepseek-r1:7b,run2_p10,138.24,67.0,,,on
18473.766,,deepseek-r1:7b,run2_p10,137.77,67.0,,,on
18474.291,,deepseek-r1:7b,run2_p10,137.80,67.0,,,on
18474.848,,deepseek-r1:7b,run2_p10,138.44,68.0,,,on
18475.372,,deepseek-r1:7b,run2_p10,138.43,67.0,,,on
18475.897,,deepseek-r1:7b,run2_p10,136.93,67.0,,,on
18476.422,,deepseek-r1:7b,run2_p10,136.46,67.0,,,on
18476.946,,deepseek-r1:7b,run2_p10,137.60,68.0,,,on
18477.468,,deepseek-r1:7b,run2_p10,138.68,68.0,,,on
18477.993,,deepseek-r1:7b,run2_p10,138.95,67.0,,,on
18478.518,,deepseek-r1:7b,run2_p10,138.78,68.0,,,on
18479.042,,deepseek-r1:7b,run2_p10,138.49,67.0,,,on
18479.565,,deepseek-r1:7b,run2_p10,138.50,68.0,,,on
18480.088,,deepseek-r1:7b,run2_p10,138.87,68.0,,,on
18480.612,,deepseek-r1:7b,run2_p10,138.66,67.0,,,on
18481.135,,deepseek-r1:7b,run2_p10,138.56,68.0,,,on
18481.659,,deepseek-r1:7b,run2_p10,138.93,67.0,,,on
18482.184,,deepseek-r1:7b,run2_p10,139.03,68.0,,,on
18482.711,,deepseek-r1:7b,run2_p10,137.49,67.0,,,on
18483.234,,deepseek-r1:7b,run2_p10,137.40,68.0,,,on
18483.785,,deepseek-r1:7b,run2_p10,139.27,67.0,,,on
18484.309,,deepseek-r1:7b,run2_p10,139.56,68.0,,,on
18484.837,,deepseek-r1:7b,run2_p10,139.46,67.0,,,on
18485.361,,deepseek-r1:7b,run2_p10,139.44,68.0,,,on
18485.888,,deepseek-r1:7b,run2_p10,139.43,67.0,,,on
18486.413,,deepseek-r1:7b,run2_p10,139.51,67.0,,,on
18486.937,,deepseek-r1:7b,run2_p10,139.55,68.0,,,on
18487.472,,deepseek-r1:7b,run2_p11,117.31,59.0,,,on
18487.995,,deepseek-r1:7b,run2_p11,106.57,65.0,,,on
18488.518,,deepseek-r1:7b,run2_p11,127.39,67.0,,,on
18489.042,,deepseek-r1:7b,run2_p11,136.90,67.0,,,on
18489.566,,deepseek-r1:7b,run2_p11,136.98,67.0,,,on
18490.091,,deepseek-r1:7b,run2_p11,136.77,67.0,,,on
18490.617,,deepseek-r1:7b,run2_p11,136.95,67.0,,,on
18491.142,,deepseek-r1:7b,run2_p11,137.49,68.0,,,on
18491.666,,deepseek-r1:7b,run2_p11,137.63,67.0,,,on
18492.189,,deepseek-r1:7b,run2_p11,137.51,67.0,,,on
18492.712,,deepseek-r1:7b,run2_p11,137.70,67.0,,,on
18493.236,,deepseek-r1:7b,run2_p11,137.96,68.0,,,on
18493.759,,deepseek-r1:7b,run2_p11,137.74,68.0,,,on
18494.283,,deepseek-r1:7b,run2_p11,137.82,67.0,,,on
18494.807,,deepseek-r1:7b,run2_p11,137.98,67.0,,,on
18495.331,,deepseek-r1:7b,run2_p11,137.79,67.0,,,on
18495.855,,deepseek-r1:7b,run2_p11,137.67,67.0,,,on
18496.380,,deepseek-r1:7b,run2_p11,137.73,67.0,,,on
18496.908,,deepseek-r1:7b,run2_p11,137.95,67.0,,,on
18497.432,,deepseek-r1:7b,run2_p11,136.25,67.0,,,on
18497.962,,deepseek-r1:7b,run2_p11,136.55,67.0,,,on
18498.487,,deepseek-r1:7b,run2_p11,136.10,68.0,,,on
18499.011,,deepseek-r1:7b,run2_p11,134.56,67.0,,,on
18499.535,,deepseek-r1:7b,run2_p11,135.43,67.0,,,on
18500.061,,deepseek-r1:7b,run2_p11,137.02,67.0,,,on
18500.588,,deepseek-r1:7b,run2_p11,137.36,67.0,,,on
18501.112,,deepseek-r1:7b,run2_p11,136.21,67.0,,,on
18501.640,,deepseek-r1:7b,run2_p11,136.64,67.0,,,on
18502.163,,deepseek-r1:7b,run2_p11,137.94,68.0,,,on
18502.687,,deepseek-r1:7b,run2_p11,138.02,67.0,,,on
18503.211,,deepseek-r1:7b,run2_p11,138.15,67.0,,,on
18503.735,,deepseek-r1:7b,run2_p11,137.93,67.0,,,on
18504.261,,deepseek-r1:7b,run2_p11,137.00,67.0,,,on
18504.793,,deepseek-r1:7b,run2_p11,136.07,68.0,,,on
18505.317,,deepseek-r1:7b,run2_p11,136.32,67.0,,,on
18505.852,,deepseek-r1:7b,run2_p12,94.84,55.0,,,on
18506.376,,deepseek-r1:7b,run2_p12,83.29,65.0,,,on
18506.900,,deepseek-r1:7b,run2_p12,124.72,66.0,,,on
18507.423,,deepseek-r1:7b,run2_p12,135.54,67.0,,,on
18507.948,,deepseek-r1:7b,run2_p12,135.75,67.0,,,on
18508.472,,deepseek-r1:7b,run2_p12,136.54,67.0,,,on
18508.996,,deepseek-r1:7b,run2_p12,136.71,67.0,,,on
18509.522,,deepseek-r1:7b,run2_p12,136.56,67.0,,,on
18510.044,,deepseek-r1:7b,run2_p12,136.45,67.0,,,on
18510.569,,deepseek-r1:7b,run2_p12,135.77,67.0,,,on
18511.093,,deepseek-r1:7b,run2_p12,135.41,67.0,,,on
18511.621,,deepseek-r1:7b,run2_p12,135.63,67.0,,,on
18512.144,,deepseek-r1:7b,run2_p12,135.67,67.0,,,on
18512.668,,deepseek-r1:7b,run2_p12,136.14,67.0,,,on
18513.195,,deepseek-r1:7b,run2_p12,136.88,67.0,,,on
18513.719,,deepseek-r1:7b,run2_p12,136.61,67.0,,,on
18514.245,,deepseek-r1:7b,run2_p12,136.80,67.0,,,on
18514.768,,deepseek-r1:7b,run2_p12,136.79,67.0,,,on
18515.292,,deepseek-r1:7b,run2_p12,137.02,67.0,,,on
18515.817,,deepseek-r1:7b,run2_p12,137.80,67.0,,,on
18516.343,,deepseek-r1:7b,run2_p12,137.84,67.0,,,on
18516.867,,deepseek-r1:7b,run2_p12,136.82,67.0,,,on
18517.390,,deepseek-r1:7b,run2_p12,136.49,67.0,,,on
18517.913,,deepseek-r1:7b,run2_p12,137.37,67.0,,,on
18518.438,,deepseek-r1:7b,run2_p12,137.75,67.0,,,on
18518.961,,deepseek-r1:7b,run2_p12,137.24,67.0,,,on
18519.485,,deepseek-r1:7b,run2_p12,137.30,67.0,,,on
18520.009,,deepseek-r1:7b,run2_p12,137.98,67.0,,,on
18520.532,,deepseek-r1:7b,run2_p12,138.17,67.0,,,on
18521.057,,deepseek-r1:7b,run2_p12,138.14,67.0,,,on
18521.582,,deepseek-r1:7b,run2_p12,138.26,67.0,,,on
18522.105,,deepseek-r1:7b,run2_p12,137.91,68.0,,,on
18522.629,,deepseek-r1:7b,run2_p12,137.95,67.0,,,on
18523.154,,deepseek-r1:7b,run2_p12,138.32,67.0,,,on
18523.677,,deepseek-r1:7b,run2_p12,138.43,67.0,,,on
18524.201,,deepseek-r1:7b,run2_p12,138.60,67.0,,,on
18524.724,,deepseek-r1:7b,run2_p12,138.93,67.0,,,on
18525.261,,deepseek-r1:7b,run2_p13,98.47,55.0,,,on
18525.785,,deepseek-r1:7b,run2_p13,85.86,66.0,,,on
18526.308,,deepseek-r1:7b,run2_p13,125.62,67.0,,,on
18526.835,,deepseek-r1:7b,run2_p13,137.12,67.0,,,on
18527.358,,deepseek-r1:7b,run2_p13,137.25,67.0,,,on
18527.881,,deepseek-r1:7b,run2_p13,135.52,66.0,,,on
18528.407,,deepseek-r1:7b,run2_p13,135.39,67.0,,,on
18528.931,,deepseek-r1:7b,run2_p13,137.04,67.0,,,on
18529.455,,deepseek-r1:7b,run2_p13,134.70,66.0,,,on
18529.979,,deepseek-r1:7b,run2_p13,134.55,67.0,,,on
18530.501,,deepseek-r1:7b,run2_p13,137.39,67.0,,,on
18531.025,,deepseek-r1:7b,run2_p13,137.84,67.0,,,on
18531.549,,deepseek-r1:7b,run2_p13,137.81,67.0,,,on
18532.074,,deepseek-r1:7b,run2_p13,137.99,67.0,,,on
18532.603,,deepseek-r1:7b,run2_p13,137.87,67.0,,,on
18533.126,,deepseek-r1:7b,run2_p13,137.90,67.0,,,on
18533.650,,deepseek-r1:7b,run2_p13,137.29,67.0,,,on
18534.173,,deepseek-r1:7b,run2_p13,136.67,67.0,,,on
18534.696,,deepseek-r1:7b,run2_p13,137.25,67.0,,,on
18535.221,,deepseek-r1:7b,run2_p13,138.15,67.0,,,on
18535.746,,deepseek-r1:7b,run2_p13,137.97,67.0,,,on
18536.270,,deepseek-r1:7b,run2_p13,138.04,67.0,,,on
18536.794,,deepseek-r1:7b,run2_p13,138.20,67.0,,,on
18537.317,,deepseek-r1:7b,run2_p13,138.24,67.0,,,on
18537.847,,deepseek-r1:7b,run2_p13,136.68,67.0,,,on
18538.373,,deepseek-r1:7b,run2_p13,135.09,67.0,,,on
18538.897,,deepseek-r1:7b,run2_p13,136.06,67.0,,,on
18539.421,,deepseek-r1:7b,run2_p13,137.40,68.0,,,on
18539.945,,deepseek-r1:7b,run2_p13,137.19,68.0,,,on
18540.470,,deepseek-r1:7b,run2_p13,137.31,67.0,,,on
18540.997,,deepseek-r1:7b,run2_p13,138.08,67.0,,,on
18541.520,,deepseek-r1:7b,run2_p13,137.39,67.0,,,on
18542.044,,deepseek-r1:7b,run2_p13,137.37,67.0,,,on
18542.575,,deepseek-r1:7b,run2_p13,137.03,67.0,,,on
18543.099,,deepseek-r1:7b,run2_p13,135.84,67.0,,,on
18543.626,,deepseek-r1:7b,run2_p13,136.74,67.0,,,on
18544.150,,deepseek-r1:7b,run2_p13,137.49,67.0,,,on
18544.674,,deepseek-r1:7b,run2_p13,137.69,67.0,,,on
18545.200,,deepseek-r1:7b,run2_p13,138.48,67.0,,,on
18545.726,,deepseek-r1:7b,run2_p13,138.53,67.0,,,on
18546.249,,deepseek-r1:7b,run2_p13,138.38,67.0,,,on
18546.772,,deepseek-r1:7b,run2_p13,138.54,67.0,,,on
18547.300,,deepseek-r1:7b,run2_p14,120.50,60.0,,,on
18547.823,,deepseek-r1:7b,run2_p14,107.80,66.0,,,on
18548.353,,deepseek-r1:7b,run2_p14,125.27,67.0,,,on
18548.877,,deepseek-r1:7b,run2_p14,136.86,67.0,,,on
18549.401,,deepseek-r1:7b,run2_p14,136.72,67.0,,,on
18549.924,,deepseek-r1:7b,run2_p14,136.61,67.0,,,on
18550.451,,deepseek-r1:7b,run2_p14,134.41,67.0,,,on
18550.975,,deepseek-r1:7b,run2_p14,134.16,67.0,,,on
18551.499,,deepseek-r1:7b,run2_p14,136.76,67.0,,,on
18552.023,,deepseek-r1:7b,run2_p14,137.55,67.0,,,on
18552.547,,deepseek-r1:7b,run2_p14,137.89,67.0,,,on
18553.074,,deepseek-r1:7b,run2_p14,138.04,67.0,,,on
18553.600,,deepseek-r1:7b,run2_p14,136.19,66.0,,,on
18554.125,,deepseek-r1:7b,run2_p14,136.25,67.0,,,on
18554.650,,deepseek-r1:7b,run2_p14,137.88,67.0,,,on
18555.175,,deepseek-r1:7b,run2_p14,137.75,67.0,,,on
18555.699,,deepseek-r1:7b,run2_p14,137.82,67.0,,,on
18556.225,,deepseek-r1:7b,run2_p14,135.36,67.0,,,on
18556.750,,deepseek-r1:7b,run2_p14,135.20,67.0,,,on
18557.273,,deepseek-r1:7b,run2_p14,137.69,67.0,,,on
18557.797,,deepseek-r1:7b,run2_p14,137.99,67.0,,,on
18558.320,,deepseek-r1:7b,run2_p14,137.92,68.0,,,on
18558.844,,deepseek-r1:7b,run2_p14,136.21,67.0,,,on
18559.369,,deepseek-r1:7b,run2_p14,135.41,67.0,,,on
18559.895,,deepseek-r1:7b,run2_p14,136.51,67.0,,,on
18560.420,,deepseek-r1:7b,run2_p14,136.94,67.0,,,on
18560.956,,deepseek-r1:7b,run2_p14,136.67,67.0,,,on
18561.480,,deepseek-r1:7b,run2_p14,136.12,67.0,,,on
18562.018,,deepseek-r1:7b,run2_p14,137.57,67.0,,,on
18562.543,,deepseek-r1:7b,run2_p14,138.24,67.0,,,on
18563.067,,deepseek-r1:7b,run2_p14,138.27,67.0,,,on
18563.590,,deepseek-r1:7b,run2_p14,138.55,67.0,,,on
18564.115,,deepseek-r1:7b,run2_p14,138.31,67.0,,,on
18564.639,,deepseek-r1:7b,run2_p14,138.03,67.0,,,on
18565.163,,deepseek-r1:7b,run2_p14,138.11,67.0,,,on
18565.716,,deepseek-r1:7b,run3_p0,126.87,67.0,,,on
18566.246,,deepseek-r1:7b,run3_p1,105.25,63.0,,,on
18566.770,,deepseek-r1:7b,run3_p1,102.75,65.0,,,on
18567.295,,deepseek-r1:7b,run3_p1,123.68,67.0,,,on
18567.821,,deepseek-r1:7b,run3_p1,136.38,67.0,,,on
18568.344,,deepseek-r1:7b,run3_p1,135.49,67.0,,,on
18568.868,,deepseek-r1:7b,run3_p1,135.51,67.0,,,on
18569.393,,deepseek-r1:7b,run3_p1,136.60,67.0,,,on
18569.919,,deepseek-r1:7b,run3_p1,136.16,67.0,,,on
18570.443,,deepseek-r1:7b,run3_p1,135.96,66.0,,,on
18570.966,,deepseek-r1:7b,run3_p1,136.57,67.0,,,on
18571.490,,deepseek-r1:7b,run3_p1,136.79,67.0,,,on
18572.038,,deepseek-r1:7b,run3_p2,135.64,67.0,,,on
18572.562,,deepseek-r1:7b,run3_p2,126.94,67.0,,,on
18573.085,,deepseek-r1:7b,run3_p2,128.32,67.0,,,on
18573.608,,deepseek-r1:7b,run3_p2,136.81,67.0,,,on
18574.133,,deepseek-r1:7b,run3_p2,135.91,67.0,,,on
18574.666,,deepseek-r1:7b,run3_p2,136.02,67.0,,,on
18575.190,,deepseek-r1:7b,run3_p2,136.28,67.0,,,on
18575.713,,deepseek-r1:7b,run3_p2,135.54,67.0,,,on
18576.237,,deepseek-r1:7b,run3_p2,136.21,67.0,,,on
18576.762,,deepseek-r1:7b,run3_p2,136.63,66.0,,,on
18577.334,,deepseek-r1:7b,run3_p3,127.46,67.0,,,on
18577.863,,deepseek-r1:7b,run3_p3,124.24,66.0,,,on
18578.387,,deepseek-r1:7b,run3_p3,124.82,67.0,,,on
18578.911,,deepseek-r1:7b,run3_p3,135.17,66.0,,,on
18579.436,,deepseek-r1:7b,run3_p3,134.49,67.0,,,on
18579.967,,deepseek-r1:7b,run3_p3,135.51,67.0,,,on
18580.493,,deepseek-r1:7b,run3_p3,135.65,66.0,,,on
18581.018,,deepseek-r1:7b,run3_p3,136.54,67.0,,,on
18581.543,,deepseek-r1:7b,run3_p3,136.53,67.0,,,on
18582.070,,deepseek-r1:7b,run3_p4,119.27,56.0,,,on
18582.594,,deepseek-r1:7b,run3_p4,107.71,66.0,,,on
18583.120,,deepseek-r1:7b,run3_p4,124.47,67.0,,,on
18583.649,,deepseek-r1:7b,run3_p4,136.52,67.0,,,on
18584.173,,deepseek-r1:7b,run3_p4,136.59,67.0,,,on
18584.699,,deepseek-r1:7b,run3_p4,136.95,67.0,,,on
18585.224,,deepseek-r1:7b,run3_p4,137.18,67.0,,,on
18585.748,,deepseek-r1:7b,run3_p4,137.21,67.0,,,on
18586.273,,deepseek-r1:7b,run3_p4,136.82,67.0,,,on
18586.800,,deepseek-r1:7b,run3_p4,136.88,67.0,,,on
18587.325,,deepseek-r1:7b,run3_p4,137.39,67.0,,,on
18587.850,,deepseek-r1:7b,run3_p4,137.46,67.0,,,on
18588.388,,deepseek-r1:7b,run3_p4,137.38,67.0,,,on
18588.914,,deepseek-r1:7b,run3_p4,135.75,66.0,,,on
18589.438,,deepseek-r1:7b,run3_p4,135.95,67.0,,,on
18589.962,,deepseek-r1:7b,run3_p4,137.09,67.0,,,on
18590.487,,deepseek-r1:7b,run3_p4,137.12,67.0,,,on
18591.011,,deepseek-r1:7b,run3_p4,137.62,67.0,,,on
18591.537,,deepseek-r1:7b,run3_p4,136.81,67.0,,,on
18592.092,,deepseek-r1:7b,run3_p5,129.42,67.0,,,on
18592.623,,deepseek-r1:7b,run3_p5,126.65,65.0,,,on
18593.148,,deepseek-r1:7b,run3_p5,126.61,67.0,,,on
18593.672,,deepseek-r1:7b,run3_p5,136.85,67.0,,,on
18594.198,,deepseek-r1:7b,run3_p5,136.41,67.0,,,on
18594.722,,deepseek-r1:7b,run3_p5,134.84,67.0,,,on
18595.247,,deepseek-r1:7b,run3_p5,135.19,67.0,,,on
18595.772,,deepseek-r1:7b,run3_p5,136.64,67.0,,,on
18596.298,,deepseek-r1:7b,run3_p5,136.59,67.0,,,on
18596.825,,deepseek-r1:7b,run3_p5,135.42,66.0,,,on
18597.352,,deepseek-r1:7b,run3_p5,135.31,67.0,,,on
18597.875,,deepseek-r1:7b,run3_p5,136.94,67.0,,,on
18598.404,,deepseek-r1:7b,run3_p5,137.77,67.0,,,on
18598.929,,deepseek-r1:7b,run3_p5,137.87,67.0,,,on
18599.454,,deepseek-r1:7b,run3_p5,137.96,67.0,,,on
18599.983,,deepseek-r1:7b,run3_p6,95.96,61.0,,,on
18600.505,,deepseek-r1:7b,run3_p6,87.18,55.0,,,on
18601.030,,deepseek-r1:7b,run3_p6,128.63,67.0,,,on
18601.555,,deepseek-r1:7b,run3_p6,136.98,67.0,,,on
18602.079,,deepseek-r1:7b,run3_p6,136.66,67.0,,,on
18602.603,,deepseek-r1:7b,run3_p6,136.54,67.0,,,on
18603.131,,deepseek-r1:7b,run3_p6,135.62,67.0,,,on
18603.655,,deepseek-r1:7b,run3_p6,136.26,67.0,,,on
18604.178,,deepseek-r1:7b,run3_p6,137.03,67.0,,,on
18604.701,,deepseek-r1:7b,run3_p6,137.04,67.0,,,on
18605.225,,deepseek-r1:7b,run3_p6,137.29,67.0,,,on
18605.748,,deepseek-r1:7b,run3_p6,136.36,66.0,,,on
18606.272,,deepseek-r1:7b,run3_p6,135.41,67.0,,,on
18606.795,,deepseek-r1:7b,run3_p6,135.59,67.0,,,on
18607.321,,deepseek-r1:7b,run3_p6,136.47,67.0,,,on
18607.848,,deepseek-r1:7b,run3_p6,136.55,67.0,,,on
18608.373,,deepseek-r1:7b,run3_p6,136.18,67.0,,,on
18608.902,,deepseek-r1:7b,run3_p6,136.17,67.0,,,on
18609.426,,deepseek-r1:7b,run3_p6,135.79,67.0,,,on
18609.950,,deepseek-r1:7b,run3_p6,136.21,67.0,,,on
18610.473,,deepseek-r1:7b,run3_p6,136.25,67.0,,,on
18610.997,,deepseek-r1:7b,run3_p6,135.67,67.0,,,on
18611.521,,deepseek-r1:7b,run3_p6,135.92,67.0,,,on
18612.046,,deepseek-r1:7b,run3_p6,136.79,67.0,,,on
18612.571,,deepseek-r1:7b,run3_p6,136.85,66.0,,,on
18613.096,,deepseek-r1:7b,run3_p6,136.69,67.0,,,on
18613.623,,deepseek-r1:7b,run3_p6,137.26,67.0,,,on
18614.147,,deepseek-r1:7b,run3_p6,137.47,67.0,,,on
18614.675,,deepseek-r1:7b,run3_p6,137.28,67.0,,,on
18615.199,,deepseek-r1:7b,run3_p6,137.04,67.0,,,on
18615.728,,deepseek-r1:7b,run3_p6,136.48,67.0,,,on
18616.254,,deepseek-r1:7b,run3_p6,135.67,67.0,,,on
18616.778,,deepseek-r1:7b,run3_p6,136.37,67.0,,,on
18617.304,,deepseek-r1:7b,run3_p6,137.50,67.0,,,on
18617.833,,deepseek-r1:7b,run3_p7,126.20,67.0,,,on
18618.363,,deepseek-r1:7b,run3_p7,118.05,62.0,,,on
18618.888,,deepseek-r1:7b,run3_p7,127.89,66.0,,,on
18619.411,,deepseek-r1:7b,run3_p7,135.46,67.0,,,on
18619.940,,deepseek-r1:7b,run3_p7,134.46,67.0,,,on
18620.505,,deepseek-r1:7b,run3_p7,135.18,67.0,,,on
18621.029,,deepseek-r1:7b,run3_p7,135.34,67.0,,,on
18621.555,,deepseek-r1:7b,run3_p7,135.07,67.0,,,on
18622.079,,deepseek-r1:7b,run3_p7,135.38,67.0,,,on
18622.603,,deepseek-r1:7b,run3_p7,136.00,67.0,,,on
18623.127,,deepseek-r1:7b,run3_p7,136.55,66.0,,,on
18623.657,,deepseek-r1:7b,run3_p7,136.36,67.0,,,on
18624.181,,deepseek-r1:7b,run3_p7,135.99,67.0,,,on
18624.705,,deepseek-r1:7b,run3_p7,136.20,67.0,,,on
18625.229,,deepseek-r1:7b,run3_p7,136.65,67.0,,,on
18625.753,,deepseek-r1:7b,run3_p7,136.57,67.0,,,on
18626.276,,deepseek-r1:7b,run3_p7,136.33,67.0,,,on
18626.800,,deepseek-r1:7b,run3_p7,136.43,67.0,,,on
18627.324,,deepseek-r1:7b,run3_p7,136.71,67.0,,,on
18627.848,,deepseek-r1:7b,run3_p7,136.85,67.0,,,on
18628.372,,deepseek-r1:7b,run3_p7,136.49,67.0,,,on
18628.896,,deepseek-r1:7b,run3_p7,136.70,67.0,,,on
18629.420,,deepseek-r1:7b,run3_p7,137.63,67.0,,,on
18629.943,,deepseek-r1:7b,run3_p7,138.01,67.0,,,on
18630.469,,deepseek-r1:7b,run3_p7,138.09,67.0,,,on
18630.995,,deepseek-r1:7b,run3_p7,136.64,66.0,,,on
18631.525,,deepseek-r1:7b,run3_p7,135.05,67.0,,,on
18632.049,,deepseek-r1:7b,run3_p7,135.01,67.0,,,on
18632.572,,deepseek-r1:7b,run3_p7,135.54,67.0,,,on
18633.095,,deepseek-r1:7b,run3_p7,136.26,67.0,,,on
18633.618,,deepseek-r1:7b,run3_p7,136.58,67.0,,,on
18634.142,,deepseek-r1:7b,run3_p7,137.30,67.0,,,on
18634.667,,deepseek-r1:7b,run3_p7,137.49,67.0,,,on
18635.191,,deepseek-r1:7b,run3_p7,136.31,67.0,,,on
18635.718,,deepseek-r1:7b,run3_p7,136.05,67.0,,,on
18636.242,,deepseek-r1:7b,run3_p7,136.40,66.0,,,on
18636.765,,deepseek-r1:7b,run3_p7,136.51,67.0,,,on
18637.288,,deepseek-r1:7b,run3_p7,136.83,67.0,,,on
18637.815,,deepseek-r1:7b,run3_p7,136.70,67.0,,,on
18638.338,,deepseek-r1:7b,run3_p7,137.33,67.0,,,on
18638.864,,deepseek-r1:7b,run3_p7,138.02,67.0,,,on
18639.388,,deepseek-r1:7b,run3_p7,137.51,67.0,,,on
18639.974,,deepseek-r1:7b,run3_p8,134.16,67.0,,,on
18640.501,,deepseek-r1:7b,run3_p8,121.53,66.0,,,on
18641.024,,deepseek-r1:7b,run3_p8,133.66,67.0,,,on
18641.547,,deepseek-r1:7b,run3_p8,137.82,67.0,,,on
18642.070,,deepseek-r1:7b,run3_p8,137.05,67.0,,,on
18642.593,,deepseek-r1:7b,run3_p8,136.82,67.0,,,on
18643.118,,deepseek-r1:7b,run3_p8,136.96,67.0,,,on
18643.641,,deepseek-r1:7b,run3_p8,137.10,67.0,,,on
18644.166,,deepseek-r1:7b,run3_p8,136.16,67.0,,,on
18644.688,,deepseek-r1:7b,run3_p8,135.22,67.0,,,on
18645.213,,deepseek-r1:7b,run3_p8,135.50,67.0,,,on
18645.736,,deepseek-r1:7b,run3_p8,136.05,67.0,,,on
18646.260,,deepseek-r1:7b,run3_p8,136.34,67.0,,,on
18646.785,,deepseek-r1:7b,run3_p8,137.07,67.0,,,on
18647.309,,deepseek-r1:7b,run3_p8,138.17,68.0,,,on
18647.833,,deepseek-r1:7b,run3_p8,138.21,68.0,,,on
18648.357,,deepseek-r1:7b,run3_p8,136.98,67.0,,,on
18648.882,,deepseek-r1:7b,run3_p8,136.11,67.0,,,on
18649.406,,deepseek-r1:7b,run3_p8,137.20,67.0,,,on
18649.929,,deepseek-r1:7b,run3_p8,138.39,67.0,,,on
18650.454,,deepseek-r1:7b,run3_p8,138.63,67.0,,,on
18650.978,,deepseek-r1:7b,run3_p8,137.66,67.0,,,on
18651.501,,deepseek-r1:7b,run3_p8,137.37,68.0,,,on
18652.025,,deepseek-r1:7b,run3_p8,138.36,68.0,,,on
18652.547,,deepseek-r1:7b,run3_p8,137.35,67.0,,,on
18653.071,,deepseek-r1:7b,run3_p8,137.29,68.0,,,on
18653.595,,deepseek-r1:7b,run3_p8,137.37,67.0,,,on
18654.120,,deepseek-r1:7b,run3_p8,135.81,67.0,,,on
18654.644,,deepseek-r1:7b,run3_p8,136.58,67.0,,,on
18655.168,,deepseek-r1:7b,run3_p8,137.92,67.0,,,on
18655.691,,deepseek-r1:7b,run3_p8,137.39,67.0,,,on
18656.219,,deepseek-r1:7b,run3_p8,137.05,68.0,,,on
18656.747,,deepseek-r1:7b,run3_p8,137.07,67.0,,,on
18657.273,,deepseek-r1:7b,run3_p8,137.22,67.0,,,on
18657.798,,deepseek-r1:7b,run3_p8,137.60,67.0,,,on
18658.324,,deepseek-r1:7b,run3_p8,137.25,67.0,,,on
18658.848,,deepseek-r1:7b,run3_p8,136.47,67.0,,,on
18659.379,,deepseek-r1:7b,run3_p8,137.04,67.0,,,on
18659.904,,deepseek-r1:7b,run3_p8,137.57,67.0,,,on
18660.429,,deepseek-r1:7b,run3_p8,137.14,67.0,,,on
18660.954,,deepseek-r1:7b,run3_p8,137.62,68.0,,,on
18661.478,,deepseek-r1:7b,run3_p8,138.09,67.0,,,on
18662.004,,deepseek-r1:7b,run3_p8,137.42,68.0,,,on
18662.530,,deepseek-r1:7b,run3_p8,137.23,68.0,,,on
18663.055,,deepseek-r1:7b,run3_p8,137.69,67.0,,,on
18663.586,,deepseek-r1:7b,run3_p8,137.00,67.0,,,on
18664.109,,deepseek-r1:7b,run3_p8,137.61,67.0,,,on
18664.633,,deepseek-r1:7b,run3_p8,138.51,68.0,,,on
18665.182,,deepseek-r1:7b,run3_p9,128.57,67.0,,,on
18665.706,,deepseek-r1:7b,run3_p9,122.93,66.0,,,on
18666.230,,deepseek-r1:7b,run3_p9,131.06,67.0,,,on
18666.753,,deepseek-r1:7b,run3_p9,137.06,67.0,,,on
18667.278,,deepseek-r1:7b,run3_p9,136.73,67.0,,,on
18667.800,,deepseek-r1:7b,run3_p9,136.54,67.0,,,on
18668.325,,deepseek-r1:7b,run3_p9,136.69,67.0,,,on
18668.850,,deepseek-r1:7b,run3_p9,136.78,67.0,,,on
18669.374,,deepseek-r1:7b,run3_p9,137.00,67.0,,,on
18669.902,,deepseek-r1:7b,run3_p9,137.31,67.0,,,on
18670.429,,deepseek-r1:7b,run3_p9,137.57,67.0,,,on
18670.955,,deepseek-r1:7b,run3_p9,137.57,67.0,,,on
18671.481,,deepseek-r1:7b,run3_p9,135.94,67.0,,,on
18672.004,,deepseek-r1:7b,run3_p9,134.21,67.0,,,on
18672.528,,deepseek-r1:7b,run3_p9,134.59,67.0,,,on
18673.056,,deepseek-r1:7b,run3_p9,136.05,68.0,,,on
18673.586,,deepseek-r1:7b,run3_p9,136.20,67.0,,,on
18674.109,,deepseek-r1:7b,run3_p9,134.97,67.0,,,on
18674.633,,deepseek-r1:7b,run3_p9,135.75,68.0,,,on
18675.157,,deepseek-r1:7b,run3_p9,137.21,67.0,,,on
18675.685,,deepseek-r1:7b,run3_p10,137.54,67.0,,,on
18676.209,,deepseek-r1:7b,run3_p10,130.36,62.0,,,on
18676.737,,deepseek-r1:7b,run3_p10,129.49,67.0,,,on
18677.263,,deepseek-r1:7b,run3_p10,135.85,67.0,,,on
18677.788,,deepseek-r1:7b,run3_p10,136.07,67.0,,,on
18678.311,,deepseek-r1:7b,run3_p10,136.62,68.0,,,on
18678.834,,deepseek-r1:7b,run3_p10,136.30,67.0,,,on
18679.360,,deepseek-r1:7b,run3_p10,135.22,67.0,,,on
18679.884,,deepseek-r1:7b,run3_p10,135.63,67.0,,,on
18680.409,,deepseek-r1:7b,run3_p10,135.90,67.0,,,on
18680.937,,deepseek-r1:7b,run3_p10,134.73,67.0,,,on
18681.461,,deepseek-r1:7b,run3_p10,135.16,67.0,,,on
18681.985,,deepseek-r1:7b,run3_p10,136.60,67.0,,,on
18682.509,,deepseek-r1:7b,run3_p10,136.38,67.0,,,on
18683.033,,deepseek-r1:7b,run3_p10,136.57,67.0,,,on
18683.556,,deepseek-r1:7b,run3_p10,137.05,67.0,,,on
18684.082,,deepseek-r1:7b,run3_p10,137.38,67.0,,,on
18684.605,,deepseek-r1:7b,run3_p10,137.18,67.0,,,on
18685.130,,deepseek-r1:7b,run3_p10,137.07,67.0,,,on
18685.656,,deepseek-r1:7b,run3_p10,137.07,67.0,,,on
18686.181,,deepseek-r1:7b,run3_p10,136.97,67.0,,,on
18686.707,,deepseek-r1:7b,run3_p10,137.34,67.0,,,on
18687.233,,deepseek-r1:7b,run3_p10,138.05,67.0,,,on
18687.756,,deepseek-r1:7b,run3_p10,138.00,67.0,,,on
18688.280,,deepseek-r1:7b,run3_p10,137.91,67.0,,,on
18688.802,,deepseek-r1:7b,run3_p10,136.61,68.0,,,on
18689.324,,deepseek-r1:7b,run3_p10,136.65,67.0,,,on
18689.848,,deepseek-r1:7b,run3_p10,137.66,68.0,,,on
18690.371,,deepseek-r1:7b,run3_p10,137.37,67.0,,,on
18690.896,,deepseek-r1:7b,run3_p10,137.56,67.0,,,on
18691.421,,deepseek-r1:7b,run3_p10,137.93,68.0,,,on
18691.944,,deepseek-r1:7b,run3_p10,138.16,67.0,,,on
18692.468,,deepseek-r1:7b,run3_p10,138.32,67.0,,,on
18692.993,,deepseek-r1:7b,run3_p10,138.50,67.0,,,on
18693.519,,deepseek-r1:7b,run3_p10,138.36,67.0,,,on
18694.042,,deepseek-r1:7b,run3_p10,138.39,67.0,,,on
18694.568,,deepseek-r1:7b,run3_p10,138.31,68.0,,,on
18695.096,,deepseek-r1:7b,run3_p10,137.27,68.0,,,on
18695.622,,deepseek-r1:7b,run3_p10,137.48,67.0,,,on
18696.149,,deepseek-r1:7b,run3_p10,138.32,68.0,,,on
18696.682,,deepseek-r1:7b,run3_p11,105.01,56.0,,,on
18697.207,,deepseek-r1:7b,run3_p11,93.22,66.0,,,on
18697.745,,deepseek-r1:7b,run3_p11,125.67,67.0,,,on
18698.273,,deepseek-r1:7b,run3_p11,136.82,67.0,,,on
18698.797,,deepseek-r1:7b,run3_p11,136.19,67.0,,,on
18699.321,,deepseek-r1:7b,run3_p11,135.06,67.0,,,on
18699.849,,deepseek-r1:7b,run3_p11,133.56,67.0,,,on
18700.378,,deepseek-r1:7b,run3_p11,133.30,67.0,,,on
18700.906,,deepseek-r1:7b,run3_p11,133.09,67.0,,,on
18701.437,,deepseek-r1:7b,run3_p11,132.90,66.0,,,on
18701.965,,deepseek-r1:7b,run3_p11,133.56,67.0,,,on
18702.493,,deepseek-r1:7b,run3_p11,135.09,67.0,,,on
18703.022,,deepseek-r1:7b,run3_p11,135.37,67.0,,,on
18703.550,,deepseek-r1:7b,run3_p11,134.54,67.0,,,on
18704.077,,deepseek-r1:7b,run3_p11,135.38,67.0,,,on
18704.601,,deepseek-r1:7b,run3_p11,136.43,67.0,,,on
18705.126,,deepseek-r1:7b,run3_p11,136.38,67.0,,,on
18705.651,,deepseek-r1:7b,run3_p11,135.17,67.0,,,on
18706.174,,deepseek-r1:7b,run3_p11,134.36,67.0,,,on
18706.698,,deepseek-r1:7b,run3_p11,135.64,68.0,,,on
18707.222,,deepseek-r1:7b,run3_p11,137.66,67.0,,,on
18707.747,,deepseek-r1:7b,run3_p11,137.66,67.0,,,on
18708.272,,deepseek-r1:7b,run3_p11,137.85,67.0,,,on
18708.804,,deepseek-r1:7b,run3_p11,138.05,67.0,,,on
18709.327,,deepseek-r1:7b,run3_p11,138.01,67.0,,,on
18709.862,,deepseek-r1:7b,run3_p11,137.95,67.0,,,on
18710.388,,deepseek-r1:7b,run3_p11,138.14,67.0,,,on
18710.914,,deepseek-r1:7b,run3_p11,138.11,68.0,,,on
18711.440,,deepseek-r1:7b,run3_p11,137.97,67.0,,,on
18711.967,,deepseek-r1:7b,run3_p11,137.90,67.0,,,on
18712.496,,deepseek-r1:7b,run3_p11,136.03,67.0,,,on
18713.025,,deepseek-r1:7b,run3_p11,134.84,68.0,,,on
18713.551,,deepseek-r1:7b,run3_p11,134.72,67.0,,,on
18714.074,,deepseek-r1:7b,run3_p11,135.20,67.0,,,on
18714.600,,deepseek-r1:7b,run3_p11,137.78,67.0,,,on
18715.139,,deepseek-r1:7b,run3_p12,126.84,59.0,,,on
18715.665,,deepseek-r1:7b,run3_p12,113.58,66.0,,,on
18716.191,,deepseek-r1:7b,run3_p12,123.54,67.0,,,on
18716.716,,deepseek-r1:7b,run3_p12,136.00,67.0,,,on
18717.241,,deepseek-r1:7b,run3_p12,136.27,67.0,,,on
18717.766,,deepseek-r1:7b,run3_p12,136.00,67.0,,,on
18718.304,,deepseek-r1:7b,run3_p12,134.05,67.0,,,on
18718.829,,deepseek-r1:7b,run3_p12,133.41,67.0,,,on
18719.354,,deepseek-r1:7b,run3_p12,133.63,66.0,,,on
18719.878,,deepseek-r1:7b,run3_p12,133.84,67.0,,,on
18720.406,,deepseek-r1:7b,run3_p12,134.65,67.0,,,on
18720.933,,deepseek-r1:7b,run3_p12,134.74,67.0,,,on
18721.460,,deepseek-r1:7b,run3_p12,135.09,67.0,,,on
18721.987,,deepseek-r1:7b,run3_p12,135.47,67.0,,,on
18722.516,,deepseek-r1:7b,run3_p12,136.11,67.0,,,on
18723.045,,deepseek-r1:7b,run3_p12,136.56,67.0,,,on
18723.573,,deepseek-r1:7b,run3_p12,136.19,67.0,,,on
18724.102,,deepseek-r1:7b,run3_p12,135.19,67.0,,,on
18724.635,,deepseek-r1:7b,run3_p12,133.59,67.0,,,on
18725.171,,deepseek-r1:7b,run3_p12,131.74,67.0,,,on
18725.702,,deepseek-r1:7b,run3_p12,132.86,67.0,,,on
18726.257,,deepseek-r1:7b,run3_p12,136.14,67.0,,,on
18726.781,,deepseek-r1:7b,run3_p12,137.26,67.0,,,on
18727.308,,deepseek-r1:7b,run3_p12,136.01,67.0,,,on
18727.838,,deepseek-r1:7b,run3_p12,136.06,67.0,,,on
18728.365,,deepseek-r1:7b,run3_p12,136.51,68.0,,,on
18728.895,,deepseek-r1:7b,run3_p12,136.38,67.0,,,on
18729.422,,deepseek-r1:7b,run3_p12,137.23,67.0,,,on
18729.950,,deepseek-r1:7b,run3_p12,137.24,67.0,,,on
18730.504,,deepseek-r1:7b,run3_p12,134.71,67.0,,,on
18731.031,,deepseek-r1:7b,run3_p12,134.76,66.0,,,on
18731.565,,deepseek-r1:7b,run3_p13,111.91,67.0,,,on
18732.104,,deepseek-r1:7b,run3_p13,102.16,65.0,,,on
18732.641,,deepseek-r1:7b,run3_p13,123.95,66.0,,,on
18733.168,,deepseek-r1:7b,run3_p13,131.78,67.0,,,on
18733.698,,deepseek-r1:7b,run3_p13,134.29,67.0,,,on
18734.228,,deepseek-r1:7b,run3_p13,135.97,67.0,,,on
18734.752,,deepseek-r1:7b,run3_p13,135.84,66.0,,,on
18735.275,,deepseek-r1:7b,run3_p13,135.55,67.0,,,on
18735.800,,deepseek-r1:7b,run3_p13,136.25,67.0,,,on
18736.325,,deepseek-r1:7b,run3_p13,136.44,67.0,,,on
18736.881,,deepseek-r1:7b,run3_p13,136.59,67.0,,,on
18737.405,,deepseek-r1:7b,run3_p13,136.60,67.0,,,on
18737.930,,deepseek-r1:7b,run3_p13,136.93,67.0,,,on
18738.454,,deepseek-r1:7b,run3_p13,136.44,67.0,,,on
18738.977,,deepseek-r1:7b,run3_p13,136.48,67.0,,,on
18739.502,,deepseek-r1:7b,run3_p13,137.56,67.0,,,on
18740.027,,deepseek-r1:7b,run3_p13,137.35,67.0,,,on
18740.554,,deepseek-r1:7b,run3_p13,137.03,67.0,,,on
18741.093,,deepseek-r1:7b,run3_p13,136.09,67.0,,,on
18741.618,,deepseek-r1:7b,run3_p13,136.00,67.0,,,on
18742.143,,deepseek-r1:7b,run3_p13,137.16,67.0,,,on
18742.667,,deepseek-r1:7b,run3_p13,137.16,67.0,,,on
18743.192,,deepseek-r1:7b,run3_p13,136.39,67.0,,,on
18743.716,,deepseek-r1:7b,run3_p13,136.32,67.0,,,on
18744.239,,deepseek-r1:7b,run3_p13,136.88,67.0,,,on
18744.766,,deepseek-r1:7b,run3_p13,137.32,67.0,,,on
18745.288,,deepseek-r1:7b,run3_p13,137.72,68.0,,,on
18745.812,,deepseek-r1:7b,run3_p13,138.07,67.0,,,on
18746.336,,deepseek-r1:7b,run3_p13,137.82,67.0,,,on
18746.860,,deepseek-r1:7b,run3_p13,137.83,68.0,,,on
18747.383,,deepseek-r1:7b,run3_p13,138.36,67.0,,,on
18747.907,,deepseek-r1:7b,run3_p13,138.23,67.0,,,on
18748.430,,deepseek-r1:7b,run3_p13,138.11,67.0,,,on
18748.953,,deepseek-r1:7b,run3_p13,138.14,67.0,,,on
18749.477,,deepseek-r1:7b,run3_p13,138.32,68.0,,,on
18750.028,,deepseek-r1:7b,run3_p14,135.61,68.0,,,on
18750.552,,deepseek-r1:7b,run3_p14,127.17,66.0,,,on
18751.078,,deepseek-r1:7b,run3_p14,129.39,67.0,,,on
18751.604,,deepseek-r1:7b,run3_p14,137.09,67.0,,,on
18752.127,,deepseek-r1:7b,run3_p14,136.43,67.0,,,on
18752.650,,deepseek-r1:7b,run3_p14,135.11,67.0,,,on
18753.175,,deepseek-r1:7b,run3_p14,133.43,67.0,,,on
18753.698,,deepseek-r1:7b,run3_p14,134.23,67.0,,,on
18754.222,,deepseek-r1:7b,run3_p14,136.86,67.0,,,on
18754.745,,deepseek-r1:7b,run3_p14,137.82,67.0,,,on
18755.268,,deepseek-r1:7b,run3_p14,137.81,67.0,,,on
18755.792,,deepseek-r1:7b,run3_p14,138.22,68.0,,,on
18756.315,,deepseek-r1:7b,run3_p14,137.47,67.0,,,on
18756.841,,deepseek-r1:7b,run3_p14,137.31,68.0,,,on
18757.366,,deepseek-r1:7b,run3_p14,137.53,67.0,,,on
18757.889,,deepseek-r1:7b,run3_p14,137.15,67.0,,,on
18758.412,,deepseek-r1:7b,run3_p14,137.65,67.0,,,on
18758.937,,deepseek-r1:7b,run3_p14,137.81,68.0,,,on
18759.460,,deepseek-r1:7b,run3_p14,137.96,68.0,,,on
18759.983,,deepseek-r1:7b,run3_p14,137.84,67.0,,,on
18760.506,,deepseek-r1:7b,run3_p14,137.69,67.0,,,on
18761.029,,deepseek-r1:7b,run3_p14,137.67,67.0,,,on
18761.553,,deepseek-r1:7b,run3_p14,138.28,67.0,,,on
18762.077,,deepseek-r1:7b,run3_p14,138.07,67.0,,,on
18762.603,,deepseek-r1:7b,run3_p14,137.64,67.0,,,on
18763.131,,deepseek-r1:7b,run3_p14,136.58,67.0,,,on
18763.654,,deepseek-r1:7b,run3_p14,134.98,67.0,,,on
18764.185,,deepseek-r1:7b,run3_p14,135.79,68.0,,,on
18764.708,,deepseek-r1:7b,run3_p14,137.73,68.0,,,on
18765.231,,deepseek-r1:7b,run3_p14,138.61,68.0,,,on
18765.755,,deepseek-r1:7b,run3_p14,138.69,68.0,,,on
18766.278,,deepseek-r1:7b,run3_p14,138.89,68.0,,,on
18766.802,,deepseek-r1:7b,run3_p14,139.03,68.0,,,on
18767.324,,deepseek-r1:7b,run3_p14,139.05,68.0,,,on
18767.847,,deepseek-r1:7b,run3_p14,139.01,68.0,,,on
18768.373,,deepseek-r1:7b,run3_p14,138.52,68.0,,,on
18768.896,,deepseek-r1:7b,run3_p14,137.73,67.0,,,on
18769.425,,deepseek-r1:7b,run3_p14,136.38,67.0,,,on
18769.950,,deepseek-r1:7b,run3_p14,136.35,68.0,,,on
18794.269,,deepseek-r1:7b,idle,24.44,46.0,,,off
18794.849,,deepseek-r1:7b,idle,23.93,46.0,,,off
18795.379,,deepseek-r1:7b,idle,21.92,45.0,,,off
18795.904,,deepseek-r1:7b,idle,16.35,45.0,,,off
18796.433,,deepseek-r1:7b,idle,14.95,45.0,,,off
18796.973,,deepseek-r1:7b,idle,15.92,45.0,,,off
18797.501,,deepseek-r1:7b,idle,17.24,45.0,,,off
18798.026,,deepseek-r1:7b,idle,16.11,45.0,,,off
18798.551,,deepseek-r1:7b,idle,14.36,45.0,,,off
18799.081,,deepseek-r1:7b,idle,15.71,45.0,,,off
18799.606,,deepseek-r1:7b,idle,16.97,45.0,,,off
18800.132,,deepseek-r1:7b,idle,16.44,45.0,,,off
18800.663,,deepseek-r1:7b,idle,16.84,45.0,,,off
18801.190,,deepseek-r1:7b,idle,16.83,44.0,,,off
18801.715,,deepseek-r1:7b,idle,15.41,44.0,,,off
18802.242,,deepseek-r1:7b,idle,14.28,44.0,,,off
18802.771,,deepseek-r1:7b,idle,14.07,44.0,,,off
18803.298,,deepseek-r1:7b,idle,13.73,44.0,,,off
18803.824,,deepseek-r1:7b,idle,14.18,44.0,,,off
18804.356,,deepseek-r1:7b,run1_p0,14.53,44.0,,,off
18804.936,,deepseek-r1:7b,run1_p0,28.25,51.0,,,off
18805.470,,deepseek-r1:7b,run1_p1,40.14,47.0,,,off
18805.998,,deepseek-r1:7b,run1_p1,72.34,55.0,,,off
18806.530,,deepseek-r1:7b,run1_p2,74.03,48.0,,,off
18807.058,,deepseek-r1:7b,run1_p3,64.83,58.0,,,off
18807.582,,deepseek-r1:7b,run1_p3,98.48,58.0,,,off
18808.107,,deepseek-r1:7b,run1_p3,117.36,60.0,,,off
18808.632,,deepseek-r1:7b,run1_p3,132.46,61.0,,,off
18809.158,,deepseek-r1:7b,run1_p3,131.72,61.0,,,off
18809.688,,deepseek-r1:7b,run1_p3,128.50,61.0,,,off
18810.223,,deepseek-r1:7b,run1_p4,92.29,50.0,,,off
18810.752,,deepseek-r1:7b,run1_p4,83.64,61.0,,,off
18811.291,,deepseek-r1:7b,run1_p5,108.88,52.0,,,off
18811.827,,deepseek-r1:7b,run1_p5,101.14,61.0,,,off
18812.355,,deepseek-r1:7b,run1_p5,119.08,62.0,,,off
18812.882,,deepseek-r1:7b,run1_p5,130.95,62.0,,,off
18813.413,,deepseek-r1:7b,run1_p6,100.63,54.0,,,off
18813.937,,deepseek-r1:7b,run1_p6,91.61,59.0,,,off
18814.481,,deepseek-r1:7b,run1_p6,122.78,63.0,,,off
18815.007,,deepseek-r1:7b,run1_p6,131.47,63.0,,,off
18815.543,,deepseek-r1:7b,run1_p6,129.34,63.0,,,off
18816.067,,deepseek-r1:7b,run1_p6,131.20,63.0,,,off
18816.590,,deepseek-r1:7b,run1_p6,133.93,64.0,,,off
18817.117,,deepseek-r1:7b,run1_p6,133.81,63.0,,,off
18817.648,,deepseek-r1:7b,run1_p7,124.71,64.0,,,off
18818.172,,deepseek-r1:7b,run1_p7,117.95,63.0,,,off
18818.698,,deepseek-r1:7b,run1_p7,126.66,63.0,,,off
18819.222,,deepseek-r1:7b,run1_p7,134.15,65.0,,,off
18819.748,,deepseek-r1:7b,run1_p7,134.73,65.0,,,off
18820.277,,deepseek-r1:7b,run1_p7,134.96,65.0,,,off
18820.803,,deepseek-r1:7b,run1_p7,135.17,65.0,,,off
18821.326,,deepseek-r1:7b,run1_p7,134.68,64.0,,,off
18821.851,,deepseek-r1:7b,run1_p7,134.87,64.0,,,off
18822.378,,deepseek-r1:7b,run1_p7,135.47,65.0,,,off
18822.948,,deepseek-r1:7b,run1_p7,134.60,65.0,,,off
18823.471,,deepseek-r1:7b,run1_p7,133.80,65.0,,,off
18824.062,,deepseek-r1:7b,run1_p7,134.21,65.0,,,off
18824.588,,deepseek-r1:7b,run1_p7,134.74,65.0,,,off
18825.112,,deepseek-r1:7b,run1_p7,134.93,65.0,,,off
18825.640,,deepseek-r1:7b,run1_p7,133.66,65.0,,,off
18826.170,,deepseek-r1:7b,run1_p7,133.18,65.0,,,off
18826.699,,deepseek-r1:7b,run1_p7,134.05,65.0,,,off
18827.225,,deepseek-r1:7b,run1_p7,134.45,66.0,,,off
18827.761,,deepseek-r1:7b,run1_p8,96.53,54.0,,,off
18828.290,,deepseek-r1:7b,run1_p8,86.65,64.0,,,off
18828.819,,deepseek-r1:7b,run1_p8,123.57,65.0,,,off
18829.353,,deepseek-r1:7b,run1_p8,132.42,65.0,,,off
18829.889,,deepseek-r1:7b,run1_p8,131.78,65.0,,,off
18830.418,,deepseek-r1:7b,run1_p8,132.59,65.0,,,off
18830.943,,deepseek-r1:7b,run1_p8,133.61,66.0,,,off
18831.467,,deepseek-r1:7b,run1_p8,132.57,65.0,,,off
18831.995,,deepseek-r1:7b,run1_p8,132.22,66.0,,,off
18832.521,,deepseek-r1:7b,run1_p8,132.62,66.0,,,off
18833.047,,deepseek-r1:7b,run1_p8,132.39,66.0,,,off
18833.572,,deepseek-r1:7b,run1_p8,132.58,66.0,,,off
18834.098,,deepseek-r1:7b,run1_p8,132.91,66.0,,,off
18834.632,,deepseek-r1:7b,run1_p8,132.81,66.0,,,off
18835.158,,deepseek-r1:7b,run1_p8,132.64,66.0,,,off
18835.685,,deepseek-r1:7b,run1_p8,132.61,66.0,,,off
18836.218,,deepseek-r1:7b,run1_p8,132.74,66.0,,,off
18836.749,,deepseek-r1:7b,run1_p8,133.86,66.0,,,off
18837.276,,deepseek-r1:7b,run1_p8,135.02,66.0,,,off
18837.800,,deepseek-r1:7b,run1_p8,135.49,66.0,,,off
18838.329,,deepseek-r1:7b,run1_p9,115.14,67.0,,,off
18838.859,,deepseek-r1:7b,run1_p9,106.98,66.0,,,off
18839.387,,deepseek-r1:7b,run1_p9,126.14,66.0,,,off
18839.921,,deepseek-r1:7b,run1_p10,121.97,58.0,,,off
18840.456,,deepseek-r1:7b,run1_p10,109.04,65.0,,,off
18840.983,,deepseek-r1:7b,run1_p10,123.60,66.0,,,off
18841.507,,deepseek-r1:7b,run1_p10,136.14,66.0,,,off
18842.030,,deepseek-r1:7b,run1_p10,135.75,66.0,,,off
18842.553,,deepseek-r1:7b,run1_p10,135.14,67.0,,,off
18843.080,,deepseek-r1:7b,run1_p10,135.06,66.0,,,off
18843.652,,deepseek-r1:7b,run1_p10,134.65,66.0,,,off
18844.174,,deepseek-r1:7b,run1_p10,134.69,66.0,,,off
18844.698,,deepseek-r1:7b,run1_p10,134.82,66.0,,,off
18845.227,,deepseek-r1:7b,run1_p10,131.73,66.0,,,off
18845.753,,deepseek-r1:7b,run1_p10,130.04,66.0,,,off
18846.277,,deepseek-r1:7b,run1_p10,130.69,66.0,,,off
18846.801,,deepseek-r1:7b,run1_p10,132.19,66.0,,,off
18847.328,,deepseek-r1:7b,run1_p10,134.47,67.0,,,off
18847.851,,deepseek-r1:7b,run1_p10,134.55,67.0,,,off
18848.378,,deepseek-r1:7b,run1_p10,133.23,67.0,,,off
18848.907,,deepseek-r1:7b,run1_p10,131.96,67.0,,,off
18849.438,,deepseek-r1:7b,run1_p10,132.06,66.0,,,off
18849.968,,deepseek-r1:7b,run1_p11,121.08,67.0,,,off
18850.493,,deepseek-r1:7b,run1_p11,115.35,66.0,,,off
18851.018,,deepseek-r1:7b,run1_p11,127.02,66.0,,,off
18851.548,,deepseek-r1:7b,run1_p11,134.33,67.0,,,off
18852.073,,deepseek-r1:7b,run1_p11,134.15,67.0,,,off
18852.600,,deepseek-r1:7b,run1_p11,134.97,67.0,,,off
18853.125,,deepseek-r1:7b,run1_p11,134.81,66.0,,,off
18853.652,,deepseek-r1:7b,run1_p11,134.46,67.0,,,off
18854.177,,deepseek-r1:7b,run1_p11,134.45,67.0,,,off
18854.703,,deepseek-r1:7b,run1_p11,134.44,67.0,,,off
18855.227,,deepseek-r1:7b,run1_p11,135.12,66.0,,,off
18855.756,,deepseek-r1:7b,run1_p11,135.78,67.0,,,off
18856.298,,deepseek-r1:7b,run1_p11,135.83,67.0,,,off
18856.828,,deepseek-r1:7b,run1_p11,134.85,66.0,,,off
18857.357,,deepseek-r1:7b,run1_p11,134.70,67.0,,,off
18857.885,,deepseek-r1:7b,run1_p11,134.93,67.0,,,off
18858.412,,deepseek-r1:7b,run1_p11,133.68,66.0,,,off
18858.940,,deepseek-r1:7b,run1_p11,133.95,67.0,,,off
18859.469,,deepseek-r1:7b,run1_p11,134.51,67.0,,,off
18859.997,,deepseek-r1:7b,run1_p11,134.82,67.0,,,off
18860.524,,deepseek-r1:7b,run1_p11,135.68,67.0,,,off
18861.049,,deepseek-r1:7b,run1_p11,136.45,67.0,,,off
18861.579,,deepseek-r1:7b,run1_p11,136.31,67.0,,,off
18862.105,,deepseek-r1:7b,run1_p11,135.90,67.0,,,off
18862.632,,deepseek-r1:7b,run1_p11,136.30,67.0,,,off
18863.157,,deepseek-r1:7b,run1_p11,136.78,67.0,,,off
18863.691,,deepseek-r1:7b,run1_p11,136.74,67.0,,,off
18864.219,,deepseek-r1:7b,run1_p11,135.93,67.0,,,off
18864.744,,deepseek-r1:7b,run1_p11,136.19,67.0,,,off
18865.277,,deepseek-r1:7b,run1_p11,136.11,67.0,,,off
18865.801,,deepseek-r1:7b,run1_p11,135.06,67.0,,,off
18866.335,,deepseek-r1:7b,run1_p11,135.98,67.0,,,off
18866.865,,deepseek-r1:7b,run1_p11,135.40,67.0,,,off
18867.390,,deepseek-r1:7b,run1_p11,134.10,67.0,,,off
18867.914,,deepseek-r1:7b,run1_p11,135.78,67.0,,,off
18868.484,,deepseek-r1:7b,run1_p12,135.92,60.0,,,off
18869.023,,deepseek-r1:7b,run1_p12,124.26,67.0,,,off
18869.546,,deepseek-r1:7b,run1_p12,133.85,67.0,,,off
18870.073,,deepseek-r1:7b,run1_p12,135.60,67.0,,,off
18870.597,,deepseek-r1:7b,run1_p12,136.20,67.0,,,off
18871.124,,deepseek-r1:7b,run1_p12,137.10,67.0,,,off
18871.648,,deepseek-r1:7b,run1_p12,137.40,67.0,,,off
18872.205,,deepseek-r1:7b,run1_p12,137.53,67.0,,,off
18872.729,,deepseek-r1:7b,run1_p12,137.35,67.0,,,off
18873.253,,deepseek-r1:7b,run1_p12,137.62,68.0,,,off
18873.778,,deepseek-r1:7b,run1_p12,137.97,67.0,,,off
18874.302,,deepseek-r1:7b,run1_p12,137.84,67.0,,,off
18874.827,,deepseek-r1:7b,run1_p12,136.99,67.0,,,off
18875.359,,deepseek-r1:7b,run1_p12,135.83,67.0,,,off
18875.890,,deepseek-r1:7b,run1_p13,118.32,60.0,,,off
18876.413,,deepseek-r1:7b,run1_p13,109.00,65.0,,,off
18876.939,,deepseek-r1:7b,run1_p13,126.99,67.0,,,off
18877.465,,deepseek-r1:7b,run1_p13,136.95,67.0,,,off
18877.988,,deepseek-r1:7b,run1_p13,136.13,67.0,,,off
18878.515,,deepseek-r1:7b,run1_p13,134.64,67.0,,,off
18879.041,,deepseek-r1:7b,run1_p13,134.34,67.0,,,off
18879.564,,deepseek-r1:7b,run1_p13,135.78,67.0,,,off
18880.088,,deepseek-r1:7b,run1_p13,136.97,67.0,,,off
18880.612,,deepseek-r1:7b,run1_p13,137.08,67.0,,,off
18881.137,,deepseek-r1:7b,run1_p13,136.80,67.0,,,off
18881.666,,deepseek-r1:7b,run1_p13,136.87,67.0,,,off
18882.192,,deepseek-r1:7b,run1_p13,137.13,68.0,,,off
18882.716,,deepseek-r1:7b,run1_p13,137.11,67.0,,,off
18883.241,,deepseek-r1:7b,run1_p13,137.20,67.0,,,off
18883.765,,deepseek-r1:7b,run1_p13,137.33,67.0,,,off
18884.290,,deepseek-r1:7b,run1_p13,137.23,67.0,,,off
18884.813,,deepseek-r1:7b,run1_p13,137.14,67.0,,,off
18885.341,,deepseek-r1:7b,run1_p14,121.18,68.0,,,off
18885.883,,deepseek-r1:7b,run1_p14,107.18,55.0,,,off
18886.407,,deepseek-r1:7b,run1_p14,121.72,67.0,,,off
18886.937,,deepseek-r1:7b,run1_p14,133.51,67.0,,,off
18887.467,,deepseek-r1:7b,run1_p14,133.89,67.0,,,off
18887.993,,deepseek-r1:7b,run1_p14,135.59,67.0,,,off
18888.524,,deepseek-r1:7b,run1_p14,135.15,67.0,,,off
18889.048,,deepseek-r1:7b,run1_p14,133.30,67.0,,,off
18889.586,,deepseek-r1:7b,run1_p14,133.37,67.0,,,off
18890.112,,deepseek-r1:7b,run1_p14,133.00,67.0,,,off
18890.638,,deepseek-r1:7b,run1_p14,133.75,67.0,,,off
18891.162,,deepseek-r1:7b,run1_p14,136.29,67.0,,,off
18891.685,,deepseek-r1:7b,run1_p14,136.60,67.0,,,off
18892.210,,deepseek-r1:7b,run1_p14,135.96,67.0,,,off
18892.735,,deepseek-r1:7b,run1_p14,136.04,67.0,,,off
18893.261,,deepseek-r1:7b,run1_p14,136.63,67.0,,,off
18893.784,,deepseek-r1:7b,run1_p14,136.41,67.0,,,off
18894.321,,deepseek-r1:7b,run1_p14,136.09,68.0,,,off
18894.849,,deepseek-r1:7b,run1_p14,135.08,67.0,,,off
18895.376,,deepseek-r1:7b,run1_p14,134.14,66.0,,,off
18895.905,,deepseek-r1:7b,run1_p14,134.22,67.0,,,off
18896.430,,deepseek-r1:7b,run1_p14,133.40,67.0,,,off
18896.962,,deepseek-r1:7b,run2_p0,129.59,67.0,,,off
18897.493,,deepseek-r1:7b,run2_p1,93.34,61.0,,,off
18898.021,,deepseek-r1:7b,run2_p1,92.27,55.0,,,off
18898.553,,deepseek-r1:7b,run2_p2,113.18,57.0,,,off
18899.119,,deepseek-r1:7b,run2_p2,112.76,66.0,,,off
18899.673,,deepseek-r1:7b,run2_p3,129.44,67.0,,,off
18900.222,,deepseek-r1:7b,run2_p3,127.19,66.0,,,off
18900.746,,deepseek-r1:7b,run2_p3,128.89,67.0,,,off
18901.273,,deepseek-r1:7b,run2_p3,136.58,67.0,,,off
18901.798,,deepseek-r1:7b,run2_p3,136.74,67.0,,,off
18902.324,,deepseek-r1:7b,run2_p3,136.77,67.0,,,off
18902.851,,deepseek-r1:7b,run2_p4,115.76,67.0,,,off
18903.386,,deepseek-r1:7b,run2_p4,107.19,56.0,,,off
18903.957,,deepseek-r1:7b,run2_p5,122.01,62.0,,,off
18904.483,,deepseek-r1:7b,run2_p5,122.66,66.0,,,off
18905.010,,deepseek-r1:7b,run2_p6,128.72,67.0,,,off
18905.538,,deepseek-r1:7b,run2_p6,129.84,67.0,,,off
18906.063,,deepseek-r1:7b,run2_p6,129.79,67.0,,,off
18906.588,,deepseek-r1:7b,run2_p6,136.52,67.0,,,off
18907.111,,deepseek-r1:7b,run2_p6,136.60,67.0,,,off
18907.636,,deepseek-r1:7b,run2_p6,136.62,67.0,,,off
18908.162,,deepseek-r1:7b,run2_p6,136.51,67.0,,,off
18908.686,,deepseek-r1:7b,run2_p6,136.44,67.0,,,off
18909.209,,deepseek-r1:7b,run2_p6,136.44,67.0,,,off
18909.738,,deepseek-r1:7b,run2_p7,134.87,67.0,,,off
18910.262,,deepseek-r1:7b,run2_p7,127.17,67.0,,,off
18910.785,,deepseek-r1:7b,run2_p7,128.47,67.0,,,off
18911.311,,deepseek-r1:7b,run2_p7,135.97,67.0,,,off
18911.837,,deepseek-r1:7b,run2_p7,136.41,67.0,,,off
18912.364,,deepseek-r1:7b,run2_p7,137.00,67.0,,,off
18912.889,,deepseek-r1:7b,run2_p7,137.18,67.0,,,off
18913.412,,deepseek-r1:7b,run2_p7,137.19,67.0,,,off
18913.939,,deepseek-r1:7b,run2_p7,137.17,67.0,,,off
18914.467,,deepseek-r1:7b,run2_p7,137.42,67.0,,,off
18914.991,,deepseek-r1:7b,run2_p7,136.99,68.0,,,off
18915.516,,deepseek-r1:7b,run2_p7,137.11,67.0,,,off
18916.041,,deepseek-r1:7b,run2_p7,137.75,68.0,,,off
18916.566,,deepseek-r1:7b,run2_p7,136.39,67.0,,,off
18917.094,,deepseek-r1:7b,run2_p7,135.60,68.0,,,off
18917.619,,deepseek-r1:7b,run2_p7,136.08,67.0,,,off
18918.155,,deepseek-r1:7b,run2_p8,131.16,67.0,,,off
18918.681,,deepseek-r1:7b,run2_p8,126.27,66.0,,,off
18919.205,,deepseek-r1:7b,run2_p8,125.97,67.0,,,off
18919.732,,deepseek-r1:7b,run2_p8,135.12,67.0,,,off
18920.257,,deepseek-r1:7b,run2_p8,135.22,67.0,,,off
18920.781,,deepseek-r1:7b,run2_p8,135.91,67.0,,,off
18921.305,,deepseek-r1:7b,run2_p8,135.40,67.0,,,off
18921.830,,deepseek-r1:7b,run2_p8,135.28,68.0,,,off
18922.353,,deepseek-r1:7b,run2_p8,136.09,67.0,,,off
18922.878,,deepseek-r1:7b,run2_p8,136.96,67.0,,,off
18923.403,,deepseek-r1:7b,run2_p8,136.91,67.0,,,off
18923.927,,deepseek-r1:7b,run2_p8,136.95,67.0,,,off
18924.452,,deepseek-r1:7b,run2_p8,137.17,67.0,,,off
18924.974,,deepseek-r1:7b,run2_p8,137.30,67.0,,,off
18925.499,,deepseek-r1:7b,run2_p8,137.58,67.0,,,off
18926.022,,deepseek-r1:7b,run2_p8,136.40,67.0,,,off
18926.549,,deepseek-r1:7b,run2_p8,135.86,67.0,,,off
18927.073,,deepseek-r1:7b,run2_p8,136.20,67.0,,,off
18927.598,,deepseek-r1:7b,run2_p8,136.17,67.0,,,off
18928.122,,deepseek-r1:7b,run2_p8,136.78,67.0,,,off
18928.647,,deepseek-r1:7b,run2_p8,137.00,67.0,,,off
18929.173,,deepseek-r1:7b,run2_p8,137.10,67.0,,,off
18929.698,,deepseek-r1:7b,run2_p8,137.11,68.0,,,off
18930.222,,deepseek-r1:7b,run2_p8,137.22,68.0,,,off
18930.783,,deepseek-r1:7b,run2_p8,137.16,67.0,,,off
18931.307,,deepseek-r1:7b,run2_p8,137.31,68.0,,,off
18931.831,,deepseek-r1:7b,run2_p8,137.91,68.0,,,off
18932.355,,deepseek-r1:7b,run2_p8,137.90,68.0,,,off
18932.885,,deepseek-r1:7b,run2_p9,138.00,68.0,,,off
18933.410,,deepseek-r1:7b,run2_p9,125.45,58.0,,,off
18933.935,,deepseek-r1:7b,run2_p9,125.10,67.0,,,off
18934.460,,deepseek-r1:7b,run2_p9,137.22,68.0,,,off
18934.990,,deepseek-r1:7b,run2_p9,134.01,66.0,,,off
18935.521,,deepseek-r1:7b,run2_p9,132.63,68.0,,,off
18936.054,,deepseek-r1:7b,run2_p10,102.13,56.0,,,off
18936.580,,deepseek-r1:7b,run2_p10,93.81,65.0,,,off
18937.109,,deepseek-r1:7b,run2_p10,127.06,67.0,,,off
18937.632,,deepseek-r1:7b,run2_p10,136.31,67.0,,,off
18938.159,,deepseek-r1:7b,run2_p10,136.40,67.0,,,off
18938.688,,deepseek-r1:7b,run2_p10,135.89,67.0,,,off
18939.220,,deepseek-r1:7b,run2_p10,134.26,67.0,,,off
18939.744,,deepseek-r1:7b,run2_p10,134.52,67.0,,,off
18940.270,,deepseek-r1:7b,run2_p10,134.33,67.0,,,off
18940.800,,deepseek-r1:7b,run2_p10,133.52,67.0,,,off
18941.328,,deepseek-r1:7b,run2_p10,134.37,67.0,,,off
18941.854,,deepseek-r1:7b,run2_p10,135.18,67.0,,,off
18942.382,,deepseek-r1:7b,run2_p10,135.34,67.0,,,off
18942.909,,deepseek-r1:7b,run2_p11,90.37,56.0,,,off
18943.448,,deepseek-r1:7b,run2_p11,84.44,65.0,,,off
18943.973,,deepseek-r1:7b,run2_p11,129.72,67.0,,,off
18944.520,,deepseek-r1:7b,run2_p11,136.28,67.0,,,off
18945.046,,deepseek-r1:7b,run2_p11,136.12,67.0,,,off
18945.571,,deepseek-r1:7b,run2_p11,136.08,67.0,,,off
18946.095,,deepseek-r1:7b,run2_p11,136.23,67.0,,,off
18946.619,,deepseek-r1:7b,run2_p11,136.53,67.0,,,off
18947.146,,deepseek-r1:7b,run2_p11,137.25,67.0,,,off
18947.672,,deepseek-r1:7b,run2_p11,137.45,67.0,,,off
18948.198,,deepseek-r1:7b,run2_p11,137.47,67.0,,,off
18948.726,,deepseek-r1:7b,run2_p11,137.64,67.0,,,off
18949.250,,deepseek-r1:7b,run2_p11,135.65,66.0,,,off
18949.776,,deepseek-r1:7b,run2_p11,135.54,67.0,,,off
18950.300,,deepseek-r1:7b,run2_p11,136.14,67.0,,,off
18950.826,,deepseek-r1:7b,run2_p11,134.64,66.0,,,off
18951.351,,deepseek-r1:7b,run2_p11,134.99,67.0,,,off
18951.877,,deepseek-r1:7b,run2_p11,135.13,67.0,,,off
18952.404,,deepseek-r1:7b,run2_p11,134.65,67.0,,,off
18952.930,,deepseek-r1:7b,run2_p11,135.15,67.0,,,off
18953.455,,deepseek-r1:7b,run2_p11,135.63,67.0,,,off
18953.981,,deepseek-r1:7b,run2_p11,136.49,67.0,,,off
18954.508,,deepseek-r1:7b,run2_p11,136.79,68.0,,,off
18955.032,,deepseek-r1:7b,run2_p11,136.54,67.0,,,off
18955.559,,deepseek-r1:7b,run2_p11,136.87,67.0,,,off
18956.084,,deepseek-r1:7b,run2_p11,136.60,67.0,,,off
18956.609,,deepseek-r1:7b,run2_p11,135.85,67.0,,,off
18957.135,,deepseek-r1:7b,run2_p11,135.33,67.0,,,off
18957.664,,deepseek-r1:7b,run2_p11,135.43,67.0,,,off
18958.188,,deepseek-r1:7b,run2_p11,136.94,67.0,,,off
18958.717,,deepseek-r1:7b,run2_p11,137.84,67.0,,,off
18959.243,,deepseek-r1:7b,run2_p11,137.92,68.0,,,off
18959.767,,deepseek-r1:7b,run2_p11,136.95,67.0,,,off
18960.293,,deepseek-r1:7b,run2_p11,136.24,67.0,,,off
18960.819,,deepseek-r1:7b,run2_p11,137.02,68.0,,,off
18961.343,,deepseek-r1:7b,run2_p11,137.30,67.0,,,off
18961.867,,deepseek-r1:7b,run2_p11,137.68,68.0,,,off
18962.391,,deepseek-r1:7b,run2_p11,138.06,68.0,,,off
18962.916,,deepseek-r1:7b,run2_p11,138.01,68.0,,,off
18963.441,,deepseek-r1:7b,run2_p11,138.08,67.0,,,off
18963.971,,deepseek-r1:7b,run2_p11,137.76,68.0,,,off
18964.496,,deepseek-r1:7b,run2_p11,136.99,68.0,,,off
18965.031,,deepseek-r1:7b,run2_p12,104.43,68.0,,,off
18965.557,,deepseek-r1:7b,run2_p12,97.93,66.0,,,off
18966.083,,deepseek-r1:7b,run2_p12,120.57,67.0,,,off
18966.612,,deepseek-r1:7b,run2_p13,99.88,56.0,,,off
18967.137,,deepseek-r1:7b,run2_p13,91.91,65.0,,,off
18967.669,,deepseek-r1:7b,run2_p13,136.30,67.0,,,off
18968.194,,deepseek-r1:7b,run2_p13,136.66,67.0,,,off
18968.717,,deepseek-r1:7b,run2_p13,136.31,67.0,,,off
18969.241,,deepseek-r1:7b,run2_p13,136.34,67.0,,,off
18969.765,,deepseek-r1:7b,run2_p13,136.45,67.0,,,off
18970.291,,deepseek-r1:7b,run2_p13,136.54,66.0,,,off
18970.816,,deepseek-r1:7b,run2_p13,136.65,67.0,,,off
18971.341,,deepseek-r1:7b,run2_p13,136.53,67.0,,,off
18971.865,,deepseek-r1:7b,run2_p13,136.52,67.0,,,off
18972.389,,deepseek-r1:7b,run2_p13,136.71,67.0,,,off
18972.913,,deepseek-r1:7b,run2_p13,136.91,67.0,,,off
18973.438,,deepseek-r1:7b,run2_p13,136.98,67.0,,,off
18973.964,,deepseek-r1:7b,run2_p13,136.93,67.0,,,off
18974.488,,deepseek-r1:7b,run2_p13,136.96,67.0,,,off
18975.013,,deepseek-r1:7b,run2_p13,136.84,67.0,,,off
18975.539,,deepseek-r1:7b,run2_p13,136.82,67.0,,,off
18976.066,,deepseek-r1:7b,run2_p13,135.74,67.0,,,off
18976.589,,deepseek-r1:7b,run2_p13,136.12,67.0,,,off
18977.113,,deepseek-r1:7b,run2_p13,137.91,67.0,,,off
18977.638,,deepseek-r1:7b,run2_p13,138.53,68.0,,,off
18978.160,,deepseek-r1:7b,run2_p13,136.96,67.0,,,off
18978.684,,deepseek-r1:7b,run2_p13,136.95,68.0,,,off
18979.207,,deepseek-r1:7b,run2_p13,138.52,68.0,,,off
18979.784,,deepseek-r1:7b,run2_p13,138.70,67.0,,,off
18980.309,,deepseek-r1:7b,run2_p13,136.95,68.0,,,off
18980.832,,deepseek-r1:7b,run2_p13,136.68,68.0,,,off
18981.355,,deepseek-r1:7b,run2_p13,138.14,68.0,,,off
18981.885,,deepseek-r1:7b,run2_p14,121.20,68.0,,,off
18982.410,,deepseek-r1:7b,run2_p14,108.01,55.0,,,off
18982.933,,deepseek-r1:7b,run2_p14,124.76,67.0,,,off
18983.457,,deepseek-r1:7b,run2_p14,137.34,67.0,,,off
18983.981,,deepseek-r1:7b,run2_p14,137.23,67.0,,,off
18984.504,,deepseek-r1:7b,run2_p14,137.32,68.0,,,off
18985.028,,deepseek-r1:7b,run2_p14,137.32,67.0,,,off
18985.557,,deepseek-r1:7b,run2_p14,137.27,67.0,,,off
18986.080,,deepseek-r1:7b,run2_p14,137.13,67.0,,,off
18986.605,,deepseek-r1:7b,run2_p14,137.27,67.0,,,off
18987.128,,deepseek-r1:7b,run2_p14,135.30,66.0,,,off
18987.653,,deepseek-r1:7b,run2_p14,133.98,67.0,,,off
18988.176,,deepseek-r1:7b,run2_p14,136.01,67.0,,,off
18988.700,,deepseek-r1:7b,run2_p14,137.04,67.0,,,off
18989.228,,deepseek-r1:7b,run3_p0,96.95,67.0,,,off
18989.755,,deepseek-r1:7b,run3_p1,62.40,55.0,,,off
18990.282,,deepseek-r1:7b,run3_p2,89.83,66.0,,,off
18990.810,,deepseek-r1:7b,run3_p3,106.15,59.0,,,off
18991.336,,deepseek-r1:7b,run3_p3,104.02,65.0,,,off
18991.909,,deepseek-r1:7b,run3_p3,134.58,66.0,,,off
18992.435,,deepseek-r1:7b,run3_p3,135.91,67.0,,,off
18992.961,,deepseek-r1:7b,run3_p3,135.74,67.0,,,off
18993.486,,deepseek-r1:7b,run3_p3,135.34,66.0,,,off
18994.013,,deepseek-r1:7b,run3_p4,110.72,67.0,,,off
18994.537,,deepseek-r1:7b,run3_p4,96.53,55.0,,,off
18995.103,,deepseek-r1:7b,run3_p5,118.23,66.0,,,off
18995.633,,deepseek-r1:7b,run3_p5,119.06,66.0,,,off
18996.162,,deepseek-r1:7b,run3_p5,129.90,65.0,,,off
18996.695,,deepseek-r1:7b,run3_p6,108.11,56.0,,,off
18997.226,,deepseek-r1:7b,run3_p6,96.73,64.0,,,off
18997.752,,deepseek-r1:7b,run3_p6,122.88,66.0,,,off
18998.276,,deepseek-r1:7b,run3_p6,134.04,66.0,,,off
18998.802,,deepseek-r1:7b,run3_p6,135.50,67.0,,,off
18999.330,,deepseek-r1:7b,run3_p6,135.03,67.0,,,off
18999.855,,deepseek-r1:7b,run3_p6,129.78,66.0,,,off
19000.382,,deepseek-r1:7b,run3_p6,127.91,66.0,,,off
19000.907,,deepseek-r1:7b,run3_p6,130.21,66.0,,,off
19001.435,,deepseek-r1:7b,run3_p7,104.43,55.0,,,off
19001.960,,deepseek-r1:7b,run3_p7,96.70,65.0,,,off
19002.486,,deepseek-r1:7b,run3_p7,124.91,66.0,,,off
19003.009,,deepseek-r1:7b,run3_p7,134.41,66.0,,,off
19003.531,,deepseek-r1:7b,run3_p7,134.56,66.0,,,off
19004.057,,deepseek-r1:7b,run3_p7,134.87,67.0,,,off
19004.582,,deepseek-r1:7b,run3_p7,134.93,66.0,,,off
19005.105,,deepseek-r1:7b,run3_p7,134.72,66.0,,,off
19005.628,,deepseek-r1:7b,run3_p7,134.67,66.0,,,off
19006.155,,deepseek-r1:7b,run3_p7,134.83,67.0,,,off
19006.681,,deepseek-r1:7b,run3_p7,135.50,67.0,,,off
19007.208,,deepseek-r1:7b,run3_p7,135.85,67.0,,,off
19007.732,,deepseek-r1:7b,run3_p7,135.79,67.0,,,off
19008.255,,deepseek-r1:7b,run3_p7,135.60,67.0,,,off
19008.781,,deepseek-r1:7b,run3_p7,135.78,67.0,,,off
19009.329,,deepseek-r1:7b,run3_p8,103.78,56.0,,,off
19009.852,,deepseek-r1:7b,run3_p8,92.99,65.0,,,off
19010.375,,deepseek-r1:7b,run3_p8,125.68,66.0,,,off
19010.902,,deepseek-r1:7b,run3_p8,136.00,66.0,,,off
19011.431,,deepseek-r1:7b,run3_p8,135.76,67.0,,,off
19011.957,,deepseek-r1:7b,run3_p8,136.18,66.0,,,off
19012.480,,deepseek-r1:7b,run3_p8,135.98,67.0,,,off
19013.007,,deepseek-r1:7b,run3_p8,136.29,67.0,,,off
19013.530,,deepseek-r1:7b,run3_p8,135.07,66.0,,,off
19014.054,,deepseek-r1:7b,run3_p8,134.13,66.0,,,off
19014.580,,deepseek-r1:7b,run3_p8,134.73,67.0,,,off
19015.105,,deepseek-r1:7b,run3_p8,135.75,67.0,,,off
19015.629,,deepseek-r1:7b,run3_p8,136.80,67.0,,,off
19016.153,,deepseek-r1:7b,run3_p8,137.04,67.0,,,off
19016.679,,deepseek-r1:7b,run3_p8,137.16,67.0,,,off
19017.204,,deepseek-r1:7b,run3_p8,137.17,67.0,,,off
19017.729,,deepseek-r1:7b,run3_p8,137.11,67.0,,,off
19018.255,,deepseek-r1:7b,run3_p9,114.21,67.0,,,off
19018.779,,deepseek-r1:7b,run3_p9,101.07,55.0,,,off
19019.307,,deepseek-r1:7b,run3_p9,124.15,66.0,,,off
19019.832,,deepseek-r1:7b,run3_p9,137.58,67.0,,,off
19020.355,,deepseek-r1:7b,run3_p9,137.49,67.0,,,off
19020.878,,deepseek-r1:7b,run3_p9,136.99,67.0,,,off
19021.412,,deepseek-r1:7b,run3_p10,125.50,67.0,,,off
19021.974,,deepseek-r1:7b,run3_p10,117.33,66.0,,,off
19022.498,,deepseek-r1:7b,run3_p10,127.75,66.0,,,off
19023.022,,deepseek-r1:7b,run3_p10,134.88,66.0,,,off
19023.547,,deepseek-r1:7b,run3_p10,136.33,67.0,,,off
19024.072,,deepseek-r1:7b,run3_p10,136.33,66.0,,,off
19024.596,,deepseek-r1:7b,run3_p10,135.16,66.0,,,off
19025.123,,deepseek-r1:7b,run3_p10,136.11,67.0,,,off
19025.650,,deepseek-r1:7b,run3_p10,135.82,66.0,,,off
19026.175,,deepseek-r1:7b,run3_p10,135.88,67.0,,,off
19026.699,,deepseek-r1:7b,run3_p10,136.47,67.0,,,off
19027.222,,deepseek-r1:7b,run3_p10,136.74,67.0,,,off
19027.746,,deepseek-r1:7b,run3_p10,136.74,67.0,,,off
19028.270,,deepseek-r1:7b,run3_p10,136.96,68.0,,,off
19028.804,,deepseek-r1:7b,run3_p10,137.07,67.0,,,off
19029.327,,deepseek-r1:7b,run3_p10,136.69,67.0,,,off
19029.851,,deepseek-r1:7b,run3_p10,136.87,67.0,,,off
19030.377,,deepseek-r1:7b,run3_p10,137.24,67.0,,,off
19030.906,,deepseek-r1:7b,run3_p10,137.44,67.0,,,off
19031.445,,deepseek-r1:7b,run3_p11,115.92,67.0,,,off
19031.972,,deepseek-r1:7b,run3_p11,100.87,56.0,,,off
19032.498,,deepseek-r1:7b,run3_p11,125.56,67.0,,,off
19033.025,,deepseek-r1:7b,run3_p11,136.66,67.0,,,off
19033.552,,deepseek-r1:7b,run3_p11,134.58,67.0,,,off
19034.081,,deepseek-r1:7b,run3_p11,132.65,67.0,,,off
19034.604,,deepseek-r1:7b,run3_p11,134.19,67.0,,,off
19035.130,,deepseek-r1:7b,run3_p11,135.98,67.0,,,off
19035.654,,deepseek-r1:7b,run3_p11,137.05,67.0,,,off
19036.183,,deepseek-r1:7b,run3_p11,136.98,67.0,,,off
19036.707,,deepseek-r1:7b,run3_p11,137.04,67.0,,,off
19037.233,,deepseek-r1:7b,run3_p11,137.47,67.0,,,off
19037.757,,deepseek-r1:7b,run3_p11,137.44,67.0,,,off
19038.284,,deepseek-r1:7b,run3_p11,137.54,67.0,,,off
19038.807,,deepseek-r1:7b,run3_p11,137.51,67.0,,,off
19039.332,,deepseek-r1:7b,run3_p11,137.51,67.0,,,off
19039.856,,deepseek-r1:7b,run3_p11,137.67,67.0,,,off
19040.380,,deepseek-r1:7b,run3_p11,137.77,67.0,,,off
19040.903,,deepseek-r1:7b,run3_p11,137.68,67.0,,,off
19041.427,,deepseek-r1:7b,run3_p11,137.80,67.0,,,off
19041.951,,deepseek-r1:7b,run3_p11,137.68,67.0,,,off
19042.476,,deepseek-r1:7b,run3_p11,137.74,68.0,,,off
19042.999,,deepseek-r1:7b,run3_p11,137.96,67.0,,,off
19043.524,,deepseek-r1:7b,run3_p11,136.71,67.0,,,off
19044.049,,deepseek-r1:7b,run3_p11,134.21,66.0,,,off
19044.577,,deepseek-r1:7b,run3_p11,134.03,67.0,,,off
19045.103,,deepseek-r1:7b,run3_p11,135.61,67.0,,,off
19045.626,,deepseek-r1:7b,run3_p11,136.70,67.0,,,off
19046.150,,deepseek-r1:7b,run3_p11,137.45,67.0,,,off
19046.679,,deepseek-r1:7b,run3_p12,102.12,55.0,,,off
19047.243,,deepseek-r1:7b,run3_p12,89.25,66.0,,,off
19047.769,,deepseek-r1:7b,run3_p12,133.63,67.0,,,off
19048.294,,deepseek-r1:7b,run3_p12,137.74,67.0,,,off
19048.820,,deepseek-r1:7b,run3_p12,137.65,67.0,,,off
19049.344,,deepseek-r1:7b,run3_p12,137.94,67.0,,,off
19049.869,,deepseek-r1:7b,run3_p12,137.98,67.0,,,off
19050.394,,deepseek-r1:7b,run3_p12,137.26,67.0,,,off
19050.919,,deepseek-r1:7b,run3_p12,135.24,67.0,,,off
19051.446,,deepseek-r1:7b,run3_p13,135.13,67.0,,,off
19051.968,,deepseek-r1:7b,run3_p13,130.18,67.0,,,off
19052.492,,deepseek-r1:7b,run3_p13,130.84,68.0,,,off
19053.019,,deepseek-r1:7b,run3_p13,137.67,67.0,,,off
19053.549,,deepseek-r1:7b,run3_p13,136.37,67.0,,,off
19054.076,,deepseek-r1:7b,run3_p13,136.33,67.0,,,off
19054.598,,deepseek-r1:7b,run3_p13,136.88,67.0,,,off
19055.123,,deepseek-r1:7b,run3_p13,136.85,67.0,,,off
19055.649,,deepseek-r1:7b,run3_p13,136.81,67.0,,,off
19056.178,,deepseek-r1:7b,run3_p13,136.95,68.0,,,off
19056.703,,deepseek-r1:7b,run3_p13,137.12,68.0,,,off
19057.229,,deepseek-r1:7b,run3_p13,136.97,67.0,,,off
19057.752,,deepseek-r1:7b,run3_p13,137.13,67.0,,,off
19058.278,,deepseek-r1:7b,run3_p13,136.67,67.0,,,off
19058.802,,deepseek-r1:7b,run3_p13,134.89,67.0,,,off
19059.327,,deepseek-r1:7b,run3_p13,134.85,68.0,,,off
19059.851,,deepseek-r1:7b,run3_p13,136.54,68.0,,,off
19060.423,,deepseek-r1:7b,run3_p14,123.61,68.0,,,off
19060.947,,deepseek-r1:7b,run3_p14,116.96,65.0,,,off
19061.474,,deepseek-r1:7b,run3_p14,131.18,67.0,,,off
19062.004,,deepseek-r1:7b,run3_p14,138.53,67.0,,,off
19062.529,,deepseek-r1:7b,run3_p14,137.93,67.0,,,off
19063.054,,deepseek-r1:7b,run3_p14,137.25,67.0,,,off
19063.584,,deepseek-r1:7b,run3_p14,137.14,67.0,,,off
19064.109,,deepseek-r1:7b,run3_p14,137.21,67.0,,,off
19064.633,,deepseek-r1:7b,run3_p14,137.23,68.0,,,off
19065.156,,deepseek-r1:7b,run3_p14,137.62,68.0,,,off
19065.680,,deepseek-r1:7b,run3_p14,137.82,67.0,,,off
19066.204,,deepseek-r1:7b,run3_p14,137.88,68.0,,,off
19066.789,,deepseek-r1:7b,run3_p14,138.12,68.0,,,off
19067.312,,deepseek-r1:7b,run3_p14,138.12,68.0,,,off
19067.835,,deepseek-r1:7b,run3_p14,137.53,67.0,,,off
19068.358,,deepseek-r1:7b,run3_p14,137.42,67.0,,,off
19068.881,,deepseek-r1:7b,run3_p14,137.85,68.0,,,off
19069.406,,deepseek-r1:7b,run3_p14,137.95,68.0,,,off
19069.930,,deepseek-r1:7b,run3_p14,137.96,67.0,,,off
19070.454,,deepseek-r1:7b,run3_p14,138.28,68.0,,,off
19070.978,,deepseek-r1:7b,run3_p14,138.51,68.0,,,off
19071.503,,deepseek-r1:7b,run3_p14,138.55,68.0,,,off
19072.030,,deepseek-r1:7b,run3_p14,138.31,68.0,,,off
19097.378,,granite3.1-dense:2b,idle,18.77,45.0,,,n/a
19097.902,,granite3.1-dense:2b,idle,16.75,45.0,,,n/a
19098.427,,granite3.1-dense:2b,idle,16.26,45.0,,,n/a
19098.951,,granite3.1-dense:2b,idle,15.65,45.0,,,n/a
19099.478,,granite3.1-dense:2b,idle,15.20,45.0,,,n/a
19100.005,,granite3.1-dense:2b,idle,14.90,45.0,,,n/a
19100.534,,granite3.1-dense:2b,idle,14.60,45.0,,,n/a
19101.063,,granite3.1-dense:2b,idle,14.12,44.0,,,n/a
19101.594,,granite3.1-dense:2b,idle,13.81,44.0,,,n/a
19102.121,,granite3.1-dense:2b,idle,13.64,44.0,,,n/a
19102.657,,granite3.1-dense:2b,idle,13.49,44.0,,,n/a
19103.181,,granite3.1-dense:2b,idle,13.72,44.0,,,n/a
19103.710,,granite3.1-dense:2b,idle,13.72,44.0,,,n/a
19104.236,,granite3.1-dense:2b,idle,13.60,44.0,,,n/a
19104.763,,granite3.1-dense:2b,idle,14.31,44.0,,,n/a
19105.298,,granite3.1-dense:2b,idle,16.03,44.0,,,n/a
19105.826,,granite3.1-dense:2b,idle,17.27,44.0,,,n/a
19106.349,,granite3.1-dense:2b,idle,17.18,44.0,,,n/a
19106.889,,granite3.1-dense:2b,idle,16.61,44.0,,,n/a
19107.417,,granite3.1-dense:2b,run1_p0,15.75,44.0,,,n/a
19107.982,,granite3.1-dense:2b,run1_p0,32.90,44.0,,,n/a
19108.509,,granite3.1-dense:2b,run1_p1,65.47,55.0,,,n/a
19109.060,,granite3.1-dense:2b,run1_p1,101.04,54.0,,,n/a
19109.586,,granite3.1-dense:2b,run1_p2,95.89,49.0,,,n/a
19110.117,,granite3.1-dense:2b,run1_p2,95.82,58.0,,,n/a
19110.639,,granite3.1-dense:2b,run1_p2,115.36,59.0,,,n/a
19111.175,,granite3.1-dense:2b,run1_p3,105.37,52.0,,,n/a
19111.724,,granite3.1-dense:2b,run1_p4,97.92,59.0,,,n/a
19112.249,,granite3.1-dense:2b,run1_p4,109.59,59.0,,,n/a
19112.776,,granite3.1-dense:2b,run1_p5,95.25,54.0,,,n/a
19113.300,,granite3.1-dense:2b,run1_p5,94.68,58.0,,,n/a
19113.828,,granite3.1-dense:2b,run1_p6,82.15,52.0,,,n/a
19114.353,,granite3.1-dense:2b,run1_p6,83.42,56.0,,,n/a
19114.877,,granite3.1-dense:2b,run1_p6,118.38,60.0,,,n/a
19115.401,,granite3.1-dense:2b,run1_p6,124.04,61.0,,,n/a
19115.926,,granite3.1-dense:2b,run1_p6,123.55,61.0,,,n/a
19116.450,,granite3.1-dense:2b,run1_p6,121.38,61.0,,,n/a
19116.973,,granite3.1-dense:2b,run1_p6,121.92,61.0,,,n/a
19117.497,,granite3.1-dense:2b,run1_p6,123.83,62.0,,,n/a
19118.033,,granite3.1-dense:2b,run1_p7,114.25,62.0,,,n/a
19118.557,,granite3.1-dense:2b,run1_p7,107.60,61.0,,,n/a
19119.082,,granite3.1-dense:2b,run1_p7,117.45,62.0,,,n/a
19119.605,,granite3.1-dense:2b,run1_p7,124.57,62.0,,,n/a
19120.127,,granite3.1-dense:2b,run1_p7,124.94,62.0,,,n/a
19120.653,,granite3.1-dense:2b,run1_p7,125.30,63.0,,,n/a
19121.181,,granite3.1-dense:2b,run1_p7,124.47,62.0,,,n/a
19121.709,,granite3.1-dense:2b,run1_p7,123.14,62.0,,,n/a
19122.233,,granite3.1-dense:2b,run1_p7,124.18,63.0,,,n/a
19122.774,,granite3.1-dense:2b,run1_p8,100.19,53.0,,,n/a
19123.299,,granite3.1-dense:2b,run1_p8,93.80,62.0,,,n/a
19123.823,,granite3.1-dense:2b,run1_p8,118.82,63.0,,,n/a
19124.347,,granite3.1-dense:2b,run1_p8,125.02,63.0,,,n/a
19124.873,,granite3.1-dense:2b,run1_p8,125.30,63.0,,,n/a
19125.439,,granite3.1-dense:2b,run1_p9,120.48,63.0,,,n/a
19125.962,,granite3.1-dense:2b,run1_p9,119.83,62.0,,,n/a
19126.486,,granite3.1-dense:2b,run1_p9,119.88,63.0,,,n/a
19127.012,,granite3.1-dense:2b,run1_p9,125.85,63.0,,,n/a
19127.537,,granite3.1-dense:2b,run1_p9,126.26,64.0,,,n/a
19128.080,,granite3.1-dense:2b,run1_p10,87.70,53.0,,,n/a
19128.605,,granite3.1-dense:2b,run1_p10,83.72,63.0,,,n/a
19129.131,,granite3.1-dense:2b,run1_p10,122.03,64.0,,,n/a
19129.656,,granite3.1-dense:2b,run1_p10,125.38,64.0,,,n/a
19130.181,,granite3.1-dense:2b,run1_p10,125.86,64.0,,,n/a
19130.705,,granite3.1-dense:2b,run1_p10,126.22,64.0,,,n/a
19131.234,,granite3.1-dense:2b,run1_p11,94.20,55.0,,,n/a
19131.759,,granite3.1-dense:2b,run1_p11,85.62,61.0,,,n/a
19132.283,,granite3.1-dense:2b,run1_p11,117.48,64.0,,,n/a
19132.807,,granite3.1-dense:2b,run1_p11,126.06,64.0,,,n/a
19133.336,,granite3.1-dense:2b,run1_p11,126.24,64.0,,,n/a
19133.860,,granite3.1-dense:2b,run1_p11,126.55,64.0,,,n/a
19134.385,,granite3.1-dense:2b,run1_p11,126.66,64.0,,,n/a
19134.908,,granite3.1-dense:2b,run1_p11,126.49,64.0,,,n/a
19135.431,,granite3.1-dense:2b,run1_p11,126.94,64.0,,,n/a
19135.956,,granite3.1-dense:2b,run1_p11,127.04,64.0,,,n/a
19136.482,,granite3.1-dense:2b,run1_p11,126.96,65.0,,,n/a
19137.007,,granite3.1-dense:2b,run1_p11,127.36,64.0,,,n/a
19137.535,,granite3.1-dense:2b,run1_p11,127.71,64.0,,,n/a
19138.059,,granite3.1-dense:2b,run1_p11,128.00,64.0,,,n/a
19138.584,,granite3.1-dense:2b,run1_p11,127.98,65.0,,,n/a
19139.110,,granite3.1-dense:2b,run1_p11,128.06,65.0,,,n/a
19139.685,,granite3.1-dense:2b,run1_p12,113.02,65.0,,,n/a
19140.212,,granite3.1-dense:2b,run1_p12,106.02,64.0,,,n/a
19140.739,,granite3.1-dense:2b,run1_p12,119.00,64.0,,,n/a
19141.266,,granite3.1-dense:2b,run1_p12,125.04,64.0,,,n/a
19141.792,,granite3.1-dense:2b,run1_p12,127.00,65.0,,,n/a
19142.316,,granite3.1-dense:2b,run1_p12,127.26,65.0,,,n/a
19142.843,,granite3.1-dense:2b,run1_p12,127.00,65.0,,,n/a
19143.382,,granite3.1-dense:2b,run1_p13,104.21,65.0,,,n/a
19143.906,,granite3.1-dense:2b,run1_p13,102.27,62.0,,,n/a
19144.429,,granite3.1-dense:2b,run1_p13,116.94,64.0,,,n/a
19144.962,,granite3.1-dense:2b,run1_p13,126.39,65.0,,,n/a
19145.488,,granite3.1-dense:2b,run1_p13,126.44,65.0,,,n/a
19146.012,,granite3.1-dense:2b,run1_p13,126.80,65.0,,,n/a
19146.536,,granite3.1-dense:2b,run1_p13,126.99,65.0,,,n/a
19147.061,,granite3.1-dense:2b,run1_p13,127.23,65.0,,,n/a
19147.585,,granite3.1-dense:2b,run1_p13,127.54,65.0,,,n/a
19148.112,,granite3.1-dense:2b,run1_p13,127.88,65.0,,,n/a
19148.637,,granite3.1-dense:2b,run1_p13,127.91,65.0,,,n/a
19149.163,,granite3.1-dense:2b,run1_p13,127.73,65.0,,,n/a
19149.687,,granite3.1-dense:2b,run1_p13,127.94,65.0,,,n/a
19150.212,,granite3.1-dense:2b,run1_p13,128.07,65.0,,,n/a
19150.736,,granite3.1-dense:2b,run1_p13,128.03,65.0,,,n/a
19151.261,,granite3.1-dense:2b,run1_p13,128.44,65.0,,,n/a
19151.785,,granite3.1-dense:2b,run1_p13,129.06,65.0,,,n/a
19152.310,,granite3.1-dense:2b,run1_p13,129.28,66.0,,,n/a
19152.835,,granite3.1-dense:2b,run1_p13,129.31,65.0,,,n/a
19153.359,,granite3.1-dense:2b,run1_p13,129.14,65.0,,,n/a
19153.889,,granite3.1-dense:2b,run1_p13,128.70,66.0,,,n/a
19154.415,,granite3.1-dense:2b,run1_p13,128.54,65.0,,,n/a
19154.978,,granite3.1-dense:2b,run1_p14,125.48,66.0,,,n/a
19155.503,,granite3.1-dense:2b,run1_p14,121.13,65.0,,,n/a
19156.026,,granite3.1-dense:2b,run1_p14,123.63,65.0,,,n/a
19156.549,,granite3.1-dense:2b,run1_p14,127.04,65.0,,,n/a
19157.074,,granite3.1-dense:2b,run1_p14,127.31,65.0,,,n/a
19157.605,,granite3.1-dense:2b,run1_p14,127.41,66.0,,,n/a
19158.128,,granite3.1-dense:2b,run1_p14,127.55,65.0,,,n/a
19158.651,,granite3.1-dense:2b,run1_p14,127.94,66.0,,,n/a
19159.176,,granite3.1-dense:2b,run1_p14,127.94,66.0,,,n/a
19159.700,,granite3.1-dense:2b,run1_p14,128.18,66.0,,,n/a
19160.228,,granite3.1-dense:2b,run1_p14,128.24,66.0,,,n/a
19160.750,,granite3.1-dense:2b,run1_p14,127.89,66.0,,,n/a
19161.273,,granite3.1-dense:2b,run1_p14,128.22,65.0,,,n/a
19161.798,,granite3.1-dense:2b,run1_p14,128.57,66.0,,,n/a
19162.325,,granite3.1-dense:2b,run1_p14,128.59,66.0,,,n/a
19162.872,,granite3.1-dense:2b,run2_p0,107.04,66.0,,,n/a
19163.414,,granite3.1-dense:2b,run2_p1,84.83,61.0,,,n/a
19163.942,,granite3.1-dense:2b,run2_p1,107.73,65.0,,,n/a
19164.476,,granite3.1-dense:2b,run2_p2,89.80,54.0,,,n/a
19164.999,,granite3.1-dense:2b,run2_p2,89.36,64.0,,,n/a
19165.534,,granite3.1-dense:2b,run2_p3,103.94,58.0,,,n/a
19166.088,,granite3.1-dense:2b,run2_p4,82.99,58.0,,,n/a
19166.613,,granite3.1-dense:2b,run2_p4,99.19,63.0,,,n/a
19167.156,,granite3.1-dense:2b,run2_p5,91.81,57.0,,,n/a
19167.681,,granite3.1-dense:2b,run2_p5,90.51,62.0,,,n/a
19168.225,,granite3.1-dense:2b,run2_p6,102.61,64.0,,,n/a
19168.749,,granite3.1-dense:2b,run2_p6,102.55,58.0,,,n/a
19169.275,,granite3.1-dense:2b,run2_p6,124.44,65.0,,,n/a
19169.801,,granite3.1-dense:2b,run2_p6,126.40,64.0,,,n/a
19170.327,,granite3.1-dense:2b,run2_p6,126.32,65.0,,,n/a
19170.851,,granite3.1-dense:2b,run2_p6,126.85,65.0,,,n/a
19171.376,,granite3.1-dense:2b,run2_p6,127.17,65.0,,,n/a
19171.905,,granite3.1-dense:2b,run2_p6,126.13,64.0,,,n/a
19172.433,,granite3.1-dense:2b,run2_p7,95.62,56.0,,,n/a
19172.957,,granite3.1-dense:2b,run2_p7,88.36,62.0,,,n/a
19173.483,,granite3.1-dense:2b,run2_p7,118.12,64.0,,,n/a
19174.006,,granite3.1-dense:2b,run2_p7,125.05,64.0,,,n/a
19174.531,,granite3.1-dense:2b,run2_p7,125.18,65.0,,,n/a
19175.056,,granite3.1-dense:2b,run2_p7,125.75,65.0,,,n/a
19175.586,,granite3.1-dense:2b,run2_p7,126.68,65.0,,,n/a
19176.113,,granite3.1-dense:2b,run2_p7,127.00,65.0,,,n/a
19176.636,,granite3.1-dense:2b,run2_p7,127.33,65.0,,,n/a
19177.160,,granite3.1-dense:2b,run2_p7,127.88,65.0,,,n/a
19177.690,,granite3.1-dense:2b,run2_p8,102.84,58.0,,,n/a
19178.214,,granite3.1-dense:2b,run2_p8,100.71,63.0,,,n/a
19178.739,,granite3.1-dense:2b,run2_p8,117.27,65.0,,,n/a
19179.265,,granite3.1-dense:2b,run2_p8,126.06,65.0,,,n/a
19179.789,,granite3.1-dense:2b,run2_p8,126.09,65.0,,,n/a
19180.313,,granite3.1-dense:2b,run2_p8,126.74,65.0,,,n/a
19180.883,,granite3.1-dense:2b,run2_p9,121.49,59.0,,,n/a
19181.406,,granite3.1-dense:2b,run2_p9,120.81,65.0,,,n/a
19181.931,,granite3.1-dense:2b,run2_p9,120.47,65.0,,,n/a
19182.463,,granite3.1-dense:2b,run2_p10,109.39,58.0,,,n/a
19182.988,,granite3.1-dense:2b,run2_p10,106.36,64.0,,,n/a
19183.513,,granite3.1-dense:2b,run2_p10,122.23,65.0,,,n/a
19184.040,,granite3.1-dense:2b,run2_p10,124.67,64.0,,,n/a
19184.564,,granite3.1-dense:2b,run2_p10,125.09,65.0,,,n/a
19185.088,,granite3.1-dense:2b,run2_p10,126.91,65.0,,,n/a
19185.619,,granite3.1-dense:2b,run2_p11,108.77,65.0,,,n/a
19186.149,,granite3.1-dense:2b,run2_p11,100.57,60.0,,,n/a
19186.674,,granite3.1-dense:2b,run2_p11,118.03,65.0,,,n/a
19187.198,,granite3.1-dense:2b,run2_p11,125.81,64.0,,,n/a
19187.721,,granite3.1-dense:2b,run2_p11,127.00,65.0,,,n/a
19188.245,,granite3.1-dense:2b,run2_p11,127.49,65.0,,,n/a
19188.772,,granite3.1-dense:2b,run2_p11,127.81,65.0,,,n/a
19189.301,,granite3.1-dense:2b,run2_p11,127.48,65.0,,,n/a
19189.825,,granite3.1-dense:2b,run2_p11,127.59,65.0,,,n/a
19190.349,,granite3.1-dense:2b,run2_p11,128.20,65.0,,,n/a
19190.874,,granite3.1-dense:2b,run2_p11,128.32,65.0,,,n/a
19191.399,,granite3.1-dense:2b,run2_p11,128.10,65.0,,,n/a
19191.924,,granite3.1-dense:2b,run2_p11,128.17,65.0,,,n/a
19192.449,,granite3.1-dense:2b,run2_p11,128.36,65.0,,,n/a
19192.976,,granite3.1-dense:2b,run2_p12,102.06,65.0,,,n/a
19193.503,,granite3.1-dense:2b,run2_p12,95.78,54.0,,,n/a
19194.028,,granite3.1-dense:2b,run2_p12,120.95,65.0,,,n/a
19194.551,,granite3.1-dense:2b,run2_p12,126.39,65.0,,,n/a
19195.077,,granite3.1-dense:2b,run2_p12,127.07,65.0,,,n/a
19195.603,,granite3.1-dense:2b,run2_p12,127.40,65.0,,,n/a
19196.148,,granite3.1-dense:2b,run2_p13,115.11,64.0,,,n/a
19196.672,,granite3.1-dense:2b,run2_p13,112.42,64.0,,,n/a
19197.199,,granite3.1-dense:2b,run2_p13,123.74,65.0,,,n/a
19197.724,,granite3.1-dense:2b,run2_p13,126.21,65.0,,,n/a
19198.247,,granite3.1-dense:2b,run2_p13,127.19,65.0,,,n/a
19198.772,,granite3.1-dense:2b,run2_p13,127.65,65.0,,,n/a
19199.297,,granite3.1-dense:2b,run2_p13,127.62,65.0,,,n/a
19199.822,,granite3.1-dense:2b,run2_p13,127.56,65.0,,,n/a
19200.346,,granite3.1-dense:2b,run2_p13,127.91,66.0,,,n/a
19200.871,,granite3.1-dense:2b,run2_p13,128.20,66.0,,,n/a
19201.397,,granite3.1-dense:2b,run2_p14,124.39,65.0,,,n/a
19201.923,,granite3.1-dense:2b,run2_p14,115.55,65.0,,,n/a
19202.448,,granite3.1-dense:2b,run2_p14,118.58,65.0,,,n/a
19202.971,,granite3.1-dense:2b,run2_p14,126.65,65.0,,,n/a
19203.496,,granite3.1-dense:2b,run2_p14,127.06,65.0,,,n/a
19204.021,,granite3.1-dense:2b,run2_p14,127.52,65.0,,,n/a
19204.545,,granite3.1-dense:2b,run2_p14,127.75,65.0,,,n/a
19205.071,,granite3.1-dense:2b,run2_p14,127.87,65.0,,,n/a
19205.597,,granite3.1-dense:2b,run2_p14,127.98,66.0,,,n/a
19206.121,,granite3.1-dense:2b,run2_p14,128.09,66.0,,,n/a
19206.647,,granite3.1-dense:2b,run2_p14,128.10,66.0,,,n/a
19207.234,,granite3.1-dense:2b,run3_p0,111.96,66.0,,,n/a
19207.759,,granite3.1-dense:2b,run3_p1,112.36,65.0,,,n/a
19208.283,,granite3.1-dense:2b,run3_p1,121.20,65.0,,,n/a
19208.813,,granite3.1-dense:2b,run3_p2,95.41,65.0,,,n/a
19209.338,,granite3.1-dense:2b,run3_p2,94.57,61.0,,,n/a
19209.862,,granite3.1-dense:2b,run3_p2,120.57,65.0,,,n/a
19210.386,,granite3.1-dense:2b,run3_p2,127.04,65.0,,,n/a
19210.915,,granite3.1-dense:2b,run3_p3,87.04,54.0,,,n/a
19211.499,,granite3.1-dense:2b,run3_p4,79.79,64.0,,,n/a
19212.052,,granite3.1-dense:2b,run3_p5,110.19,64.0,,,n/a
19212.609,,granite3.1-dense:2b,run3_p5,120.52,64.0,,,n/a
19213.135,,granite3.1-dense:2b,run3_p6,107.61,65.0,,,n/a
19213.658,,granite3.1-dense:2b,run3_p6,105.00,62.0,,,n/a
19214.182,,granite3.1-dense:2b,run3_p6,116.38,65.0,,,n/a
19214.705,,granite3.1-dense:2b,run3_p6,127.19,65.0,,,n/a
19215.230,,granite3.1-dense:2b,run3_p6,127.38,65.0,,,n/a
19215.756,,granite3.1-dense:2b,run3_p6,127.39,65.0,,,n/a
19216.279,,granite3.1-dense:2b,run3_p6,127.43,65.0,,,n/a
19216.803,,granite3.1-dense:2b,run3_p6,127.90,65.0,,,n/a
19217.359,,granite3.1-dense:2b,run3_p7,123.29,65.0,,,n/a
19217.886,,granite3.1-dense:2b,run3_p7,118.83,65.0,,,n/a
19218.412,,granite3.1-dense:2b,run3_p7,123.02,65.0,,,n/a
19218.937,,granite3.1-dense:2b,run3_p7,126.50,65.0,,,n/a
19219.519,,granite3.1-dense:2b,run3_p7,126.86,65.0,,,n/a
19220.043,,granite3.1-dense:2b,run3_p7,127.60,65.0,,,n/a
19220.571,,granite3.1-dense:2b,run3_p7,127.35,65.0,,,n/a
19221.094,,granite3.1-dense:2b,run3_p7,126.96,65.0,,,n/a
19221.646,,granite3.1-dense:2b,run3_p8,126.06,65.0,,,n/a
19222.171,,granite3.1-dense:2b,run3_p8,120.97,65.0,,,n/a
19222.694,,granite3.1-dense:2b,run3_p8,121.93,65.0,,,n/a
19223.218,,granite3.1-dense:2b,run3_p8,127.22,65.0,,,n/a
19223.741,,granite3.1-dense:2b,run3_p8,127.47,65.0,,,n/a
19224.264,,granite3.1-dense:2b,run3_p8,127.92,65.0,,,n/a
19224.788,,granite3.1-dense:2b,run3_p8,128.33,66.0,,,n/a
19225.312,,granite3.1-dense:2b,run3_p8,128.41,66.0,,,n/a
19225.859,,granite3.1-dense:2b,run3_p9,118.39,66.0,,,n/a
19226.382,,granite3.1-dense:2b,run3_p9,116.81,61.0,,,n/a
19226.914,,granite3.1-dense:2b,run3_p9,124.45,65.0,,,n/a
19227.447,,granite3.1-dense:2b,run3_p9,122.72,65.0,,,n/a
19227.971,,granite3.1-dense:2b,run3_p9,123.89,65.0,,,n/a
19228.516,,granite3.1-dense:2b,run3_p10,113.49,60.0,,,n/a
19229.041,,granite3.1-dense:2b,run3_p10,109.14,65.0,,,n/a
19229.572,,granite3.1-dense:2b,run3_p10,121.95,65.0,,,n/a
19230.095,,granite3.1-dense:2b,run3_p10,126.01,65.0,,,n/a
19230.620,,granite3.1-dense:2b,run3_p10,127.20,65.0,,,n/a
19231.144,,granite3.1-dense:2b,run3_p10,127.65,65.0,,,n/a
19231.678,,granite3.1-dense:2b,run3_p11,85.16,58.0,,,n/a
19232.203,,granite3.1-dense:2b,run3_p11,82.76,58.0,,,n/a
19232.726,,granite3.1-dense:2b,run3_p11,116.56,65.0,,,n/a
19233.249,,granite3.1-dense:2b,run3_p11,126.04,65.0,,,n/a
19233.774,,granite3.1-dense:2b,run3_p11,127.08,65.0,,,n/a
19234.296,,granite3.1-dense:2b,run3_p11,128.01,65.0,,,n/a
19234.819,,granite3.1-dense:2b,run3_p11,128.30,66.0,,,n/a
19235.341,,granite3.1-dense:2b,run3_p11,127.03,65.0,,,n/a
19235.866,,granite3.1-dense:2b,run3_p11,126.89,65.0,,,n/a
19236.390,,granite3.1-dense:2b,run3_p11,128.60,65.0,,,n/a
19236.914,,granite3.1-dense:2b,run3_p11,128.90,65.0,,,n/a
19237.438,,granite3.1-dense:2b,run3_p11,127.53,65.0,,,n/a
19237.965,,granite3.1-dense:2b,run3_p11,127.36,65.0,,,n/a
19238.493,,granite3.1-dense:2b,run3_p12,125.29,65.0,,,n/a
19239.016,,granite3.1-dense:2b,run3_p12,120.27,58.0,,,n/a
19239.545,,granite3.1-dense:2b,run3_p12,122.66,65.0,,,n/a
19240.071,,granite3.1-dense:2b,run3_p12,126.54,65.0,,,n/a
19240.598,,granite3.1-dense:2b,run3_p12,126.79,66.0,,,n/a
19241.124,,granite3.1-dense:2b,run3_p12,127.53,65.0,,,n/a
19241.649,,granite3.1-dense:2b,run3_p12,127.25,65.0,,,n/a
19242.174,,granite3.1-dense:2b,run3_p12,127.40,66.0,,,n/a
19242.707,,granite3.1-dense:2b,run3_p13,114.77,65.0,,,n/a
19243.232,,granite3.1-dense:2b,run3_p13,106.56,63.0,,,n/a
19243.759,,granite3.1-dense:2b,run3_p13,118.93,65.0,,,n/a
19244.286,,granite3.1-dense:2b,run3_p13,126.26,65.0,,,n/a
19244.811,,granite3.1-dense:2b,run3_p13,126.28,65.0,,,n/a
19245.337,,granite3.1-dense:2b,run3_p13,126.67,65.0,,,n/a
19245.861,,granite3.1-dense:2b,run3_p13,127.20,65.0,,,n/a
19246.384,,granite3.1-dense:2b,run3_p13,127.61,66.0,,,n/a
19246.911,,granite3.1-dense:2b,run3_p13,128.04,65.0,,,n/a
19247.454,,granite3.1-dense:2b,run3_p14,92.66,55.0,,,n/a
19247.978,,granite3.1-dense:2b,run3_p14,85.20,64.0,,,n/a
19248.502,,granite3.1-dense:2b,run3_p14,119.86,65.0,,,n/a
19249.025,,granite3.1-dense:2b,run3_p14,126.00,65.0,,,n/a
19249.551,,granite3.1-dense:2b,run3_p14,126.04,65.0,,,n/a
19250.076,,granite3.1-dense:2b,run3_p14,126.46,65.0,,,n/a
19250.623,,granite3.1-dense:2b,run3_p14,124.56,65.0,,,n/a
19251.151,,granite3.1-dense:2b,run3_p14,123.18,65.0,,,n/a
19251.685,,granite3.1-dense:2b,run3_p14,124.68,65.0,,,n/a
19252.216,,granite3.1-dense:2b,run3_p14,123.91,65.0,,,n/a
19252.747,,granite3.1-dense:2b,run3_p14,122.28,65.0,,,n/a
19253.276,,granite3.1-dense:2b,run3_p14,123.75,64.0,,,n/a
19253.806,,granite3.1-dense:2b,run3_p14,125.07,65.0,,,n/a
19254.330,,granite3.1-dense:2b,run3_p14,126.21,65.0,,,n/a
19278.827,,tinyllama:1.1b,idle,29.81,47.0,,,n/a
19279.353,,tinyllama:1.1b,idle,25.52,46.0,,,n/a
19279.880,,tinyllama:1.1b,idle,24.52,46.0,,,n/a
19280.405,,tinyllama:1.1b,idle,20.62,45.0,,,n/a
19281.001,,tinyllama:1.1b,idle,16.83,45.0,,,n/a
19281.527,,tinyllama:1.1b,idle,16.20,45.0,,,n/a
19282.054,,tinyllama:1.1b,idle,15.68,45.0,,,n/a
19282.578,,tinyllama:1.1b,idle,15.36,45.0,,,n/a
19283.102,,tinyllama:1.1b,idle,14.81,45.0,,,n/a
19283.630,,tinyllama:1.1b,idle,14.61,45.0,,,n/a
19284.155,,tinyllama:1.1b,idle,14.64,45.0,,,n/a
19284.682,,tinyllama:1.1b,idle,14.54,45.0,,,n/a
19285.217,,tinyllama:1.1b,idle,14.17,45.0,,,n/a
19285.741,,tinyllama:1.1b,idle,13.73,44.0,,,n/a
19286.266,,tinyllama:1.1b,idle,13.85,44.0,,,n/a
19286.790,,tinyllama:1.1b,idle,13.67,44.0,,,n/a
19287.315,,tinyllama:1.1b,idle,13.57,44.0,,,n/a
19287.849,,tinyllama:1.1b,idle,13.69,44.0,,,n/a
19288.374,,tinyllama:1.1b,idle,13.69,44.0,,,n/a
19288.910,,tinyllama:1.1b,run1_p0,13.61,44.0,,,n/a
19289.436,,tinyllama:1.1b,run1_p1,22.57,44.0,,,n/a
19289.965,,tinyllama:1.1b,run1_p2,49.34,46.0,,,n/a
19290.490,,tinyllama:1.1b,run1_p2,81.35,55.0,,,n/a
19291.022,,tinyllama:1.1b,run1_p3,75.79,48.0,,,n/a
19291.558,,tinyllama:1.1b,run1_p4,63.56,50.0,,,n/a
19292.092,,tinyllama:1.1b,run1_p5,63.65,49.0,,,n/a
19292.619,,tinyllama:1.1b,run1_p5,76.90,55.0,,,n/a
19293.212,,tinyllama:1.1b,run1_p6,83.69,53.0,,,n/a
19293.737,,tinyllama:1.1b,run1_p6,84.44,55.0,,,n/a
19294.262,,tinyllama:1.1b,run1_p6,108.04,57.0,,,n/a
19294.789,,tinyllama:1.1b,run1_p7,99.06,57.0,,,n/a
19295.314,,tinyllama:1.1b,run1_p7,93.06,50.0,,,n/a
19295.845,,tinyllama:1.1b,run1_p8,88.12,51.0,,,n/a
19296.367,,tinyllama:1.1b,run1_p8,88.37,57.0,,,n/a
19296.905,,tinyllama:1.1b,run1_p9,78.60,50.0,,,n/a
19297.444,,tinyllama:1.1b,run1_p10,64.53,56.0,,,n/a
19297.972,,tinyllama:1.1b,run1_p10,86.47,57.0,,,n/a
19298.498,,tinyllama:1.1b,run1_p10,107.44,58.0,,,n/a
19299.029,,tinyllama:1.1b,run1_p11,84.07,53.0,,,n/a
19299.553,,tinyllama:1.1b,run1_p11,78.40,55.0,,,n/a
19300.078,,tinyllama:1.1b,run1_p11,104.31,58.0,,,n/a
19300.684,,tinyllama:1.1b,run1_p11,109.91,59.0,,,n/a
19301.220,,tinyllama:1.1b,run1_p12,96.48,52.0,,,n/a
19301.744,,tinyllama:1.1b,run1_p12,93.71,59.0,,,n/a
19302.268,,tinyllama:1.1b,run1_p12,107.48,59.0,,,n/a
19302.793,,tinyllama:1.1b,run1_p12,110.50,59.0,,,n/a
19303.362,,tinyllama:1.1b,run1_p13,107.02,60.0,,,n/a
19303.890,,tinyllama:1.1b,run1_p13,105.47,59.0,,,n/a
19304.415,,tinyllama:1.1b,run1_p13,109.01,59.0,,,n/a
19304.940,,tinyllama:1.1b,run1_p13,110.79,60.0,,,n/a
19305.465,,tinyllama:1.1b,run1_p13,111.26,60.0,,,n/a
19305.991,,tinyllama:1.1b,run1_p13,111.10,60.0,,,n/a
19306.515,,tinyllama:1.1b,run1_p13,111.64,60.0,,,n/a
19307.039,,tinyllama:1.1b,run1_p13,112.75,60.0,,,n/a
19307.578,,tinyllama:1.1b,run1_p14,100.88,54.0,,,n/a
19308.104,,tinyllama:1.1b,run1_p14,94.04,60.0,,,n/a
19308.628,,tinyllama:1.1b,run1_p14,104.04,60.0,,,n/a
19309.152,,tinyllama:1.1b,run1_p14,109.44,60.0,,,n/a
19309.683,,tinyllama:1.1b,run2_p0,95.75,61.0,,,n/a
19310.237,,tinyllama:1.1b,run2_p1,78.46,59.0,,,n/a
19310.768,,tinyllama:1.1b,run2_p2,71.63,59.0,,,n/a
19311.303,,tinyllama:1.1b,run2_p3,57.95,56.0,,,n/a
19311.856,,tinyllama:1.1b,run2_p4,72.79,53.0,,,n/a
19312.391,,tinyllama:1.1b,run2_p5,71.19,51.0,,,n/a
19312.922,,tinyllama:1.1b,run2_p5,75.20,59.0,,,n/a
19313.468,,tinyllama:1.1b,run2_p6,89.04,54.0,,,n/a
19313.995,,tinyllama:1.1b,run2_p6,89.62,59.0,,,n/a
19314.519,,tinyllama:1.1b,run2_p6,105.33,60.0,,,n/a
19315.058,,tinyllama:1.1b,run2_p7,86.68,54.0,,,n/a
19315.585,,tinyllama:1.1b,run2_p7,80.75,58.0,,,n/a
19316.144,,tinyllama:1.1b,run2_p8,94.08,60.0,,,n/a
19316.669,,tinyllama:1.1b,run2_p8,93.85,60.0,,,n/a
19317.205,,tinyllama:1.1b,run2_p9,100.33,54.0,,,n/a
19317.754,,tinyllama:1.1b,run2_p10,98.61,60.0,,,n/a
19318.280,,tinyllama:1.1b,run2_p10,103.71,61.0,,,n/a
19318.813,,tinyllama:1.1b,run2_p10,106.03,61.0,,,n/a
19319.347,,tinyllama:1.1b,run2_p11,84.20,54.0,,,n/a
19319.880,,tinyllama:1.1b,run2_p11,78.16,59.0,,,n/a
19320.412,,tinyllama:1.1b,run2_p11,102.99,60.0,,,n/a
19320.956,,tinyllama:1.1b,run2_p11,106.82,60.0,,,n/a
19321.487,,tinyllama:1.1b,run2_p12,95.82,53.0,,,n/a
19322.013,,tinyllama:1.1b,run2_p12,91.04,60.0,,,n/a
19322.537,,tinyllama:1.1b,run2_p12,101.73,61.0,,,n/a
19323.061,,tinyllama:1.1b,run2_p12,108.34,61.0,,,n/a
19323.584,,tinyllama:1.1b,run2_p12,109.79,61.0,,,n/a
19324.117,,tinyllama:1.1b,run2_p13,90.21,56.0,,,n/a
19324.650,,tinyllama:1.1b,run2_p13,87.38,60.0,,,n/a
19325.176,,tinyllama:1.1b,run2_p13,107.46,61.0,,,n/a
19325.700,,tinyllama:1.1b,run2_p13,110.82,61.0,,,n/a
19326.223,,tinyllama:1.1b,run2_p13,112.25,62.0,,,n/a
19326.747,,tinyllama:1.1b,run2_p13,113.50,62.0,,,n/a
19327.274,,tinyllama:1.1b,run2_p13,114.24,62.0,,,n/a
19327.798,,tinyllama:1.1b,run2_p13,115.23,62.0,,,n/a
19328.327,,tinyllama:1.1b,run2_p13,115.43,62.0,,,n/a
19328.851,,tinyllama:1.1b,run2_p13,114.94,62.0,,,n/a
19329.377,,tinyllama:1.1b,run2_p13,116.01,63.0,,,n/a
19329.902,,tinyllama:1.1b,run2_p13,117.58,63.0,,,n/a
19330.426,,tinyllama:1.1b,run2_p13,118.11,63.0,,,n/a
19330.950,,tinyllama:1.1b,run2_p13,118.90,63.0,,,n/a
19331.481,,tinyllama:1.1b,run2_p14,98.17,63.0,,,n/a
19332.005,,tinyllama:1.1b,run2_p14,91.92,60.0,,,n/a
19332.528,,tinyllama:1.1b,run2_p14,109.28,62.0,,,n/a
19333.068,,tinyllama:1.1b,run3_p0,87.42,53.0,,,n/a
19333.606,,tinyllama:1.1b,run3_p1,50.45,52.0,,,n/a
19334.145,,tinyllama:1.1b,run3_p2,59.42,54.0,,,n/a
19334.677,,tinyllama:1.1b,run3_p3,81.06,61.0,,,n/a
19335.224,,tinyllama:1.1b,run3_p4,77.73,55.0,,,n/a
19335.755,,tinyllama:1.1b,run3_p5,70.93,60.0,,,n/a
19336.279,,tinyllama:1.1b,run3_p5,86.22,60.0,,,n/a
19336.807,,tinyllama:1.1b,run3_p6,75.38,54.0,,,n/a
19337.331,,tinyllama:1.1b,run3_p6,76.52,58.0,,,n/a
19337.871,,tinyllama:1.1b,run3_p7,94.86,61.0,,,n/a
19338.395,,tinyllama:1.1b,run3_p7,96.17,57.0,,,n/a
19338.933,,tinyllama:1.1b,run3_p8,93.71,54.0,,,n/a
19339.457,,tinyllama:1.1b,run3_p8,94.15,61.0,,,n/a
19339.981,,tinyllama:1.1b,run3_p8,104.63,61.0,,,n/a
19340.520,,tinyllama:1.1b,run3_p9,82.18,53.0,,,n/a
19341.043,,tinyllama:1.1b,run3_p9,78.71,60.0,,,n/a
19341.586,,tinyllama:1.1b,run3_p10,75.63,53.0,,,n/a
19342.111,,tinyllama:1.1b,run3_p10,75.99,59.0,,,n/a
19342.634,,tinyllama:1.1b,run3_p10,108.92,61.0,,,n/a
19343.158,,tinyllama:1.1b,run3_p10,112.30,61.0,,,n/a
19343.691,,tinyllama:1.1b,run3_p11,93.11,62.0,,,n/a
19344.214,,tinyllama:1.1b,run3_p11,91.30,57.0,,,n/a
19344.740,,tinyllama:1.1b,run3_p11,104.50,61.0,,,n/a
19345.263,,tinyllama:1.1b,run3_p11,111.86,62.0,,,n/a
19345.802,,tinyllama:1.1b,run3_p11,112.73,62.0,,,n/a
19346.342,,tinyllama:1.1b,run3_p12,77.61,53.0,,,n/a
19346.865,,tinyllama:1.1b,run3_p12,73.14,60.0,,,n/a
19347.389,,tinyllama:1.1b,run3_p12,108.10,61.0,,,n/a
19347.925,,tinyllama:1.1b,run3_p12,112.00,61.0,,,n/a
19348.473,,tinyllama:1.1b,run3_p12,112.24,62.0,,,n/a
19349.010,,tinyllama:1.1b,run3_p13,80.28,55.0,,,n/a
19349.534,,tinyllama:1.1b,run3_p13,72.57,57.0,,,n/a
19350.057,,tinyllama:1.1b,run3_p13,104.18,61.0,,,n/a
19350.580,,tinyllama:1.1b,run3_p13,111.96,61.0,,,n/a
19351.106,,tinyllama:1.1b,run3_p13,112.68,62.0,,,n/a
19351.640,,tinyllama:1.1b,run3_p13,111.26,61.0,,,n/a
19352.162,,tinyllama:1.1b,run3_p13,110.28,61.0,,,n/a
19352.691,,tinyllama:1.1b,run3_p14,86.84,54.0,,,n/a
19353.217,,tinyllama:1.1b,run3_p14,79.61,60.0,,,n/a
19353.742,,tinyllama:1.1b,run3_p14,103.59,61.0,,,n/a
19354.268,,tinyllama:1.1b,run3_p14,111.78,61.0,,,n/a
